:020000040810E2
:10000000809602245D041008F9031108E1EA100843
:1000100039FD1008F91D1008E13411080000000036
:100020000000000000000000000000007115110831
:10003000012A10080000000051111108D1191108FF
:100040007704100877041008770410087704100864
:100050007704100877041008770410087704100854
:10006000770410087704100877041008411E100860
:10007000511E1008611E1008711E1008811E100804
:10008000911E1008A11E10087704100877041008AC
:100090007704100877041008770410087704100814
:1000A0007704100877041008770410087704100804
:1000B00077041008D91C1108E91C110877041008EE
:1000C00077041008770410087704100877041008E4
:1000D0007704100899341108B1341108C934110893
:1000E0007704100877041008000000007704100857
:1000F000291D11087704100877041008B11E100894
:1001000077041008770410087704100877041008A3
:100110001922110831221108011D1108191D110899
:10012000C11E1008D11E1008E11E1008F11E100893
:10013000011F1008770410087704100877041008CE
:1001400000000000000000000000000000000000AF
:100150007704100877041008770410087704100853
:100160007704100877041008770410087704100843
:1001700077041008770410087704100800000000C6
:100180007704100877041008492211087704100832
:100190007704100877041008770410087704100813
:1001A0007704100877041008770410087704100803
:1001B00077041008770410087704100877041008F3
:1001C00077041008770410087704100877041008E3
:1001D00077041008770410087704100877041008D3
:1001E00077041008770410087704100877041008C3
:1001F00077041008770410087704100877041008B3
:1002000077041008770410087704100877041008A2
:100210007704100877041008C91C11087704100827
:100220007704100877041008770410080000000015
:100230007704100877041008000000007704100805
:100240007704100877041008770410087704100862
:100250007704100877041008770410087704100852
:100260007704100877041008770410087704100842
:1002700077041008770410087704100800000000C5
:1002800077041008770410087704100800000000B5
:10029000000000007704100800F002F800F0B4F845
:1002A0000AA090E8000C82448344AAF10107DA45D1
:1002B00001D100F0A9F8AFF2090EBAE80F0013F06F
:1002C000010F18BFFB1A43F00103184798F3010010
:1002D000B8F301000A444FF0000C10F8013B13F092
:1002E000070408BF10F8014B1D1108BF10F8015B8F
:1002F000641E05D010F8016B641E01F8016BF9D182
:1003000013F0080F1EBF10F8014BAD1C0C1B09D1D8
:100310006D1E58BF01F801CBFAD505E014F8016B4A
:1003200001F8016B6D1EF9D59142D6D370470000DC
:100330000023002400250026103A28BF78C1FBD8EE
:10034000520728BF30C148BF0B6070476E2900F0CC
:100350009F82702900F0F583662918F03E86652992
:1003600018F03B86672918F03886612918F037861F
:1003700003681B0A28BF41F08001692900F04C8204
:10038000642900F04982752900F046826F2900F047
:100390008383782900F0C183E92900F01D83E429D3
:1003A00000F01A83F52900F01783EF2900F080830D
:1003B000F82900F0C0830368DB0928BF41F0800101
:1003C000632901F0F780732901F0FC80E32901F033
:1003D0000781F32901F00C81002070471FB518F048
:1003E000EFFD00F014F901F061F904000020002194
:1003F00018F0D0FD401C60600020002118F0B4FD12
:10040000E0601FBD10B510BD01F022F91146FFF7E5
:10041000E5FF16F0E9F801F0FFF903B4FFF7F2FF8A
:1004200003BC15F03DFA00000B49D1F800C04A6842
:100430005CF8043B1068184442F8040B8C4528BF54
:10044000A1F1DC0C8A4228BFA1F1DC02C1F800C096
:100450004A6020F000407047EC390024094880478A
:1004600009480047FEE7FEE7FEE7FEE7FEE7FEE796
:10047000FEE7FEE7FEE7FEE704480549054A064BAE
:1004800070470000691B110899021008809002242F
:1004900080960224809202248092022453EA020C65
:1004A00000F069802DE9F04B4FF00006002B1FBFD4
:1004B000B3FA83F503FA05F424FA05F65E4012BF99
:1004C0001643B2FA82F502FA05F4C5F120051EBF03
:1004D00022FA05FC44EA0C04203556EA044C4FEAA3
:1004E000144418BF641C4FF000084FF000099042FC
:1004F00071EB030C39D3002919BFB1FA81F701FA66
:1005000007F6B0FA80F700FA07F6C7F120071EBF1A
:1005100020FA07FC46EA0C062037B6FBF4FCA7EBF2
:100520000507103F07F01F0BCBF120062CFA06F64B
:100530000CFA0BFB44BFB3460026202FA4BF5E4637
:100540004FF0000B5BEA060C08BF4FF0010B19EBF4
:100550000B0948EB0608ABFB027C06FB02CC0BFB4D
:1005600003CCC01B71EB0C01C1E70B4602464146B0
:100570004846BDE8F08B13B5084318BF4FF0FF3075
:100580000146AFF30080BDE81C4070470FB404493A
:1005900010B503AA029800F0AFF910BC5DF814FB87
:1005A000744102240FB41CB50C0007AA009007D0B8
:1005B0004142A14202D32044401E01E04FF0FF30EF
:1005C000074B7B4469460190069800F07AF90021B8
:1005D000002C01D0009A11701CBC5DF814FB0000C7
:1005E000230300000B4910B5A1F17C020A4CC2E9BB
:1005F0003712372106E000EB104342F82130074B59
:1006000000FB03400B1EA1F10101F4DC10BD012031
:10061000E8E700008C390024E119D666CD0D010011
:1006200010B5431C02E010F8011B71B18107FAD12B
:100630004FF0013202C88C1A8C4314EAC211F9D06F
:10064000C01A0A0603D0C01E10BDC01A10BD0A048D
:1006500001D0801E10BD0902FCD0401E10BD032A2F
:1006600040F2308010F0030C00F0158011F8013BCF
:10067000BCF1020F624498BF11F801CB00F8013BB6
:1006800038BF11F8013BA2F1040298BF00F801CB7A
:1006900038BF00F8013B11F0030300F02183083A52
:1006A000C0F0088051F8043B083A51F804CBA0E8A8
:1006B0000810F5E7121D5CBF51F8043B40F8043BFD
:1006C000AFF30080D20724BF11F8013B11F801CB32
:1006D00048BF11F8012B24BF00F8013B00F801CB03
:1006E00048BF00F8012B70474FF0000200B51346D9
:1006F00094469646203922BFA0E80C50A0E80C5042
:10070000B1F12001BFF4F7AF090728BFA0E80C50F2
:1007100048BF0CC05DF804EB890028BF40F8042BEB
:1007200008BF704748BF20F8022B11F0804F18BF58
:1007300000F8012B704770477047704710B500F004
:1007400001FB006810BD10B5044600F0FBFA046020
:1007500010BD70B5044685690068C10601D5302614
:1007600000E02026C00707D070BDD4E90121304643
:100770009047206A401C20626D1EF6D570BD70B592
:10078000044685690078C00707D170BDD4E901210E
:1007900020209047206A401C20626D1EF6D570BD57
:1007A00009684A0501D540B27047C905FCD500B2B9
:1007B000704709684A0501D5C0B27047C905FCD524
:1007C00080B2704770B50C460546012A05D02878DE
:1007D000800600D5EA69002302E0012305E05B1CE6
:1007E000934202D2E05C0028F9D1A869E618C01A49
:1007F000A861286A184428622846FFF7AAFF04E087
:10080000D5E9012114F8010B9047B442F8D32846EA
:10081000FFF7B5FF70BD00002DE9F041064600244A
:1008200010687529314616A510D0FFF7B9FF0028CA
:1008300002DA404213A507E031688A0701D512A504
:1008400002E0490704D511A5012401E0FFF7B1FF3B
:1008500000210A2206F1240709E0B0FBF2FCB0FBFC
:10086000F2F302FB1C00303078541846491C002873
:10087000F3D123462A463046BDE8F04100F0ABBA3A
:10088000000000002D0000002B00000020000000F0
:1008900011680268006A530501D508700AE0D305A3
:1008A00001D5088006E0130603D5C217C1E900028E
:1008B00000E008600120704701694A1C0261087865
:1008C000704700B58FB0CDE9013100210591054990
:1008D0007944CDE903101146684600F03DF90FB0A8
:1008E00000BD0000E5FFFFFFD1E900239A4202D2DC
:1008F000531C0B6010707047074B70B50D467B445E
:10090000FFF7DFFF0446284600F076FE10B14FF0F7
:10091000FF3070BD204670BDD75801002DE9FF5F44
:1009200015468A460446DFF8AC80F8440027D8E92B
:1009300000103E46CDE9001010E03AF816106A4665
:1009400002A800F05DFE411C07D02178890603D57E
:10095000E269391891420DD80744761C2078800648
:1009600002D5E069B84205DDAE42E6DB3AF8160092
:100970000028E2D1A069C01BA0612046FFF7E9FE74
:10098000D8E90010CDE90010002017E03AF818105F
:100990006A4602A800F034FEB0F1FF3F81460BD05A
:1009A00000250DF1080B05E0D4E901211BF8050035
:1009B00090476D1C4D45F7D308F10100B0428046C9
:1009C000E4DB206A384420622046FFF7D8FEBDE809
:1009D000FF9F0000B68601002DE9F0418046D21D40
:1009E00022F007020025D2E90002F52915A614D04D
:1009F000011E72F1000106DA0023D0EB030063EB65
:100A0000020211A608E0D8F800108B0701D50FA646
:100A100002E0490701D50EA601251146002408F180
:100A2000240704E000F092F930323A55641C50EA91
:100A30000102F7D12B46324621464046BDE8F0413F
:100A400000F0C9B9000000002D0000002B000000DC
:100A50002000000030B4002100F1240408E002F07E
:100A60000705D208303542EA4372DB086554491C59
:100A700052EA0305F3D10468002310A2250708D524
:100A800004F020040C4304D0C46901230CA2641EAA
:100A9000C46130BC00F09FB910B50446214610680F
:100AA000FFF787FE02462046BDE810400023D1E74D
:100AB000D21D22F00701D1E90023CBE7000000009E
:100AC00030000000F0B40D460188090502D5214C24
:100AD0007C4402E01F4C7C440E34002100F12406CB
:100AE00008E002F00F071209E75D42EA03721B09F2
:100AF0007754491C52EA0307F3D102780023120706
:100B000004D5702D06D009B1022311342246F0BC61
:100B100000F061B901231034F8E770B504460D46C2
:100B200021461068FFF745FE024629462046BDE8EB
:100B300070400023C6E7D21D22F00703D3E900234B
:100B4000C0E70368126843F0200303600823C36111
:100B50000023B7E7188501002DE9F05F89460446B8
:100B60004FF0000ADFF874B1FB44C0F820A0204623
:100B7000E1688847002874D0252806D0D4E90121EF
:100B80009047206A401C2062F1E700265F4620461D
:100B9000E16888472028054607DB312D05D2781902
:100BA00010F8200C08B10643F1E7B00701D526F094
:100BB0000406C4F81CA00027C4F818A02A2D09D0E8
:100BC000284618F0B5F938B304EB8708303DC8F86B
:100BD000185019E059F8041B204604EB8702916174
:100BE000E1688847012F054618D1E069002820DA1E
:100BF00026F020061DE0D8F8180000EB800005EB79
:100C000040003038C8F818002046E168884705469B
:100C100018F08EF90028EED1012F0AD02E2D08D120
:100C20002046E16888477F1C0546022F46F02006D3
:100C3000C4DBA069002803DA404246F00106A06147
:100C4000F00701D026F010066C2D0BD0682D09D0CE
:100C50004C2D39D06A2D35D0742D35D07A2D33D026
:100C600016E038E0E1682F4620468847B84205463E
:100C700009D16C2F26D04FF48060E16806432046EE
:100C80008847054604E06C2F1AD04FF48070064365
:100C90000DB3A5F14100192802D8203546F40066AD
:100CA0004A462946204626604E46FFF74FFB80B154
:100CB00001280BD0F61D26F0070000F1080956E7C1
:100CC0004020E4E78020D8E70020D6E706F10409B9
:100CD0004DE7284652E7206ABDE8F09FA88401004E
:100CE00010B5203AC0F00B80B1E81850A0E81850B9
:100CF000B1E81850A0E81850203ABFF4F5AF5FEA09
:100D0000027C24BFB1E81850A0E8185044BF18C9AD
:100D100018C0BDE810405FEA827C24BF51F8043B54
:100D200040F8043B08BF7047D20728BF31F8023BA8
:100D300048BF11F8012B28BF20F8023B48BF00F83C
:100D4000012B704700487047F439002430B5B0F1EA
:100D50000A0271F100034FEA900E4EEA817EB0EB79
:100D60000E0061EB91014FEA101E4EEA017E10EB7E
:100D70000E0041EB11114FEA102E4EEA016E10EBFE
:100D80000E0041EB11214FEA104E4EEA014E10EBDE
:100D90000E0041EB1141401841F100014FEAD00033
:100DA00040EA41704FEAD1014FEA810444EA90746D
:100DB00010EB800544EB01046D1944EB0404521B55
:100DC000A3414FF0000348BF0A3200D530BD401C9C
:100DD00041F1000130BD2DE9F0470D46994692469C
:100DE000044600F124080168880604D5E06921F072
:100DF0001001216000E00120A84201DD471B00E056
:100E00000027A1697A1902EB0900081AA06120786D
:100E1000C00602D42046FFF79CFC002608E0D4E977
:100E200001211AF806009047206A401C761C2062B7
:100E30004E45F4DB2078C0060AD52046FFF789FC32
:100E400006E0D4E9012130209047206A401C20624E
:100E5000381EA7F10107F4DC07E0D4E9012118F8F6
:100E600005009047206A401C2062281EA5F101055C
:100E7000F3DC2046FFF783FC2078000602D5022031
:100E8000BDE8F0870120FBE72DE9FF4F0C461E4629
:100E90004FF0FF378BB0D2E90001DDF860800A9097
:100EA0008A46C1F30A5505B93D46002108464FF070
:100EB0000000BAF1000F00F4400005DA00EB8000FA
:100EC0004FF4400101EA50004FEA9059B9F1010F87
:100ED00000DDB9460A9850EA4A000ED044F6105098
:100EE000A5F2FF3545432F14B8F1000F1ED075420F
:100EF000291E1EDDC9F100021CE0B8F1010F4FF000
:100F0000000001D0302103E0F24305E02154401CF1
:100F1000B042FBDB30460022002121540B99C1F87E
:100F20000880C1E900200FB0BDE8F08FBD1B6D1C2B
:100F3000DEE74A4600DA694206A800F0FBFB06AB92
:100F400093E8070003AB83E8070050460A9917F0BF
:100F5000BFF98DE80700A0F500501F3800900398F6
:100F6000002D0ADD42F21F014A460844002303A96E
:100F70000390684617F028FC09E0A0F500504A46A7
:100F80001F38002303A90390684617F032FC8DE850
:100F900007000004000C03D04FF0FF30410800E0D0
:100FA0001046B8F1000F03D00022009215461EE053
:100FB000751E05D4FFF7CAFE303262556D1EF9D595
:100FC000B3460122084302D000227F1C04E02078AF
:100FD000302801D100227F1E002A099784D01DE00D
:100FE000112D07DAFFF7B2FE303262556D1C50EA60
:100FF0000102F5D1084302D00098C8B10EE00021EB
:10100000681E05E0235C625C63542254401E491C48
:101010008142F7DBAB46A81B401E0990002004F874
:101020000B000B98099AC0F80880C0E9002B7AE7FA
:1010300011264FF0000857E72DE9F04F8846044687
:10104000D21D22F0070191B0D1E90001CDE90A01DA
:1010500017F006FD02460B98C00F01D02D2007E0C7
:101060002068810701D52B2002E0202101EAC00081
:10107000032A099001D0072A05DB03464146204692
:1010800000F018FB0BE12078800601D5E06900E054
:101090000620B8F1650F814606D0B8F1660F18D06A
:1010A000B8F1670F70D131E00020B9F1110F009055
:1010B00001DB112301E009F101030AAA01A90CA82F
:1010C000FFF7E2FEDDE90C70002609F10105834619
:1010D00047E001204B4600904FF000470AAA01A9C3
:1010E0000CA8FFF7D1FEDDE90DB00C995D46002696
:1010F00010B909F101000D18B9EB050003D4C0F1D6
:10110000FF3609F10105A5EB09002BE0B9F1010F4C
:1011100001DA4FF001090020B9F1110F00904846A3
:1011200001DD112300E003460AAA01A90CA8FFF77C
:10113000ABFEDDE90C704D460026834620780007A3
:101140000AD4AB4500DA5D4601A8012D04DD411942
:1011500011F8011C302907D04F4502DA17F1040FAE
:1011600004DA012082460FE06D1EEEE7002F02DC5C
:10117000ED1B3E4403E0781CA84200DD7D1CB81B3B
:1011800000F1010A4FF000472078000703D4AA4578
:1011900001DB4FF0FF3A0021B7F1004F0DF143089A
:1011A0008DF8431024D002202B23002F01DA7F4238
:1011B0002D230A21021EA0F1010000DC5FB197FB84
:1011C000F1FC97FBF1F201FB1C7C17460CF1300C93
:1011D00008F801CDEEE7A8F10100037021880905A8
:1011E00001D5452100E06521A0F1010800F8011CAE
:1011F00009980FA9A1EB0807FF1D00B101204119B3
:1012000001EBEA70A1693844081A401EA0612078F9
:10121000C00602D42046FFF79CFA099828B1D4E909
:1012200001219047206A401C20622078C00622D508
:101230002046FFF78EFA1EE0002E04DBB34502DDE8
:1012400001A8805D00E03020D4E901219047206AA8
:10125000401C2062761CAAF101005FEA000A0AD154
:1012600000F024FAC0680168405CD4E9012190478D
:10127000206A401C2062281EA5F10105DCDC07E085
:10128000D4E9012118F8010B9047206A401C206224
:10129000381EA7F10107F3DC2046FFF770FA0320A0
:1012A00011B041E62DE9F04F04460D46D21D22F063
:1012B000070089B0D0E900974846394617F0D0FBBF
:1012C0000246F80F01D02D2307E02068810701D5E1
:1012D0002B2302E0202101EAC0038DF820300BB15E
:1012E000012000E00020032A824601D0072A04DB07
:1012F0002946204600F0DEF93FE12078800601D43F
:101300000D2500E0E569C7F30A560D2D49DA0021E5
:101310004FEA175B08464FF00000002F00F4400032
:1013200007DA00EB80004FF4400100EBD07001EAD7
:1013300060008115012901DD4FF0FF3100224FEAE5
:10134000850CBCF1180F06D31346ACF118004FF012
:101350008052C24003E04FF4801323FA0CF30CF1E7
:101360000C0CBCF1200F04D3ACF1200C09FA0CF0EA
:1013700001E007FA0CF000294FF0004801DD18B930
:101380000FE00ED140450CD319EB02095F4121B9A2
:10139000404502D19F4329EA0209BBEB175F00D009
:1013A000761C2088000502D57B48784402E07A4804
:1013B0007844193808AA302302F80A30037C0AF16D
:1013C0000101002E0AF1020A53546A4602DC4FF072
:1013D000300101E04FF031014FF001088DF80010AD
:1013E00002D0A6F2FF3603E059EA470100D06B4E67
:1013F000002D02DC2178090704D54FF002082E21C8
:101400008DF80110C44600210BE0C7F303433F01F0
:10141000C35C491C6D1E02F80830052908F101085B
:1014200001DA002DF1DC00210CE000EB1973491CFE
:101430001B786D1E082902F808304FEA091908F1D7
:10144000010801DA002DF0DC21688B0602D516E0D8
:10145000A8F10108E04505DD02EB080313F8013CA3
:10146000302BF5D0B8F1000F09DD02EB080313F8BB
:10147000013C2E2B03D1090701D4A8F10108002D4E
:1014800005DD3E2102F808106D1E08F10108407CC0
:10149000002E02F8080008F1010804DA2D20764237
:1014A00002F8080002E02B2002F808000A214FF49D
:1014B0007A70864208F101080BDB96FBF0F33033BB
:1014C00002F8083096FBF0F308F1010800FB136600
:1014D00001E0642E0CDB642096FBF0F3303302F85D
:1014E000083096FBF0F308F1010800FB136601E0F9
:1014F0000A2E06DB96FBF1F0303002F8080008F106
:10150000010896FBF1F001FB1060303002F8080092
:10151000A16908F1010808EB050202EB0A00081AAC
:10152000A0612078C00602D42046FFF712F9216A94
:1015300008AE01EB0A00206204E0D4E9012116F8AC
:10154000010B9047BAF1010AF7D22078C00602D504
:101550002046FFF7FEF86E4609E016F8010B3E281C
:101560000FD0D4E901219047206A401C2062B8F1D5
:101570000108F2D22046FFF702F909B00320BDE8C6
:10158000F08F206A2844206203E0D4E90121302052
:1015900090476D1EEBD3F8E72D7D010002FCFFFFA5
:1015A00010B5436913B1AFF3008001E0FFF70AF90A
:1015B000012010BD127800F124010A7000224A7047
:1015C0000122EDE711684FF0FF32E9E710B54369FA
:1015D00013B1AFF3008001E0FFF7A0F9012010BDC7
:1015E000128800F1240182840022C2840122EDE7E6
:1015F00011684FF0FF32E9E7007B00F08000704790
:101600002DE9F04116460C46054600F047F8036800
:1016100093F80101012807D0FF2C12D8185D80B182
:1016200001202C70BDE8F081D3F807013246214635
:1016300003F20713C7182846BC46BDE8F041002353
:1016400060474FF0FF30EDE700487047F439002461
:101650007546FFF7F9FFAE4605006946534620F090
:101660000700854618B020B5FEF706FFBDE820400C
:101670004FF000064FF000074FF000084FF0000B4E
:10168000AC46ACE8C009ACE8C009ACE8C009ACE8BD
:10169000C00921F007018D467047000010B500F029
:1016A00005F8001D10BD00BFED780100004870472F
:1016B000143A00242DE9F0411F4604460326016830
:1016C000072A01F4006004DB08B116A505E016A5A1
:1016D00003E008B115A500E015A521F01000206079
:1016E000A069C01EA0610FB1401EA0612046FFF797
:1016F00030F84FB1D4E9012138469047206A401CA8
:101700002062C01C206206E0206AFAE7D4E90121C9
:1017100015F8010B9047761EF8D22046FFF72FF8F8
:10172000BDE8F0814E414E006E616E00494E4600AC
:10173000696E66002DE9F047814616468AB0354845
:1017400078440DC88DE80D0032487844801C03AC05
:101750000DC884E80D0041F69B300844372190FB0A
:10176000F1F290FBF1F5A5F1800501FB12041B3CA1
:1017700002D56442012000E00020DFF898A08046F6
:101780000027FA44AAF1BE0A0EE0E0070AD032466A
:10179000684607EB470101230AEB810117F029F89E
:1017A0008DE8070064107F1C002CEED1194F7F4498
:1017B000AE3F19E0E80715D007EB04100DF1180A49
:1017C00090E80E008AE80E00C068F04201D1981936
:1017D00008903246012306A903A817F00AF803ABC4
:1017E00083E807006D10641C002DE3D14FF0010366
:1017F00032466946B8F1000F03A802D016F0E4FFA4
:1018000001E016F0F6FFC9E90001C9F808200AB0A6
:10181000BDE8F087287A010010B50446AFF30080D8
:101820002046BDE81040FEF7F8BD000000000000B3
:1018300030B44FF0013C50F8042BCCFA52F451F87C
:10184000043BD51A20D1FCB950F8042BCCFA52F441
:1018500051F8043BD51A17D1B4B950F8042BCCFA7F
:1018600052F451F8043BD51A0ED16CB950F8042B40
:10187000CCFA52F451F8043BD51A05D1002CDAD039
:1018800030BC4FF00000704729BAB1FA81F111F075
:101890001801D1F120008440F2D1CA40CB4012F0AF
:1018A000FF0213F0FF0330BCD01A704700000000A5
:1018B00080B584B003900398006842F20001C4F23E
:1018C0000201884209D0FFE70398006842F2001144
:1018D000C4F20201884209D1FFE742F20830C4F2A3
:1018E0000200006810F4403F09D129E046F20830B8
:1018F000C5F60200006810F4403F21D0FFE709F070
:1019000007FF0290039840680190B0F5803F0AD02D
:10191000FFE70198B0F5003F05D0FFE70198B0F56B
:10192000403F07D00AE00398C1880298B0FBF1F06D
:10193000029004E002988008029000E0FFE75FE078
:101940004FF40020002107F047FC02900398406804
:101950000090B0F5802F32D0FFE70098B0F5002F4F
:101960002DD0FFE70098B0F5402F28D0FFE7009872
:10197000B0F5801F23D0FFE70098B0F5A01F1ED060
:10198000FFE70098B0F5C01F19D0FFE70098B0F549
:10199000E01F1FD0FFE70098B0F5001F1ED0FFE743
:1019A0000098B0F5101F1DD0FFE70098B0F5201F7C
:1019B0001CD0FFE70098B0F5301F1BD01EE0039845
:1019C00041686FF0010000EA51410298B0FBF1F06C
:1019D000029014E002980009029010E00298400979
:1019E00002900CE002988009029008E00298C00979
:1019F000029004E00298000A029000E0FFE7FFE78F
:101A000006F012FE41F20301884217D8FFE7029860
:101A100042F60151C0F23111884207D3FFE7039823
:101A20000168886840F48070886006E00398016867
:101A3000886820F480708860FFE743E002984008DF
:101A40000290029845F61061C0F25F01884209D801
:101A5000FFE703980068806820F4407003990968E4
:101A600088602EE002984BF62041C0F2BE01884209
:101A70000AD8FFE7039800688068012161F3092014
:101A80000399096888601BE0029847F64001C0F29C
:101A90007D1188420AD8FFE7039800688068022118
:101AA00061F3092003990968886008E003980068D9
:101AB000806840F44070039909688860FFE7FFE799
:101AC000FFE7FFE704B080BD80B582B001900198C8
:101AD000806B00900098406D10F0500F4AD1FFE7E6
:101AE0000099486D40F400704865009800680068EF
:101AF0000007002821D5FFE7009800680DF09CF949
:101B0000D0B1FFE700980068C0688004002812D4B4
:101B1000FFE70099486D20F4807048650098406D9B
:101B2000C004002806D4FFE70099486D40F001008A
:101B30004865FFE7FFE7FFE718E000980068C06826
:101B4000800790B9FFE70099486D20F480704865E0
:101B50000098406DC004002806D4FFE70099486D46
:101B600040F001004865FFE7FFE7FFE7009802F05B
:101B7000E7FB10E00098406DC006002804D5FFE7A1
:101B8000009802F0E5FB05E00098C06CC16C01987C
:101B90008847FFE7FFE702B080BD000000000000BB
:101BA00080B582B001900198806B00900099486DDB
:101BB00040F0400048650099886D40F00400886559
:101BC000009802F0C5FB02B080BD000000000000DC
:101BD00080B582B001900198806B0090009802F06F
:101BE000B3FB02B080BD000080B586B004900498BD
:101BF00000680DF0F9F8002840F09280FFE70498A3
:101C0000006880683F21C8F2000108420ED0FFE75B
:101C10000499486D40F0100048650499886D40F0C3
:101C20000100886501208DF817007DE004980068A8
:101C30000DF09AF806F000FD039004980168012069
:101C400042F20002C4F20202914201900CD0FFE77E
:101C5000049800684DF60071CBF6FD710844B0FAA7
:101C600080F040090190FFE70198C10746F200307B
:101C7000C5F6020000291CBF42F20030C4F2020087
:101C80000DF09AF802900498006842F20011C4F234
:101C90000201884206D1FFE742F20000C4F20200CE
:101CA000009003E0049800680090FFE70098049912
:101CB0000968884203D0FFE7029880BBFFE7FFE78F
:101CC000049800680068C00740BBFFE704980068FC
:101CD0000DF08AF828B9FFE7049800680DF044F881
:101CE000FFE706F0A9FC0399401A032815D3FFE784
:101CF000049800680068C00770B9FFE70499486D50
:101D000040F0100048650499886D40F00100886536
:101D100001208DF8170007E0FFE7D1E7FFE7FFE7B5
:101D200000208DF81700FFE79DF8170006B080BD72
:101D300080B582B04FF26450C0F61100FEF726FC69
:101D400000200190FFE7019840F67031C2F2004197
:101D50000968884242DAFFE74FF27550C0F6110079
:101D6000FEF714FC00200090FFE700980C2819DC17
:101D7000FFE70198C0EBC00140F67830C2F20040A6
:101D800000EB8100009900EB4100B0F902104FF226
:101D90006C50C0F61100FEF7F9FBFFE70098013028
:101DA0000090E2E70198C0EBC00140F67830C2F243
:101DB000004000EB8100B0F91C104FF27150C0F6EA
:101DC0001100FEF7E3FB4FF25E50C0F61100FEF784
:101DD000DDFBFFE7019801300190B4E74FF2685056
:101DE000C0F61100FEF7D2FB02B080BD000000007B
:101DF0007047000000000000FFE7FEE70000000061
:101E000082B00190ADF802100020ADF80000FFE7AD
:101E1000BDF80200411EADF8021050B1FFE7019875
:101E2000411C01910178BDF800000844ADF80000A4
:101E3000EEE7BDF8000002B07047000000000000AF
:101E400080B544F21060C2F2024003F021FE80BD72
:101E500080B544F28860C2F2024003F019FE80BDF2
:101E600080B544F20070C2F2024003F011FE80BD62
:101E700080B544F27870C2F2024003F009FE80BDE2
:101E800080B544F2F070C2F2024003F001FE80BD62
:101E900080B544F66800C2F2024003F0F9FD80BD4F
:101EA00080B544F24030C2F2024003F0F1FD80BD43
:101EB00080B544F2B830C2F2024003F0E9FD80BDC3
:101EC00080B544F23040C2F2024003F0E1FD80BD33
:101ED00080B544F2A840C2F2024003F0D9FD80BDB3
:101EE00080B544F22050C2F2024003F0D1FD80BD23
:101EF00080B544F29850C2F2024003F0C9FD80BDA3
:101F000080B544F2C820C2F2024003F0C1FD80BD9A
:101F100083B002900298016801201022C4F20202EC
:101F20009142009000F0A380FFE702980168012031
:101F30002822C4F202029142009000F09880FFE74C
:101F40000298016801204022C4F2020291420090EE
:101F500000F08D80FFE70298016801205822C4F24A
:101F600002029142009000F08280FFE7029801682F
:101F700001207022C4F202029142009077D0FFE764
:101F80000298016801208822C4F202029142009066
:101F90006DD0FFE7029801680120A022C4F202027E
:101FA0009142009063D0FFE7029801680120B822B7
:101FB000C4F202029142009059D0FFE702980168F2
:101FC000012040F21042C4F20202914200904ED031
:101FD000FFE702980168012040F22842C4F20202A1
:101FE0009142009043D0FFE702980168012040F23F
:101FF0004042C4F202029142009038D0FFE70298BA
:102000000168012040F25842C4F20202914200905D
:102010002DD0FFE702980168012040F27042C4F21F
:1020200002029142009022D0FFE70298016801204D
:1020300040F28842C4F202029142009017D0FFE7BA
:1020400002980168012040F2A042C4F202029142CB
:1020500000900CD0FFE7029800684FF64831CBF6AD
:10206000FD710844B0FA80F040090090FFE7009845
:10207000C00740B3FFE70298007810384AF6AB215A
:10208000CAF6AA21A0FB011000090190019800F0F6
:10209000070149F22020C0F61100405C0299C86592
:1020A0000198042807D3FFE702990868042262F325
:1020B0000900886506E00299086840F2FF32904303
:1020C0008865FFE705E00299086820F0FF00886551
:1020D000FFE70298806D03B0704700000000000029
:1020E00084B0039003980068019003980168012070
:1020F00045F20842C5F60202914200904ED0FFE739
:1021000003980168012045F21C42C5F60202914283
:10211000009043D0FFE703980168012045F2304268
:10212000C5F602029142009038D0FFE7039801689B
:10213000012045F24442C5F60202914200902DD0A2
:10214000FFE703980168012045F25842C5F60202F4
:102150009142009022D0FFE703980168012045F2E8
:102160006C42C5F602029142009017D0FFE7039837
:102170000168012045F28042C5F6020291420090BA
:102180000CD0FFE7039800684AF66C31CAF2FD7183
:102190000844B0FA80F040090090FFE70098C007BB
:1021A00010B3FFE70398007808384CF6CD41CCF621
:1021B000CC41A0FB011000090290029945F60000F5
:1021C000C5F6020000EB810003990866039945F605
:1021D0008000C5F602004866029800F01F01012049
:1021E00088400399886635E00398007810384AF6ED
:1021F000AB21CAF6AA21A0FB0110000902900198A8
:1022000040F2B841C4F2020188420CD8FFE70198BD
:1022100040F21041C4F20201884204D3FFE7029861
:1022200008300290FFE7029940F60000C4F2020075
:1022300000EB810003990866039940F68000C4F220
:1022400002004866029800F01F01012088400399AF
:102250008866FFE704B0704783B002900298007967
:1022600001900198002800F08A80FFE70198082873
:1022700000F28580FFE702980168012045F20842DC
:10228000C5F60202914200904ED0FFE70298016825
:10229000012045F21C42C5F602029142009043D053
:1022A000FFE702980168012045F23042C5F60202BC
:1022B0009142009038D0FFE702980168012045F272
:1022C0004442C5F60202914200902DD0FFE70298E9
:1022D0000168012045F25842C5F602029142009081
:1022E00022D0FFE702980168012045F26C42C5F652
:1022F00002029142009017D0FFE702980168012086
:1023000045F28042C5F60202914200900CD0FFE7F0
:10231000029800684AF66C31CAF2FD710844B0FABE
:1023200080F040090090FFE70098C00780B1FFE708
:10233000019945F6FC00C5F6020000EB8100029908
:10234000C866029945F64010C5F6020008670FE01E
:10235000019940F6FC00C4F2020000EB81000299F2
:10236000C866029940F64010C4F202000867FFE711
:102370000198411E0120884002994867FFE703B099
:10238000704700000000000085B0049000208DF828
:102390000F000498806918BBFFE70498806A0290D8
:1023A00003281BD80299DFE801F0020D02180498F7
:1023B00090F82F00C00720B1FFE701208DF80F0033
:1023C000FFE70CE00498C06AB0F1C07F04D1FFE7DA
:1023D00001208DF80F00FFE701E000E0FFE747E094
:1023E00004988069B0F5005F26D1FFE70498806A01
:1023F000019003281ED80199DFE801F002060211BE
:1024000001208DF80F0016E0049890F82F00C00707
:1024100020B1FFE701208DF80F00FFE70BE00498E3
:10242000C06AB0F1C07F04D1FFE701208DF80F0032
:10243000FFE700E0FFE71AE00498806A00900328B5
:1024400004D3FFE70098032804D00EE001208DF8A4
:102450000F000BE0049890F82F00C00720B1FFE7B1
:1024600001208DF80F00FFE700E0FFE7FFE7FFE73F
:102470009DF80F0005B0704789B00890079106924B
:1024800005930898806D04900898806D03900898D3
:10249000016801201022C4F202029142029000F071
:1024A0000381FFE70898016801202822C4F2020294
:1024B0009142029000F0F880FFE70898016801203F
:1024C0004022C4F202029142029000F0ED80FFE748
:1024D0000898016801205822C4F202029142029039
:1024E00000F0E280FFE70898016801207022C4F242
:1024F00002029142029000F0D780FFE7089801683D
:1025000001208822C4F202029142029000F0CC80A5
:10251000FFE7089801680120A022C4F2020291425C
:10252000029000F0C180FFE7089801680120B822FE
:10253000C4F202029142029000F0B680FFE70898D0
:102540000168012040F21042C4F20202914202905E
:1025500000F0AA80FFE708980168012040F22842B5
:10256000C4F202029142029000F09E80FFE70898B8
:102570000168012040F24042C4F2020291420290FE
:1025800000F09280FFE708980168012040F258426D
:10259000C4F202029142029000F08680FFE70898A0
:1025A0000168012040F27042C4F20202914202909E
:1025B0007AD0FFE708980168012040F28842C4F20F
:1025C0000202914202906FD0FFE708980168012053
:1025D00040F2A042C4F202029142029064D0FFE7AE
:1025E00008980168012040F2B842C4F20202914208
:1025F000029059D0FFE708980168012045F208428F
:10260000C5F60202914202904ED0FFE70898016899
:10261000012045F21C42C5F602029142029043D0CD
:10262000FFE708980168012045F23042C5F6020232
:102630009142029038D0FFE708980168012045F2E6
:102640004442C5F60202914202902DD0FFE708985D
:102650000168012045F25842C5F6020291420290FB
:1026600022D0FFE708980168012045F26C42C5F6C8
:1026700002029142029017D0FFE7089801680120FA
:1026800045F28042C5F60202914202900CD0FFE76B
:10269000089800684AF66C31CAF2FD710844B0FA35
:1026A00080F040090290FFE70298C00770B1FFE791
:1026B0000898416E806E48600898C06E28B1FFE7A8
:1026C0000898016F406F4860FFE7FFE708980168CE
:1026D00001201022C4F202029142019000F0A38076
:1026E000FFE70898016801202822C4F20202914203
:1026F000019000F09880FFE70898016801204022CF
:10270000C4F202029142019000F08D80FFE7089828
:10271000016801205822C4F202029142019000F0A7
:102720008280FFE70898016801207022C4F202024B
:102730009142019077D0FFE7089801680120882234
:10274000C4F20202914201906DD0FFE7089801683F
:102750000120A022C4F202029142019063D0FFE75F
:10276000089801680120B822C4F202029142019047
:1027700059D0FFE708980168012040F21042C4F2E6
:102780000202914201904ED0FFE7089801680120B3
:1027900040F22842C4F202029142019043D0FFE786
:1027A00008980168012040F24042C4F202029142BE
:1027B000019038D0FFE708980168012040F25842A4
:1027C000C4F20202914201902DD0FFE708980168FF
:1027D000012040F27042C4F202029142019022D0E4
:1027E000FFE708980168012040F28842C4F2020223
:1027F0009142019017D0FFE708980168012040F24C
:10280000A042C4F20202914201900CD0FFE7089866
:1028100000684FF64831CBF6FD710844B0FA80F0FD
:1028200040090190FFE70198C00750B3FFE70898FF
:10283000C06D00F01F013F2088400499886008980F
:102840000168086820F480200860059808990968E4
:10285000486008988068402809D1FFE706980899E1
:1028600009688860079808990968C86008E00798AF
:10287000089909688860069808990968C860FFE7A0
:1028800082E008980168012045F20842C5F602027C
:10289000914200904ED0FFE708980168012045F270
:1028A0001C42C5F602029142009043D0FFE708980F
:1028B0000168012045F23042C5F6020291420090C3
:1028C00038D0FFE708980168012045F24442C5F678
:1028D0000202914200902DD0FFE708980168012084
:1028E00045F25842C5F602029142009022D0FFE71D
:1028F00008980168012045F26C42C5F60202914237
:10290000009017D0FFE708980168012045F2804247
:10291000C5F60202914200900CD0FFE708980068CB
:102920004AF66C31CAF2FD710844B0FA80F04009F1
:102930000090FFE70098C00720B3FFE70898C06D3C
:1029400000F01F010120884003994860059808990C
:102950000968486008988068402809D1FFE7069810
:10296000089909688860079808990968C86008E0AC
:102970000798089909688860069808990968C860E6
:10298000FFE700E0FFE7FFE709B070470000000045
:1029900080B586B08DF817009DF81700C007B0B15C
:1029A000FFE741F20000C5F6020003900121049107
:1029B000002205F021FE02200FF08EFB0398049AFE
:1029C000114605F019FE3C200FF086FB15E041F2A0
:1029D0000000C5F60200019001210291002205F0DD
:1029E0000BFE3C200FF078FB0198029A114605F08F
:1029F00003FE02200FF070FBFFE706B080BD000071
:102A0000704700000000000081B0EFF3108072B644
:102A10000090FFE7FEE7000080B588B08DF81F004A
:102A200006910592049300208DF80F008DF80E009A
:102A30009DF81F0001460191012804D0FFE701988D
:102A4000022806D00BE043F6E040C2F202400290BA
:102A500006E044F2A000C2F20240029000E0FFE76C
:102A60000299FF200872029948720299FE2088722A
:102A700002992720C87202998320087302992A209C
:102A800048730299062088739DF81F0000EB8000B0
:102A900004380299C8730698008802990874069849
:102AA00040780299487405980088029988740598BE
:102AB00040780299C87404980088029908750498AF
:102AC0004078029948759DF81F0000EB800003389C
:102AD00002998875069840880299C8750698C0784A
:102AE0000299087605984088029948760598C0783A
:102AF00002998876049840880299C8760498C0782C
:102B0000029908779DF81F0000EB800002380299B7
:102B100048770698808802998877069840790299C4
:102B2000C87705988088029981F820000598407937
:102B3000029981F8210004988088029981F8220086
:102B400004984079029981F823009DF81F0000EB5A
:102B500080000138029981F824000698C088029903
:102B600081F825000698C079029981F82600059819
:102B7000C088029981F827000598C079029981F8E8
:102B800028000498C088029981F829000498C07927
:102B9000029981F82A009DF81F0000EB800002993D
:102BA00081F82B0006980089029981F82C0006987C
:102BB000407A029981F82D0005980089029981F8E0
:102BC0002E000598407A029981F82F000498008918
:102BD000029981F830000498407A029981F8310016
:102BE00000208DF80E0002208DF80F00FFE79DF801
:102BF0000F00292811DCFFE702989DF80F10084408
:102C0000017A9DF80E0008448DF80E00FFE79DF84C
:102C10000F0001308DF80F00E9E79DF80E00C0436A
:102C20008DF80E009DF80E00029981F8320002988E
:102C30000068D0F88800202807D1FFE7029951F8F2
:102C4000080B2B220BF0C0FEFFE708B080BD000090
:102C500080B586B005900491039200208DF80B009A
:102C60008DF80A0044F20001C2F202410191019A7A
:102C7000FF211172019A5172019AFE219172019AFB
:102C80000B21D172019B83221A73019B2A225A7352
:102C9000019B06229A73019AD17305990988019ABA
:102CA000117405994978019A517404990988019A17
:102CB000917404994978019AD17403990988019A09
:102CC000117503994978019A51758DF80A0002200F
:102CD0008DF80B00FFE79DF80B000D2811DCFFE7D6
:102CE00001989DF80B100844017A9DF80A000844E9
:102CF0008DF80A00FFE79DF80B0001308DF80B00FE
:102D0000E9E79DF80A00C0438DF80A009DF80A0023
:102D10000199887501980068D0F88800202807D1AB
:102D2000FFE7019951F8080B0F220BF04DFEFFE76A
:102D300006B080BD0000000080B582B08DF80700AD
:102D400000208DF806008DF805009DF80700013879
:102D5000014600910B2844D80099DFE801F00606EF
:102D60000610101A1A1A24242E3843F6B021C2F283
:102D7000004143F68050C2F20240086032E043F660
:102D8000B021C2F2004143F62060C2F20240086066
:102D900028E043F6B021C2F2004143F6C060C2F21F
:102DA000024008601EE043F6B021C2F2004143F643
:102DB0006070C2F20240086014E043F6B021C2F233
:102DC000004144F20000C2F2024008600AE043F60B
:102DD000B021C2F2004143F64040C2F20240086016
:102DE00000E0FFE743F6B021C2F200410A68FF208D
:102DF00010720A6850729DF807000A6890720A689B
:102E00000420D0720A68022010730B6838225A73AB
:102E10000A680A21917300218DF805108DF80600CB
:102E2000FFE79DF80600062815DCFFE743F6B02013
:102E3000C2F2004000689DF806100844017A9DF82F
:102E4000050008448DF80500FFE79DF806000130F5
:102E50008DF80600E5E79DF80500C0438DF80500F4
:102E60009DF8051043F6B020C2F200400268D1730D
:102E700000680068D0F8880020280BD1FFE743F6EF
:102E8000B020C2F20040016851F8080B08220BF094
:102E90009BFDFFE702B080BD80B586B08DF81700BE
:102EA0008DF816108DF81520049300208DF80F0072
:102EB0008DF80E009DF817000138014601910B288E
:102EC0002CD80199DFE801F00606060C0C1212124C
:102ED00018181E2443F68050C2F2024002901EE0F1
:102EE00043F62060C2F20240029018E043F6C06050
:102EF000C2F20240029012E043F66070C2F2024059
:102F000002900CE044F20000C2F20240029006E09F
:102F100043F64040C2F20240029000E0FFE702990F
:102F2000FF200872029948729DF817000299887272
:102F30009DF8150003300299C872029903200873A6
:102F40009DF81600029948739DF81500012838D1A4
:102F5000FFE704980299887300208DF80E00022084
:102F60008DF80F00FFE79DF80F00062811DCFFE742
:102F700002989DF80F100844017A9DF80E0008444D
:102F80008DF80E00FFE79DF80F0001308DF80F005F
:102F9000E9E79DF80E00C0438DF80E009DF80E0085
:102FA0000299C87302980068D0F88800202807D1D9
:102FB000FFE7029951F8080B08220BF005FDFFE727
:102FC00041E09DF8150002283CD1FFE704980299E2
:102FD00088730498000A0299C87300208DF80E00C7
:102FE00002208DF80F00FFE79DF80F00072811DC85
:102FF000FFE702989DF80F100844017A9DF80E0033
:1030000008448DF80E00FFE79DF80F0001308DF8A1
:103010000F00E9E79DF80E00C0438DF80E009DF803
:103020000E000299087402980068D0F888002028E1
:1030300007D1FFE7029951F8080B09220BF0C4FCF5
:10304000FFE7FFE7FFE706B080BD000000000000DB
:1030500083B00290019100929DF80400C00790B1E6
:10306000FFE742F20C01C5F20021086820F4E66097
:1030700008600098029A40EA02200A68104340F073
:1030800084000860FFE79DF804008007002812D53F
:10309000FFE742F20C11C5F20021086820F4E66057
:1030A00008600098029A40EA02200A68104340F043
:1030B00084000860FFE703B07047000000000000D4
:1030C00082B001900091009800F00300032821D104
:1030D000FFE742F20C02C5F20022106820F0300037
:1030E000106042F20C11C5F20021086820F0300097
:1030F0000860019B106818431060019A086810432B
:10310000086042F21801C5F20021086840F0100082
:1031100008602DE09DF80000C00788B1FFE742F28B
:103120000C01C5F20021086820F030000860019A07
:10313000086810430860086840F088000860FFE7EE
:103140009DF800008007002811D5FFE742F20C111E
:10315000C5F20021086820F030000860019A086874
:1031600010430860086840F088000860FFE7FFE748
:1031700002B070470000000080B584B00390029157
:10318000019200200090FFE70098019988420FD239
:10319000FFE7039810F044FA0299009A41F82200E0
:1031A000039804300390FFE7009801300090EBE7AC
:1031B00004B080BD0000000080B588B00690059185
:1031C000042004900020039005F036FA0290059840
:1031D000022805D1FFE70420C8F200000490FFE7B1
:1031E000FFE704990F20C1F6EF70084088420DD127
:1031F000FFE742F21000C5F2002000680499084081
:10320000401AB0FA80F0400901900EE042F210102E
:10321000C5F200200068049921F000410840401ADE
:10322000B0FA80F040090190FFE70198A8B1FFE7EC
:103230000698013080B1FFE705F0FEF90299401AC7
:103240000699884203D8FFE7069820B9FFE70320D4
:103250008DF81F0071E0FFE7C3E7059801280BD147
:10326000FFE742F21000C5F2002000680021C1F221
:10327000EE71084003900CE042F21010C5F20020FD
:10328000006840F000400021C9F2EE710840039050
:10329000FFE70398400020B3FFE7039A44F68461F8
:1032A000C2F2024188691043886103990F20C1F678
:1032B000EF700840884207D1FFE7039842F21401FB
:1032C000C5F20021086008E0039820F0004042F2B7
:1032D0001411C5F200210860FFE701208DF81F00DE
:1032E0002BE00598012812D1FFE742F21000C5F249
:1032F00000200068C003002808D5FFE742F214014F
:10330000C5F200214FF480300860FFE711E042F27F
:103310001010C5F200200068C003002808D5FFE7A0
:1033200042F21411C5F200214FF480300860FFE72B
:10333000FFE700208DF81F00FFE79DF81F0008B091
:1033400080BD00000000000080B58CB00A9009919B
:103350000892002002900A98B0F1006F05D3FFE7B1
:103360000A98B0F1026F04D3FFE701208DF82F0017
:10337000EFE09DF82000400720B1FFE701208DF825
:103380002F00E6E09DF82800C00620B1FFE70120ED
:103390008DF82F00DDE00898C008029004F0E0FEF0
:1033A0008DF807009DF8070028B1FFE79DF807009A
:1033B0008DF82F00CDE00A9800F178400490049831
:1033C000400C07900498C0F34B1006900698C0F587
:1033D0008050059002980599884203D8FFE702982B
:1033E0000590FFE7FFE707994FF0006000EB4140D1
:1033F00043F6B421C2F200414FF40042FFF7BCFE95
:1034000000200390FFE703980599B0EBC10F13D29A
:10341000FFE70699039800EBC10143F6B420C2F21E
:10342000004050F82100013008B1FFE704E0FFE759
:10343000039801300390E6E703980599B0EBC10FBC
:1034400040D2FFE707994FF0006000EB414010F0D9
:103450004BF800200390FFE703980599B0EBC10FEC
:1034600012D2FFE70998039950F82100069A01EB60
:10347000C20243F6B421C2F2004141F82200FFE744
:10348000039801300390E7E700200390FFE70399DA
:103490000020B0EB113F14D1FFE707984004039AD6
:1034A00000EB421000F1006043F6B421C2F200418B
:1034B00001EB421110F070F8FFE703980130039020
:1034C000E5E716E000200390FFE70398059988429E
:1034D0000ED2FFE70A98039A00EB4210099901EB1C
:1034E000421110F059F8FFE7039801300390ECE720
:1034F000FFE702980599884201D1FFE720E007988D
:1035000001300790002006900599099800EB4110C2
:10351000099005990A9800EB41100A9005990298C4
:10352000401A02900298B0F5805F04D9FFE74FF48B
:103530008050059002E002980590FFE7FFE752E710
:1035400004F02AFD8DF807009DF807008DF82F0084
:10355000FFE79DF82F000CB080BD000000000000C8
:1035600082B000900098B0F1006F05D3FFE700989B
:10357000B0F1026F03D3FFE70A200190C7E0009883
:10358000000D802860D8FFE700984FF6FE71C0F666
:103590000101884203D8FFE700200190B7E00098BE
:1035A0004FF6FE71C0F60301884203D8FFE7012001
:1035B0000190ACE000984FF6FE71C0F6050188421C
:1035C00003D8FFE702200190A1E000984FF6FE71BA
:1035D000C0F60701884203D8FFE70320019096E078
:1035E00000984FF6FE71C0F60901884203D8FFE744
:1035F000042001908BE000984FF6FE71C0F60B019D
:10360000884203D8FFE70520019080E000984FF63C
:10361000FE71C0F60D01884203D8FFE70620019035
:1036200075E000984FF6FE71C0F60F01884203D88E
:10363000FFE7072001906AE0FFE7FFE7FFE7FFE70A
:10364000FFE7FFE7FFE75FE000984FF6FE71C0F687
:103650001101884203D8FFE70020019057E000984D
:103660004FF6FE71C0F61301884203D8FFE7012030
:1036700001904CE000984FF6FE71C0F615018842AB
:1036800003D8FFE70220019041E000984FF6FE7159
:10369000C0F61701884203D8FFE70320019036E007
:1036A00000984FF6FE71C0F61901884203D8FFE773
:1036B000042001902BE000984FF6FE71C0F61B012C
:1036C000884203D8FFE70520019020E000984FF6DC
:1036D000FE71C0F61D01884203D8FFE70620019065
:1036E00015E000984FF6FE71C0F61F01884203D81E
:1036F000FFE7072001900AE0FFE7FFE7FFE7FFE7AA
:10370000FFE7FFE7FFE7FFE70A200190FFE70198E7
:1037100002B070470000000044F24010C2F20240C4
:10372000007A70470000000081B044F6CC70C2F20D
:1037300002400078042804D1FFE701208DF803003F
:1037400003E000208DF80300FFE79DF8030001B0BF
:10375000704700000000000081B044F6CC70C2F257
:1037600002400078012804D1FFE701208DF8030012
:1037700017E044F6CC70C2F202400078022808D06C
:10378000FFE744F6CC70C2F202400078032804D16F
:10379000FFE702208DF8030003E003208DF803000B
:1037A000FFE79DF8030001B0704700000000000033
:1037B00083B002A800900020029001208DF807003D
:1037C000FFE79DF807000C2832DCFFE700989DF822
:1037D000071001EB810243F60A31C2F2024101EB0C
:1037E0008201498900EE101AB8EEC00A90ED001A65
:1037F000B4EE410AF1EE10FA13DBFFE700989DF8F2
:10380000071001EB810243F60A31C2F2024101EBDB
:103810008201498900EE101AB8EE400A80ED000AD4
:10382000FFE7FFE79DF8070001308DF80700C8E7C4
:10383000009890ED000ABDEEC00A10EE100A03B029
:10384000704700000000000081B040F20000C2F2AA
:10385000004000781B2804D1FFE701208DF8030009
:1038600003E002208DF80300FFE79DF8030001B09C
:10387000704700000000000080B5A6B0249023919E
:1038800000208DF88B002398006808B1FFE7FFE760
:10389000FFE7249890F85000012804D1FFE70220A8
:1038A0008DF897002DE12499012081F85000FFE761
:1038B000FFE700201D901E902498006842F200014E
:1038C000C4F20201884206D1FFE742F20010C4F2BE
:1038D0000200089002E000200890FFE7089878B9FD
:1038E000FFE72499486D40F020004865FFE72499E0
:1038F000002081F85000FFE701208DF8970000E1DB
:1039000008980BF091FA0790249800680BF08CFA55
:10391000002840F0E280FFE70798002840F0DD80B3
:10392000FFE724980168012042F20002C4F202027B
:10393000914206900CD0FFE7249800684DF6007184
:10394000CBF6FD710844B0FA80F040090690FFE71D
:103950000698C10746F20030C5F6020000291CBFD8
:1039600042F20030C4F2020021902398006800283F
:103970005ED0FFE72198806820F440402399496891
:1039800008432199886024980168012042F20002CE
:10399000C4F20202914205900CD0FFE7249800681F
:1039A0004DF60071CBF6FD710844B0FA80F0400985
:1039B0000590FFE70598C10746F20030C5F6020002
:1039C00000291CBF42F20030C4F2020042F2003172
:1039D000C4F20201884212D1FFE742F20000C4F2B1
:1039E00002000BF009FA039042F20010C4F2020048
:1039F0000BF002FA014603980843049007E046F2F0
:103A00000000C5F602000BF0F7F90490FFE70498F8
:103A100068B9FFE72198806840F61F718843239AB0
:103A2000116892681143084321998860FFE753E0C9
:103A30002199886820F4404088602498016801201A
:103A400042F20002C4F20202914202900CD0FFE75F
:103A5000249800684DF60071CBF6FD710844B0FA69
:103A600080F040090290FFE70298C10746F200305B
:103A7000C5F6020000291CBF42F20030C4F2020069
:103A800042F20031C4F20201884212D1FFE742F251
:103A90000000C4F202000BF0AFF9009042F20010F7
:103AA000C4F202000BF0A8F9014600980843019007
:103AB00007E046F20000C5F602000BF09DF9019008
:103AC000FFE7019838B9FFE72199886840F61F722F
:103AD00090438860FFE7FFE708E02499486D40F0D5
:103AE0002000486501208DF88B00FFE7FFE724994F
:103AF000002081F85000FFE79DF88B008DF89700BB
:103B0000FFE79DF8970026B080BD00000000000090
:103B100080B5B0B01E901D9100208DF873001990F3
:103B20001E9890F83800012801D1FFE700E0FFE778
:103B30001D98C0680021C4F2FF71884201D0FFE7E0
:103B40001EE01E98006842F20001C4F202018842A1
:103B500001D1FFE7FFE71E98006842F20011C4F2AE
:103B60000201884201D1FFE7FFE71E98006846F294
:103B70000001C5F60201884201D1FFE7FFE7FFE738
:103B8000FFE71E9890F85000012804D1FFE70220BB
:103B90008DF87F00CDE31E99012081F85000FFE7EA
:103BA000FFE71E9800680BF037F9002840F0AD835E
:103BB000FFE71D98C078000600282DD4FFE71D9868
:103BC0000068000330B9FFE71D980068C0F3846007
:103BD000169015E01D98006890FAA0F02E902E988F
:103BE00020B9FFE720208DF8BF0005E02E98B0FA3D
:103BF00080F08DF8BF00FFE79DF8BF001690FFE74B
:103C0000169800F01F01012000FA01F21E980168C9
:103C1000C8691043C861FFE71E9800681D990A68CB
:103C200049680BF025F91E9800680BF0F5F818901C
:103C30001E9800680BF0C8F817901898002840F0FC
:103C4000B580FFE71798002840F0B080FFE71E9886
:103C500000681D9A116892680BF03AF941F2000071
:103C6000C5F60040006800F07040B0F1805F0BD1F5
:103C7000FFE71D9840691E990968C96801F01C0199
:103C80004908884015901FE01E980068C068C0066B
:103C900000280BD4FFE71D9840691E990968C96880
:103CA00001F01C014908884014900AE01D98406901
:103CB0001E990968C96801F01001490888401490EC
:103CC000FFE714981590FFE715981B901D98006961
:103CD000042821D0FFE71E9800681D990A68096929
:103CE0001B9B0BF061F91E9800681D9A1169527EAA
:103CF000013AB2FA82F25209D2070BF071F91E981A
:103D000000681D9A1169127E013AB2FA82F25209D4
:103D1000D2020BF035F948E01E980068006E00F002
:103D2000F8401D990968B0EB816F07D1FFE71E9835
:103D30000168086E20F000400866FFE71E980068E2
:103D4000406E00F0F8401D990968B0EB816F07D113
:103D5000FFE71E980168486E20F000404866FFE7C4
:103D60001E980068806E00F0F8401D990968B0EB5D
:103D7000816F07D1FFE71E980168886E20F0004030
:103D80008866FFE71E980068C06E00F0F8401D9935
:103D90000968B0EB816F07D1FFE71E980168C86E14
:103DA00020F00040C866FFE7FFE7FFE71E980068C5
:103DB0000BF01AF8002840F0A782FFE71E98006871
:103DC0001D9A1168D2680BF09FF81D98C0680021F9
:103DD000C4F2FF71884240F03381FFE71E9800680B
:103DE00013901D980068000330B9FFE71D98006824
:103DF000C0F38460129015E01D98006890FAA0F05E
:103E00002C902C9820B9FFE720208DF8B70005E012
:103E10002C98B0FA80F08DF8B700FFE79DF8B70056
:103E20001290FFE71298013000F01F0009287DD89A
:103E3000FFE71D980068000330B9FFE71D98006890
:103E4000C0F38460119015E01D98006890FAA0F00E
:103E50002A902A9820B9FFE720208DF8AF0005E0CE
:103E60002A98B0FA80F08DF8AF00FFE79DF8AF0018
:103E70001190FFE71198013000F01F0080061090AC
:103E80001D980068000330B9FFE71D980068C0F373
:103E900084600F9015E01D98006890FAA0F02890BB
:103EA000289820B9FFE720208DF8A70005E0289882
:103EB000B0FA80F08DF8A700FFE79DF8A7000F90FB
:103EC000FFE710980F99013101F01F020121914085
:103ED00008430E901D980068000330B9FFE71D9855
:103EE0000068C0F384600D9015E01D98006890FA9A
:103EF000A0F02690269820B9FFE720208DF89F009B
:103F000005E02698B0FA80F08DF89F00FFE79DF855
:103F10009F000D90FFE70E980D99013101F01F01F0
:103F200001EB410140EA01500C9082E01D980068CD
:103F3000000330B9FFE71D980068C0F384600B9060
:103F400015E01D98006890FAA0F02490249820B9FC
:103F5000FFE720208DF8970005E02498B0FA80F064
:103F60008DF89700FFE79DF897000B90FFE70B98FF
:103F7000013000F01F0080060A901D9800680003C1
:103F800030B9FFE71D980068C0F38460099015E020
:103F90001D98006890FAA0F02290229820B9FFE7BF
:103FA00020208DF88F0005E02298B0FA80F08DF87F
:103FB0008F00FFE79DF88F000990FFE70A980999A5
:103FC000013101F01F0201219140084308901D9822
:103FD0000068000330B9FFE71D980068C0F38460F3
:103FE000079015E01D98006890FAA0F020902098A6
:103FF00020B9FFE720208DF8870005E02098B0FA6F
:1040000080F08DF88700FFE79DF887000790FFE7B5
:1040100008990798013000F01F0000EB40020020D3
:10402000CFF6206000EB0250084340F000700C9087
:10403000FFE713980C991D9A92680AF049FFFFE771
:104040001D98C0780006002840F15D81FFE71E98AA
:104050000168012042F20002C4F20202914206907D
:104060000CD0FFE71E9800684DF60071CBF6FD718D
:104070000844B0FA80F040090690FFE70698C107AF
:1040800046F20030C5F6020000291CBF42F20030A3
:10409000C4F202000AF088FE1A901E9801684FF0E0
:1040A000010042F20002C4F20202914205900CD0DB
:1040B000FFE71E9800684DF60071CBF6FD710844CD
:1040C000B0FA80F040090590FFE70598C10746F275
:1040D0000030C5F6020000291CBF42F20030C4F2D5
:1040E000020042F20031C4F20201884212D1FFE71D
:1040F00042F20000C4F202000AF076FE039042F29F
:104100000010C4F202000AF06FFE01460398084353
:10411000049007E046F20000C5F602000AF064FED3
:104120000490FFE70498002840F0E380FFE71D9823
:1041300000680021CCF68431884255D1FFE79DF814
:104140006A00000600284FD4FFE71E98006846F278
:104150000001C5F60201884245D1FFE71E980168BB
:10416000012042F20002C4F20202914202900CD0FD
:10417000FFE71E9800684DF60071CBF6FD7108440C
:10418000B0FA80F040090290FFE70298C10746F2BA
:104190000030C5F6020000291CBF42F20030C4F214
:1041A00002001A9941F400010AF0DAFE40F6683084
:1041B000C2F2004000684FEA901042F66351C0F22C
:1041C0003E51A0FB01104FEA90114FF0020000EBAE
:1041D00041001990FFE7199820B1FFE719980138BD
:1041E0001990F8E7FFE783E01D9800680021CCF202
:1041F0005271884238D1FFE79DF86B00C00798BB29
:10420000FFE71E98006846F20001C5F602018842E9
:1042100029D1FFE71E980168012042F20002C4F292
:104220000202914201900CD0FFE71E9800684DF603
:104230000071CBF6FD710844B0FA80F0400901909E
:10424000FFE70198C10746F20030C5F602000029D9
:104250001CBF42F20030C4F202001A9941F0807192
:104260000AF07EFEFFE742E01D9800680021CCF6D0
:10427000B871884239D1FFE79DF86A0040060028EE
:1042800033D4FFE71E98006846F20001C5F602012C
:10429000884229D1FFE71E980168012042F20002FE
:1042A000C4F20202914200900CD0FFE71E98006811
:1042B0004DF60071CBF6FD710844B0FA80F040096C
:1042C0000090FFE70098C10746F20030C5F60200F3
:1042D00000291CBF42F20030C4F202001A9941F4D6
:1042E00080010AF03DFEFFE700E0FFE7FFE7FFE7A0
:1042F00008E01E99486D40F02000486501208DF8C7
:104300007300FFE7FFE7FFE708E01E99486D40F004
:104310002000486501208DF87300FFE7FFE71E9934
:10432000002081F85000FFE79DF873008DF87F00B2
:10433000FFE79DF87F0030B080BD00000000000066
:1043400081B0009001B0704781B0009001B070471B
:1043500081B0009001B0704710B58CB00A90002079
:104360008DF8270006900A9820B9FFE701208DF804
:104370002F00D1E10A98C06838B1FFE70A98007FA2
:10438000012801D1FFE7FFE7FFE70A98406D50B928
:10439000FFE70A9800F0C4F90A99002088650A9995
:1043A00081F85000FFE70A9800680AF015FD28B16F
:1043B000FFE70A9800680AF0CBFCFFE70A9800685C
:1043C0000AF022FDE8B9FFE70A9800680AF0DCFC71
:1043D00040F66830C2F200400068800942F663513E
:1043E000C0F23E51A0FB0101012000EB91100690AC
:1043F000FFE7069820B1FFE7069801380690F8E736
:10440000FFE70A9800680AF0FFFC70B9FFE70A9915
:10441000486D40F0100048650A99886D40F0010031
:10442000886501208DF82700FFE70A9800680AF0E8
:10443000F3FC07900A98406DC006002800F15E81E9
:10444000FFE70798002840F05981FFE70A98406D80
:1044500040F0020020F480700A9948650A980068CC
:104460000AF0C2FC002870D1FFE70A980168012019
:1044700042F20002C4F20202914203900CD0FFE724
:104480000A9800684DF60071CBF6FD710844B0FA49
:1044900080F040090390FFE70398C10746F200301F
:1044A000C5F6020000291CBF42F20030C4F202002F
:1044B00042F20031C4F20201884212D1FFE742F217
:1044C0000000C4F202000AF08FFC019042F20010DA
:1044D000C4F202000AF088FC0146019808430290E9
:1044E00007E046F20000C5F602000AF07DFC0290EB
:1044F000FFE7029840BBFFE70A980168012042F2FB
:104500000002C4F20202914200900CD0FFE70A9828
:1045100000684DF60071CBF6FD710844B0FA80F0EA
:1045200040090090FFE70098C10746F20030C5F649
:10453000020000291CBF42F20030C4F202000A99B6
:1045400049680AF0FDFCFFE7FFE704F06DF841F26F
:104550000401884213D3FFE70A98806810280ED11F
:10456000FFE70A994A7D086B40EA42308A681043A7
:10457000097F40EA014040F00C0008900BE00A99E6
:104580004A7D086B40EA42308A681043097F40EA5E
:1045900001400890FFE70A98007F01280BD1FFE750
:1045A0000A98016A0020CFF6FE7000EB414108989E
:1045B00008430890FFE70A98406A50B1FFE70A995C
:1045C000486A896A00F478700143089808430890A3
:1045D000FFE70A980068C0684CF20301CFF6F0715B
:1045E0000840089908430A990968C8600A98006851
:1045F0000AF012FC05900A9800680AF0E5FB0490A6
:104600000598002859D1FFE70498002855D1FFE705
:104610000A98017DC06A40EA813008900A980068D3
:10462000C06844F203018843089908430A9909685D
:10463000C8600A9890F83800012829D1FFE70A9845
:10464000406A20B1FFE70A98806A08B9FFE7FFE7F0
:104650000A98006800694FF61E01CFF6004100EA93
:1046600001020A9B1968DC6BD3F840E0D3F844C020
:104670000020CFF6FF7000EB044040EA0E0040EA55
:104680000C009B6C1843104340F00100086106E0E9
:104690000A980168086920F001000861FFE70A989C
:1046A0000068006920F070400A9A1168526B10434C
:1046B00008610A98FDF7FCF8FFE70A98C06801282E
:1046C0000CD1FFE70A980068006B20F00F000A9AEF
:1046D00011689269013A1043086306E00A9801687C
:1046E000086B20F00F000863FFE70A98406D40F068
:1046F000010020F002000A99486508E00A99486D17
:1047000040F01000486501208DF82700FFE79DF874
:1047100027008DF82F00FFE79DF82F000CB010BD8B
:1047200080B5BEB03D9000203C903B903A903990CF
:10473000389008A8C021FBF7D7FF3D98006842F2E7
:104740000001C4F20201884240F09480FFE700209B
:1047500009904FF40021089102210A910C220B923A
:104760000C920D910E91C0210F912021109111906A
:10477000319008A805F058FB18B1FFE7FEF744F99F
:10478000FFE7FFE744F2D840C5F60200016841F0B8
:1047900020010160006800F0200007900798FFE703
:1047A000FFE744F2E040C5F60200016841F0040171
:1047B0000160006800F0040006900698FFE7FFE73C
:1047C00044F2E040C5F60200016841F002010160D8
:1047D000006800F0020005900598FFE7102038906F
:1047E000032001903990002003903A9040F6000099
:1047F000C5F6020038A9029103F002FD019A029960
:1048000003980223389339923A9040F20040C5F65B
:10481000020003F0F5FC039944F2C820C2F2024002
:10482000049040F27042C4F2020202600922426027
:104830008160C1604FF4806202614FF400624261A6
:104840004FF4005282614FF48072C2610162416292
:1048500002F0FEF918B1FFE7FEF7D6F8FFE7FFE731
:104860003D9844F2C821C2F20241C1643D98886378
:10487000FFE7FFE73EB080BD80B588B006900591A8
:10488000049206980168012042F20002C4F202027A
:10489000914201900CD0FFE7069800684DF6007138
:1048A000CBF6FD710844B0FA80F040090190FFE7B3
:1048B0000198C10746F20030C5F6020000291CBF6E
:1048C00042F20030C4F202000AF076FA0290069832
:1048D00000680AF0A1FA002840F0AF80FFE7FFE788
:1048E000069890F85000012804D1FFE702208DF8C7
:1048F0001F00ABE00699012081F85000FFE7FFE7B9
:10490000029848B1FFE70298052805D0FFE7029812
:10491000092840F08780FFE70698FDF765F98DF8D4
:104920000F009DF80F00002874D1FFE70698406D36
:1049300040F4807040F60161884306994865069806
:10494000006842F20011C4F20201884206D1FFE77A
:1049500042F20000C4F20200009003E006980068F2
:104960000090FFE7009806990968884203D0FFE7A6
:10497000029830B9FFE70699486D20F48010486529
:10498000FFE70698406DC004002806D5FFE70699AA
:10499000886D20F00600886503E006990020886590
:1049A000FFE70698C16C41F6C920C0F61000C86345
:1049B0000698C16C41F6D130C0F610000864069824
:1049C000C16C41F6A130C0F61000C86406980168B9
:1049D0001C200860FFE70699002081F85000FFE7DF
:1049E00006980168486840F0100048600699086819
:1049F000C96A0AF02DFA06980168C06C4031059A20
:104A0000049B02F0D9FD8DF80F00069800680AF0AB
:104A10004FFA06E0FFE70699002081F85000FFE713
:104A2000FFE709E001208DF80F00FFE7069900205D
:104A300081F85000FFE7FFE703E002208DF80F0048
:104A4000FFE79DF80F008DF81F00FFE79DF81F009E
:104A500008B080BD0000000080B58AB0089003F067
:104A6000EBFD0490089828B9FFE701208DF8270096
:104A700000F0AABC089890F8350002280ED0FFE795
:104A8000089980204865FFE70899002081F83400E4
:104A9000FFE701208DF8270000F096BC0898016818
:104AA00001201022C4F202029142039000F0A38080
:104AB000FFE70898016801202822C4F2020291420F
:104AC000039000F09880FFE70898016801204022D9
:104AD000C4F202029142039000F08D80FFE7089833
:104AE000016801205822C4F202029142039000F0B2
:104AF0008280FFE70898016801207022C4F2020258
:104B00009142039077D0FFE708980168012088223E
:104B1000C4F20202914203906DD0FFE70898016849
:104B20000120A022C4F202029142039063D0FFE769
:104B3000089801680120B822C4F202029142039051
:104B400059D0FFE708980168012040F21042C4F2F2
:104B50000202914203904ED0FFE7089801680120BD
:104B600040F22842C4F202029142039043D0FFE790
:104B700008980168012040F24042C4F202029142CA
:104B8000039038D0FFE708980168012040F25842AE
:104B9000C4F20202914203902DD0FFE70898016809
:104BA000012040F27042C4F202029142039022D0EE
:104BB000FFE708980168012040F28842C4F202022F
:104BC0009142039017D0FFE708980168012040F256
:104BD000A042C4F20202914203900CD0FFE7089871
:104BE00000684FF64831CBF6FD710844B0FA80F00A
:104BF00040090390FFE70398C00780B1FFE70898DA
:104C00000168086820F01E0008600898016848697B
:104C100020F08000486108980068059009E0089835
:104C20000168086820F00E00086008980068059088
:104C3000FFE70898016801201022C4F202029142A5
:104C4000029000F00381FFE7089801680120282204
:104C5000C4F202029142029000F0F880FFE7089847
:104C6000016801204022C4F202029142029000F049
:104C7000ED80FFE70898016801205822C4F2020283
:104C80009142029000F0E280FFE70898016801205D
:104C90007022C4F202029142029000F0D780FFE736
:104CA0000898016801208822C4F202029142029011
:104CB00000F0CC80FFE7089801680120A022C4F230
:104CC00002029142029000F0C180FFE7089801685B
:104CD0000120B822C4F202029142029000F0B68094
:104CE000FFE708980168012040F21042C4F2020276
:104CF0009142029000F0AA80FFE708980168012025
:104D000040F22842C4F202029142029000F09E80DA
:104D1000FFE708980168012040F24042C4F2020215
:104D20009142029000F09280FFE70898016801200C
:104D300040F25842C4F202029142029000F0868092
:104D4000FFE708980168012040F27042C4F20202B5
:104D5000914202907AD0FFE708980168012040F262
:104D60008842C4F20202914202906FD0FFE7089895
:104D70000168012040F2A042C4F202029142029076
:104D800064D0FFE708980168012040F2B842C4F2FD
:104D900002029142029059D0FFE708980168012071
:104DA00045F20842C5F60202914202904ED0FFE75A
:104DB00008980168012045F21C42C5F602029142A2
:104DC000029043D0FFE708980168012045F2304285
:104DD000C5F602029142029038D0FFE708980168B8
:104DE000012045F24442C5F60202914202902DD0C4
:104DF000FFE708980168012045F25842C5F6020213
:104E00009142029022D0FFE708980168012045F204
:104E10006C42C5F602029142029017D0FFE7089853
:104E20000168012045F28042C5F6020291420290DB
:104E30000CD0FFE7089800684AF66C31CAF2FD71A1
:104E40000844B0FA80F040090290FFE70298C007DA
:104E500038B1FFE70898016E086820F48070086098
:104E6000FFE7089800681021C4F20201884200F0B0
:104E70008180FFE7089800682821C4F20201884277
:104E800078D0FFE7089800684021C4F20201884208
:104E900070D0FFE7089800685821C4F202018842E8
:104EA00068D0FFE7089800687021C4F202018842C8
:104EB00060D0FFE7089800688821C4F202018842A8
:104EC00058D0FFE708980068A021C4F20201884288
:104ED00050D0FFE708980068B821C4F20201884268
:104EE00048D0FFE70898006840F21041C4F2020180
:104EF00088423FD0FFE70898006840F22841C4F29A
:104F00000201884236D0FFE70898006840F240412D
:104F1000C4F2020188422DD0FFE70898006840F2F1
:104F20005841C4F20201884224D0FFE70898006883
:104F300040F27041C4F2020188421BD0FFE708989A
:104F4000006840F28841C4F20201884212D0FFE7B3
:104F50000898006840F2A041C4F20201884209D0DA
:104F6000FFE70898006840F2B841C4F202018842A5
:104F700007D1FFE708980168086820F00100086081
:104F800006E008980168086820F001000860FFE763
:104F9000FFE705980068C007C8B1FFE703F04CFBC6
:104FA0000499401A062811D3FFE708992020486584
:104FB0000899032081F83500FFE70899002081F85F
:104FC0003400FFE701208DF82700FDE1E1E70898B4
:104FD000016801201022C4F202029142019000F007
:104FE000A380FFE70898016801202822C4F202028A
:104FF0009142019000F09880FFE708980168012035
:105000004022C4F202029142019000F08D80FFE73D
:105010000898016801205822C4F2020291420190CE
:1050200000F08280FFE70898016801207022C4F236
:1050300002029142019077D0FFE7089801680120B1
:105040008822C4F20202914201906DD0FFE70898D5
:1050500001680120A022C4F202029142019063D0B3
:10506000FFE7089801680120B822C4F202029142C9
:10507000019059D0FFE708980168012040F21042E2
:10508000C4F20202914201904ED0FFE708980168F5
:10509000012040F22842C4F202029142019043D022
:1050A000FFE708980168012040F24042C4F2020282
:1050B0009142019038D0FFE708980168012040F242
:1050C0005842C4F20202914201902DD0FFE70898A5
:1050D0000168012040F27042C4F202029142019044
:1050E00022D0FFE708980168012040F28842C4F20C
:1050F00002029142019017D0FFE708980168012051
:1051000040F2A042C4F20202914201900CD0FFE7AB
:10511000089800684FF64831CBF6FD710844B0FAA4
:1051200080F040090190FFE70198C00760B1FFE7F8
:105130000898806D07900898C06D00F01F013F200F
:105140008840079988600BE00898806D0690089861
:10515000C06D00F01F010120884006994860FFE7FC
:105160000898016801201022C4F2020291420090C6
:1051700000F00381FFE70898016801202822C4F2AB
:1051800002029142009000F0F880FFE70898016861
:1051900001204022C4F202029142009000F0ED8012
:1051A000FFE70898016801205822C4F202029142E8
:1051B000009000F0E280FFE708980168012070226B
:1051C000C4F202029142009000F0D780FFE70898F5
:1051D000016801208822C4F202029142009000F08E
:1051E000CC80FFE7089801680120A022C4F20202E7
:1051F0009142009000F0C180FFE70898016801200B
:10520000B822C4F202029142009000F0B680FFE79B
:1052100008980168012040F21042C4F20202914253
:10522000009000F0AA80FFE708980168012040F292
:105230002842C4F202029142009000F09E80FFE7F3
:1052400008980168012040F24042C4F202029142F3
:10525000009000F09280FFE708980168012040F27A
:105260005842C4F202029142009000F08680FFE7AB
:1052700008980168012040F27042C4F20202914293
:1052800000907AD0FFE708980168012040F2884238
:10529000C4F20202914200906FD0FFE708980168C3
:1052A000012040F2A042C4F202029142009064D078
:1052B000FFE708980168012040F2B842C4F20202F8
:1052C0009142009059D0FFE708980168012045F20B
:1052D0000842C5F60202914200904ED0FFE70898BE
:1052E0000168012045F21C42C5F60202914200907D
:1052F00043D0FFE708980168012045F23042C5F627
:1053000002029142009038D0FFE70898016801201E
:1053100045F24442C5F60202914200902DD0FFE7CB
:1053200008980168012045F25842C5F602029142F0
:10533000009022D0FFE708980168012045F26C42F6
:10534000C5F602029142009017D0FFE70898016865
:10535000012045F28042C5F60202914200900CD035
:10536000FFE7089800684AF66C31CAF2FD710844FC
:10537000B0FA80F040090090FFE70098C007A0B1A4
:10538000FFE70898416E806E48600898C06E58B17B
:10539000FFE70898C16E086820F4807008600898DC
:1053A000016F406F4860FFE7FFE70899012081F82F
:1053B0003500FFE70899002081F83400FFE7FFE798
:1053C00000208DF82700FFE79DF827000AB080BD78
:1053D00080B586B00490049820B9FFE701208DF8CD
:1053E000170046E3049890F83500022807D0FFE73D
:1053F00004998020486501208DF8170039E304984E
:10540000016801201022C4F202029142029000F0D1
:10541000A380FFE70498016801202822C4F2020259
:105420009142029000F09880FFE704980168012003
:105430004022C4F202029142029000F08D80FFE708
:105440000498016801205822C4F20202914202909D
:1054500000F08280FFE70498016801207022C4F206
:1054600002029142029077D0FFE704980168012080
:105470008822C4F20202914202906DD0FFE70498A4
:1054800001680120A022C4F202029142029063D07E
:10549000FFE7049801680120B822C4F20202914299
:1054A000029059D0FFE704980168012040F21042B1
:1054B000C4F20202914202904ED0FFE704980168C4
:1054C000012040F22842C4F202029142029043D0ED
:1054D000FFE704980168012040F24042C4F2020252
:1054E0009142029038D0FFE704980168012040F211
:1054F0005842C4F20202914202902DD0FFE7049874
:105500000168012040F27042C4F20202914202900E
:1055100022D0FFE704980168012040F28842C4F2DB
:1055200002029142029017D0FFE70498016801201F
:1055300040F2A042C4F20202914202900CD0FFE776
:10554000049800684FF64831CBF6FD710844B0FA74
:1055500080F040090290FFE70298C007002800F0A1
:105560009D80FFE70499042081F8350004980068C5
:105570001021C4F20201884200F08180FFE7049804
:1055800000682821C4F20201884278D0FFE704981D
:1055900000684021C4F20201884270D0FFE70498FD
:1055A00000685821C4F20201884268D0FFE70498DD
:1055B00000687021C4F20201884260D0FFE70498BD
:1055C00000688821C4F20201884258D0FFE704989D
:1055D0000068A021C4F20201884250D0FFE704987D
:1055E0000068B821C4F20201884248D0FFE704985D
:1055F000006840F21041C4F2020188423FD0FFE748
:105600000498006840F22841C4F20201884236D072
:10561000FFE70498006840F24041C4F2020188426A
:105620002DD0FFE70498006840F25841C4F202010F
:10563000884224D0FFE70498006840F27041C4F229
:10564000020188421BD0FFE70498006840F28841BD
:10565000C4F20201884212D0FFE70498006840F2C9
:10566000A041C4F20201884209D0FFE70498006813
:1056700040F2B841C4F20201884207D1FFE7049822
:105680000168086820F00100086006E004980168DD
:10569000086820F001000860FFE7E5E10498016870
:1056A000086820F00E000860049800681021C4F219
:1056B0000201884200F08180FFE7049800682821F9
:1056C000C4F20201884278D0FFE7049800684021C4
:1056D000C4F20201884270D0FFE7049800685821A4
:1056E000C4F20201884268D0FFE704980068702184
:1056F000C4F20201884260D0FFE704980068882164
:10570000C4F20201884258D0FFE704980068A02143
:10571000C4F20201884250D0FFE704980068B82123
:10572000C4F20201884248D0FFE70498006840F2C2
:105730001041C4F2020188423FD0FFE7049800689C
:1057400040F22841C4F20201884236D0FFE70498B3
:10575000006840F24041C4F2020188422DD0FFE7C8
:105760000498006840F25841C4F20201884224D0F3
:10577000FFE70498006840F27041C4F202018842D9
:105780001BD0FFE70498006840F28841C4F2020190
:10579000884212D0FFE70498006840F2A041C4F2AA
:1057A0000201884209D0FFE70498006840F2B8413E
:1057B000C4F20201884207D1FFE704980168086833
:1057C00020F00100086006E004980168086820F0F5
:1057D00001000860FFE70498016801201022C4F26C
:1057E00002029142019000F00381FFE704980168F2
:1057F00001202822C4F202029142019000F0F880B8
:10580000FFE70498016801204022C4F2020291429D
:10581000019000F0ED80FFE7049801680120582214
:10582000C4F202029142019000F0E280FFE7049886
:10583000016801207022C4F202029142019000F03E
:10584000D780FFE70498016801208822C4F2020291
:105850009142019000F0CC80FFE70498016801209C
:10586000A022C4F202029142019000F0C180FFE741
:10587000049801680120B822C4F20202914201900A
:1058800000F0B680FFE704980168012040F2104262
:10589000C4F202029142019000F0AA80FFE704984E
:1058A0000168012040F22842C4F2020291420190B4
:1058B00000F09E80FFE704980168012040F240421A
:1058C000C4F202029142019000F09280FFE7049836
:1058D0000168012040F25842C4F202029142019054
:1058E00000F08680FFE704980168012040F27042D2
:1058F000C4F20202914201907AD0FFE70498016855
:10590000012040F28842C4F20202914201906FD01D
:10591000FFE704980168012040F2A042C4F20202AD
:105920009142019064D0FFE704980168012040F2A1
:10593000B842C4F202029142019059D0FFE70498A4
:105940000168012045F20842C5F602029142019029
:105950004ED0FFE704980168012045F21C42C5F6CD
:1059600002029142019043D0FFE7049801680120B0
:1059700045F23042C5F602029142019038D0FFE76D
:1059800004980168012045F24442C5F602029142A2
:1059900001902DD0FFE704980168012045F258429C
:1059A000C5F602029142019022D0FFE704980168F7
:1059B000012045F26C42C5F602029142019017D0D7
:1059C000FFE704980168012045F28042C5F6020213
:1059D000914201900CD0FFE7049800684AF66C31C0
:1059E000CAF2FD710844B0FA80F040090190FFE767
:1059F0000198C00728B3FFE70498016E086820F4F7
:105A0000807008600498806D03900498C06D00F069
:105A10001F0101208840039948600498416E806E00
:105A200048600498C06E58B1FFE70498C16E0868DA
:105A300020F4807008600498016F406F4860FFE7B1
:105A4000FFE70499012081F83500FFE70499002061
:105A500081F83400FFE70498006D20B1FFE7049857
:105A6000016D8847FFE7FFE7FFE700208DF817008B
:105A7000FFE79DF8170006B080BD000000000000A1
:105A800081B000900098406D01B0704700000000A8
:105A900080B590B00F9000200B9040F66830C2F2B5
:105AA0000040006848F2B511C1F64E31A0FB01106C
:105AB000800A0A900F98806D09900F98806D089069
:105AC000099800680E90089800680D900F9801687A
:105AD00001201022C4F202029142079000F0A3803C
:105AE000FFE70F98016801202822C4F202029142C8
:105AF000079000F09880FFE70F980168012040228E
:105B0000C4F202029142079000F08D80FFE70F98E7
:105B1000016801205822C4F202029142079000F06D
:105B20008280FFE70F98016801207022C4F2020210
:105B30009142079077D0FFE70F98016801208822F3
:105B4000C4F20202914207906DD0FFE70F980168FE
:105B50000120A022C4F202029142079063D0FFE725
:105B60000F9801680120B822C4F202029142079006
:105B700059D0FFE70F980168012040F21042C4F2AB
:105B80000202914207904ED0FFE70F980168012072
:105B900040F22842C4F202029142079043D0FFE74C
:105BA0000F980168012040F24042C4F20202914283
:105BB000079038D0FFE70F980168012040F2584263
:105BC000C4F20202914207902DD0FFE70F980168BE
:105BD000012040F27042C4F202029142079022D0AA
:105BE000FFE70F980168012040F28842C4F20202E8
:105BF0009142079017D0FFE70F980168012040F20B
:105C0000A042C4F20202914207900CD0FFE70F9825
:105C100000684FF64831CBF6FD710844B0FA80F0C9
:105C200040090790FFE70798C007002800F0138598
:105C3000FFE70E980F99C96D01F01F01C8400007DA
:105C4000002840F1B080FFE70F9800681021C4F2EF
:105C50000201884200F08180FFE70F980068282148
:105C6000C4F20201884278D0FFE70F980068402113
:105C7000C4F20201884270D0FFE70F9800685821F3
:105C8000C4F20201884268D0FFE70F9800687021D3
:105C9000C4F20201884260D0FFE70F9800688821B3
:105CA000C4F20201884258D0FFE70F980068A02193
:105CB000C4F20201884250D0FFE70F980068B82173
:105CC000C4F20201884248D0FFE70F98006840F212
:105CD0001041C4F2020188423FD0FFE70F980068EC
:105CE00040F22841C4F20201884236D0FFE70F9803
:105CF000006840F24041C4F2020188422DD0FFE723
:105D00000F98006840F25841C4F20201884224D042
:105D1000FFE70F98006840F27041C4F20201884228
:105D20001BD0FFE70F98006840F28841C4F20201DF
:105D3000884212D0FFE70F98006840F2A041C4F2F9
:105D40000201884209D0FFE70F98006840F2B8418D
:105D5000C4F20201884207D1FFE70F98006800688B
:105D600000F00400069006E00F980068006800F05C
:105D700008000690FFE70698A0B1FFE70F980168BA
:105D8000086820F0040008600F98C06D00F01F0143
:105D900008208840099988600F99486D40F00100FB
:105DA0004865FFE7FFE70E980F99C96D01F01F01E5
:105DB000C840C007002800F0A980FFE70F980068DE
:105DC0001021C4F20201884200F08180FFE70F98A1
:105DD00000682821C4F20201884278D0FFE70F98BA
:105DE00000684021C4F20201884270D0FFE70F989A
:105DF00000685821C4F20201884268D0FFE70F987A
:105E000000687021C4F20201884260D0FFE70F9859
:105E100000688821C4F20201884258D0FFE70F9839
:105E20000068A021C4F20201884250D0FFE70F9819
:105E30000068B821C4F20201884248D0FFE70F98F9
:105E4000006840F21041C4F2020188423FD0FFE7EF
:105E50000F98006840F22841C4F20201884236D00F
:105E6000FFE70F98006840F24041C4F20201884207
:105E70002DD0FFE70F98006840F25841C4F20201AC
:105E8000884224D0FFE70F98006840F27041C4F2C6
:105E9000020188421BD0FFE70F98006840F288415A
:105EA000C4F20201884212D0FFE70F98006840F266
:105EB000A041C4F20201884209D0FFE70F980068B0
:105EC00040F2B841C4F20201884207D1FFE70F98BF
:105ED0000068406900F08000059005E00F980068B8
:105EE000006800200590FFE7059870B1FFE70F9864
:105EF000C06D00F01F0101208840099988600F994A
:105F0000486D40F002004865FFE7FFE70E980F99E3
:105F1000C96D01F01F01C8404007002840F1A98069
:105F2000FFE70F9800681021C4F20201884200F0D8
:105F30008180FFE70F9800682821C4F2020188429F
:105F400078D0FFE70F9800684021C4F20201884230
:105F500070D0FFE70F9800685821C4F20201884210
:105F600068D0FFE70F9800687021C4F202018842F0
:105F700060D0FFE70F9800688821C4F202018842D0
:105F800058D0FFE70F980068A021C4F202018842B0
:105F900050D0FFE70F980068B821C4F20201884290
:105FA00048D0FFE70F98006840F21041C4F20201A8
:105FB00088423FD0FFE70F98006840F22841C4F2C2
:105FC0000201884236D0FFE70F98006840F2404156
:105FD000C4F2020188422DD0FFE70F98006840F21A
:105FE0005841C4F20201884224D0FFE70F980068AC
:105FF00040F27041C4F2020188421BD0FFE70F98C3
:10600000006840F28841C4F20201884212D0FFE7E2
:106010000F98006840F2A041C4F20201884209D002
:10602000FFE70F98006840F2B841C4F202018842CD
:1060300007D1FFE70F980068006800F002000490A5
:1060400005E00F980068006800200490FFE70498BE
:1060500070B1FFE70F98C06D00F01F010420884069
:10606000099988600F99486D40F004004865FFE782
:10607000FFE70E980F99C96D01F01F01C840C006D7
:10608000002840F1DE80FFE70F9800681021C4F27D
:106090000201884200F08180FFE70F980068282104
:1060A000C4F20201884278D0FFE70F9800684021CF
:1060B000C4F20201884270D0FFE70F9800685821AF
:1060C000C4F20201884268D0FFE70F98006870218F
:1060D000C4F20201884260D0FFE70F98006888216F
:1060E000C4F20201884258D0FFE70F980068A0214F
:1060F000C4F20201884250D0FFE70F980068B8212F
:10610000C4F20201884248D0FFE70F98006840F2CD
:106110001041C4F2020188423FD0FFE70F980068A7
:1061200040F22841C4F20201884236D0FFE70F98BE
:10613000006840F24041C4F2020188422DD0FFE7DE
:106140000F98006840F25841C4F20201884224D0FE
:10615000FFE70F98006840F27041C4F202018842E4
:106160001BD0FFE70F98006840F28841C4F202019B
:10617000884212D0FFE70F98006840F2A041C4F2B5
:106180000201884209D0FFE70F98006840F2B84149
:10619000C4F20201884207D1FFE70F980068006847
:1061A00000F00800039006E00F980068006800F017
:1061B00004000390FFE70398002841D0FFE70F9801
:1061C000C06D00F01F0110208840099988600F9869
:1061D00000680068400300281AD5FFE70F980068A0
:1061E00000680003002809D4FFE70F98006C20B175
:1061F000FFE70F98016C8847FFE708E00F98806C75
:1062000020B1FFE70F98816C8847FFE7FFE716E0B2
:106210000F9800680068C005002807D4FFE70F98B2
:106220000168086820F008000860FFE70F98006C1C
:1062300020B1FFE70F98016C8847FFE7FFE7FFE712
:10624000FFE70E980F99C96D01F01F01C840800645
:10625000002840F12681FFE70F9800681021C4F262
:106260000201884200F08180FFE70F980068282132
:10627000C4F20201884278D0FFE70F9800684021FD
:10628000C4F20201884270D0FFE70F9800685821DD
:10629000C4F20201884268D0FFE70F9800687021BD
:1062A000C4F20201884260D0FFE70F98006888219D
:1062B000C4F20201884258D0FFE70F980068A0217D
:1062C000C4F20201884250D0FFE70F980068B8215D
:1062D000C4F20201884248D0FFE70F98006840F2FC
:1062E0001041C4F2020188423FD0FFE70F980068D6
:1062F00040F22841C4F20201884236D0FFE70F98ED
:10630000006840F24041C4F2020188422DD0FFE70C
:106310000F98006840F25841C4F20201884224D02C
:10632000FFE70F98006840F27041C4F20201884212
:106330001BD0FFE70F98006840F28841C4F20201C9
:10634000884212D0FFE70F98006840F2A041C4F2E3
:106350000201884209D0FFE70F98006840F2B84177
:10636000C4F20201884207D1FFE70F980068006875
:1063700000F01000029006E00F980068006800F03E
:1063800002000290FFE70298002800F08980FFE7F2
:106390000F98C06D00F01F01202088400999886087
:1063A0000F9890F83500042837D1FFE70F9801685F
:1063B000086820F0160008600F980168486920F00E
:1063C000800048610F98006C20B9FFE70F98806C3F
:1063D00038B1FFE70F980168086820F008000860EE
:1063E000FFE70F98C06D00F01F013F20884009991A
:1063F00088600F99012081F83500FFE70F99002090
:1064000081F83400FFE70F98006D20B1FFE70F9887
:10641000016D8847FFE700F019BC0F98006800681D
:10642000400300281AD5FFE70F98006800680003B2
:10643000002809D4FFE70F98406C20B1FFE70F98C0
:10644000416C8847FFE708E00F98C06B20B1FFE779
:106450000F98C16B8847FFE7FFE720E00F980068BF
:106460000068C005002811D4FFE70F98016808688C
:1064700020F0100008600F99012081F83500FFE737
:106480000F99002081F83400FFE7FFE70F98C06BF9
:1064900020B1FFE70F98C16B8847FFE7FFE7FFE7F1
:1064A000FFE70F98406D002800F0D480FFE70F98B9
:1064B000406DC007002800F0C480FFE70F9904205A
:1064C00081F835000F9800681021C4F2020188425B
:1064D00000F08180FFE70F9800682821C4F20201D4
:1064E000884278D0FFE70F9800684021C4F202018B
:1064F000884270D0FFE70F9800685821C4F202016B
:10650000884268D0FFE70F9800687021C4F202014A
:10651000884260D0FFE70F9800688821C4F202012A
:10652000884258D0FFE70F980068A021C4F202010A
:10653000884250D0FFE70F980068B821C4F20201EA
:10654000884248D0FFE70F98006840F21041C4F23B
:10655000020188423FD0FFE70F98006840F22841CF
:10656000C4F20201884236D0FFE70F98006840F27B
:106570004041C4F2020188422DD0FFE70F98006825
:1065800040F25841C4F20201884224D0FFE70F983C
:10659000006840F27041C4F2020188421BD0FFE75C
:1065A0000F98006840F28841C4F20201884212D07C
:1065B000FFE70F98006840F2A041C4F20201884250
:1065C00009D0FFE70F98006840F2B841C4F2020119
:1065D000884207D1FFE70F980168086820F00100A2
:1065E000086006E00F980168086820F00100086064
:1065F000FFE7FFE70B9801300B900A99884201D919
:10660000FFE707E0FFE70F9800680068C007002871
:10661000F0D1FFE70F9800680068C00728B1FFE7D6
:106620000F99032081F8350004E00F99012081F8CB
:106630003500FFE7FFE70F99002081F83400FFE7FE
:10664000FFE70F98C06C20B1FFE70F98C16C884737
:10665000FFE7FFE7FAE20F980168012045F20842E0
:10666000C5F60202914201904ED0FFE70F980168F3
:10667000012045F21C42C5F602029142019043D02E
:10668000FFE70F980168012045F23042C5F602028B
:106690009142019038D0FFE70F980168012045F240
:1066A0004442C5F60202914201902DD0FFE70F98B7
:1066B0000168012045F25842C5F60202914201905C
:1066C00022D0FFE70F980168012045F26C42C5F621
:1066D00002029142019017D0FFE70F980168012054
:1066E00045F28042C5F60202914201900CD0FFE7CC
:1066F0000F9800684AF66C31CAF2FD710844B0FA8E
:1067000080F040090190FFE70198C007002800F0E1
:106710009B82FFE70F98006800680C900D980F9916
:10672000C96D01F01F01C8404007002840F1D78023
:10673000FFE79DF830004007002840F1D080FFE7D8
:106740000F98C06D00F01F01042088400899486030
:106750009DF831000006002818D5FFE79DF83200AB
:10676000C00748B9FFE70F98806C20B1FFE70F988A
:10677000816C8847FFE708E00F98006C20B1FFE7C5
:106780000F98016C8847FFE7FFE7A7E09DF830000E
:106790008006002800F19980FFE70F98006810211B
:1067A000C4F20201884200F08180FFE70F98006880
:1067B0002821C4F20201884278D0FFE70F980068D0
:1067C0004021C4F20201884270D0FFE70F980068B0
:1067D0005821C4F20201884268D0FFE70F98006890
:1067E0007021C4F20201884260D0FFE70F98006870
:1067F0008821C4F20201884258D0FFE70F98006850
:10680000A021C4F20201884250D0FFE70F9800682F
:10681000B821C4F20201884248D0FFE70F9800680F
:1068200040F21041C4F2020188423FD0FFE70F98C6
:10683000006840F22841C4F20201884236D0FFE7E6
:106840000F98006840F24041C4F2020188422DD006
:10685000FFE70F98006840F25841C4F202018842F5
:1068600024D0FFE70F98006840F27041C4F20201A3
:1068700088421BD0FFE70F98006840F28841C4F2BD
:106880000201884212D0FFE70F98006840F2A04151
:10689000C4F20201884209D0FFE70F98006840F275
:1068A000B841C4F20201884207D1FFE70F9801689E
:1068B000086820F00800086006E00F980168086882
:1068C00020F004000860FFE7FFE70F98006C20B19C
:1068D000FFE70F98016C8847FFE7FFE7B3E10D98EA
:1068E0000F99C96D01F01F01C8408007002840F1D1
:1068F000E180FFE79DF830008007002840F1DA8052
:10690000FFE70F98C06D00F01F0102208840089932
:1069100048609DF831000006002818D5FFE79DF873
:106920003200C00748B9FFE70F98406C20B1FFE77D
:106930000F98416C8847FFE708E00F98C06B20B1C3
:10694000FFE70F98C16B8847FFE7FFE7B1E09DF8CD
:1069500030008006002800F1A380FFE70F98006850
:106960001021C4F20201884200F08180FFE70F98F5
:1069700000682821C4F20201884278D0FFE70F980E
:1069800000684021C4F20201884270D0FFE70F98EE
:1069900000685821C4F20201884268D0FFE70F98CE
:1069A00000687021C4F20201884260D0FFE70F98AE
:1069B00000688821C4F20201884258D0FFE70F988E
:1069C0000068A021C4F20201884250D0FFE70F986E
:1069D0000068B821C4F20201884248D0FFE70F984E
:1069E000006840F21041C4F2020188423FD0FFE744
:1069F0000F98006840F22841C4F20201884236D064
:106A0000FFE70F98006840F24041C4F2020188425B
:106A10002DD0FFE70F98006840F25841C4F2020100
:106A2000884224D0FFE70F98006840F27041C4F21A
:106A3000020188421BD0FFE70F98006840F28841AE
:106A4000C4F20201884212D0FFE70F98006840F2BA
:106A5000A041C4F20201884209D0FFE70F98006804
:106A600040F2B841C4F20201884207D1FFE70F9813
:106A70000168086820F01400086006E00F980168BB
:106A8000086820F00A000860FFE70F99012081F8EC
:106A90003500FFE70F99002081F83400FFE7FFE79A
:106AA0000F98C06B20B1FFE70F98C16B8847FFE7D5
:106AB000FFE7C7E00D980F99C96D01F01F01C840AD
:106AC0000007002840F1BC80FFE79DF83000000778
:106AD000002840F1B580FFE70F9800681021C4F24C
:106AE0000201884200F08180FFE70F9800682821AA
:106AF000C4F20201884278D0FFE70F980068402175
:106B0000C4F20201884270D0FFE70F980068582154
:106B1000C4F20201884268D0FFE70F980068702134
:106B2000C4F20201884260D0FFE70F980068882114
:106B3000C4F20201884258D0FFE70F980068A021F4
:106B4000C4F20201884250D0FFE70F980068B821D4
:106B5000C4F20201884248D0FFE70F98006840F273
:106B60001041C4F2020188423FD0FFE70F9800684D
:106B700040F22841C4F20201884236D0FFE70F9864
:106B8000006840F24041C4F2020188422DD0FFE784
:106B90000F98006840F25841C4F20201884224D0A4
:106BA000FFE70F98006840F27041C4F2020188428A
:106BB0001BD0FFE70F98006840F28841C4F2020141
:106BC000884212D0FFE70F98006840F2A041C4F25B
:106BD0000201884209D0FFE70F98006840F2B841EF
:106BE000C4F20201884207D1FFE70F9801680868E4
:106BF00020F01C00086006E00F980168086820F08B
:106C00000E000860FFE70F98C06D00F01F01012023
:106C100000FA01F1089A51600F9948650F9981F8BF
:106C20003500FFE70F99002081F83400FFE70F9847
:106C3000C06C20B1FFE70F98C16C8847FFE700E008
:106C4000FFE7FFE7FFE700E0FFE7FFE710B080BDE9
:106C500010B58EB00C9001F0EFFC0A900C9828B99A
:106C6000FFE701208DF8370000F09FBC0C98016809
:106C700001201022C4F202029142079000F0A3808A
:106C8000FFE70C98016801202822C4F20202914219
:106C9000079000F09880FFE70C98016801204022DF
:106CA000C4F202029142079000F08D80FFE70C9839
:106CB000016801205822C4F202029142079000F0BC
:106CC0008280FFE70C98016801207022C4F2020262
:106CD0009142079077D0FFE70C9801680120882245
:106CE000C4F20202914207906DD0FFE70C98016850
:106CF0000120A022C4F202029142079063D0FFE774
:106D00000C9801680120B822C4F202029142079057
:106D100059D0FFE70C980168012040F21042C4F2FC
:106D20000202914207904ED0FFE70C9801680120C3
:106D300040F22842C4F202029142079043D0FFE79A
:106D40000C980168012040F24042C4F202029142D4
:106D5000079038D0FFE70C980168012040F25842B4
:106D6000C4F20202914207902DD0FFE70C9801680F
:106D7000012040F27042C4F202029142079022D0F8
:106D8000FFE70C980168012040F28842C4F2020239
:106D90009142079017D0FFE70C980168012040F25C
:106DA000A042C4F20202914207900CD0FFE70C9877
:106DB00000684FF64831CBF6FD710844B0FA80F018
:106DC00040090790FFE70798C007002800F0798185
:106DD000FFE70C98406A08B1FFE7FFE70C99022033
:106DE00081F83500FFE70C99002081F83400FFE7B7
:106DF0000C9800681021C4F20201884200F08180E2
:106E0000FFE70C9800682821C4F20201884278D07C
:106E1000FFE70C9800684021C4F20201884270D05C
:106E2000FFE70C9800685821C4F20201884268D03C
:106E3000FFE70C9800687021C4F20201884260D01C
:106E4000FFE70C9800688821C4F20201884258D0FC
:106E5000FFE70C980068A021C4F20201884250D0DC
:106E6000FFE70C980068B821C4F20201884248D0BC
:106E7000FFE70C98006840F21041C4F2020188421A
:106E80003FD0FFE70C98006840F22841C4F20201AD
:106E9000884236D0FFE70C98006840F24041C4F2C7
:106EA000020188422DD0FFE70C98006840F258415B
:106EB000C4F20201884224D0FFE70C98006840F237
:106EC0007041C4F2020188421BD0FFE70C980068B1
:106ED00040F28841C4F20201884212D0FFE70C98C8
:106EE000006840F2A041C4F20201884209D0FFE7E5
:106EF0000C98006840F2B841C4F20201884207D100
:106F0000FFE70C980168086820F00100086006E0BF
:106F10000C980168086820F001000860FFE7FFE7AF
:106F20000C9800680068C00798B1FFE701F084FB87
:106F30000A99401A06280BD3FFE70C9920204865D0
:106F40000C99032081F8350001208DF837002CE3DF
:106F5000E6E70C98006800680B900B9848F23F0138
:106F6000CFF6106108400B900C998868D1F80CC0DE
:106F70000B694A6940EA0C00184310438A691043C0
:106F8000CA691043096A01430B9808430B900C9897
:106F9000406A042808D1FFE70C99C86A096B0143CD
:106FA0000B9808430B90FFE741F20000C5F6004044
:106FB00000684FF6FF718843B0F1005F40D3FFE7F0
:106FC0000C984068292807D3FFE70C9841680120F6
:106FD0002F2906902AD3FFE70C9840683F2807D353
:106FE000FFE70C9841680120432906901ED3FFE774
:106FF0000C984068472807D3FFE70C9841680120A8
:107000004929069012D3FFE70C98416800204F29C8
:10701000059008D3FFE70C9841680020532938BF3A
:1070200001200590FFE705980690FFE70698C00746
:1070300028B1FFE70B9840F480100B90FFE7FFE7C3
:107040000B980C99096808600C98006840690B90CF
:107050000B9820F007000B900C98416A0B9808439E
:107060000B900C98406A04281AD1FFE70C98816AAB
:107070000B9808430B900C98C06A80B1FFE70C98FE
:10708000FBF782F950B1FFE70C99402048650C9955
:10709000012081F835008DF8370086E2FFE7FFE731
:1070A0000B980C99096848610C98FAF731FF099020
:1070B0000C98C06D00F01F013F208840099988603E
:1070C00026E10C980168012045F20842C5F602024B
:1070D000914204904ED0FFE70C980168012045F2E0
:1070E0001C42C5F602029142049043D0FFE70C987F
:1070F0000168012045F23042C5F602029142049037
:1071000038D0FFE70C980168012045F24442C5F6EB
:107110000202914204902DD0FFE70C9801680120F3
:1071200045F25842C5F602029142049022D0FFE790
:107130000C980168012045F26C42C5F602029142AA
:10714000049017D0FFE70C980168012045F28042B7
:10715000C5F60202914204900CD0FFE70C9800683B
:107160004AF66C31CAF2FD710844B0FA80F0400969
:107170000490FFE70498C007002800F0BD80FFE7F7
:107180000C980168012045F20842C5F602029142BE
:1071900003904ED0FFE70C980168012045F21C4295
:1071A000C5F602029142039043D0FFE70C980168B4
:1071B000012045F23042C5F602029142039038D0D8
:1071C000FFE70C980168012045F24442C5F602022F
:1071D000914203902DD0FFE70C980168012045F201
:1071E0005842C5F602029142039022D0FFE70C9864
:1071F0000168012045F26C42C5F6020291420390FB
:1072000017D0FFE70C980168012045F28042C5F6CF
:107210000202914203900CD0FFE70C9800684AF6F6
:107220006C31CAF2FD710844B0FA80F04009039055
:10723000FFE70398C00708B1FFE7FFE70C990220BA
:1072400081F83500FFE70C99002081F83400FFE752
:107250000C98006800680B900B986FF310100B905F
:107260000C988068402803D1FFE71020029008E0C6
:107270000C9880688038B0FA80F040098003029052
:10728000FFE702980C99CA680B69D1F814C0D1F8CD
:1072900018E0CC694EEA040E4CEA0E0C43EA0C03EB
:1072A0001A4340EAD200096A40EA11110B980843D8
:1072B0000B900B980C99096808600C9908684AF6BD
:1072C000F832CAF2FD7210444CF6CD42CCF6CC42F4
:1072D000A0FB02026FF0030000EA9200C8650C9860
:1072E000FAF716FE08900C98C06D00F01F010120FF
:1072F0008840089948600AE00C99402048650C993C
:10730000032081F8350001208DF837004DE1FFE7BB
:107310000C98016801201022C4F2020291420190EF
:1073200000F00381FFE70C98016801202822C4F2D5
:1073300002029142019000F0F880FFE70C9801688A
:1073400001204022C4F202029142019000F0ED803F
:10735000FFE70C98016801205822C4F20202914212
:10736000019000F0E280FFE70C9801680120702294
:10737000C4F202029142019000F0D780FFE70C981E
:10738000016801208822C4F202029142019000F0BB
:10739000CC80FFE70C9801680120A022C4F2020211
:1073A0009142019000F0C180FFE70C980168012034
:1073B000B822C4F202029142019000F0B680FFE7C9
:1073C0000C980168012040F21042C4F2020291427E
:1073D000019000F0AA80FFE70C980168012040F2BC
:1073E0002842C4F202029142019000F09E80FFE721
:1073F0000C980168012040F24042C4F2020291421E
:10740000019000F09280FFE70C980168012040F2A3
:107410005842C4F202029142019000F08680FFE7D8
:107420000C980168012040F27042C4F202029142BD
:1074300001907AD0FFE70C980168012040F2884261
:10744000C4F20202914201906FD0FFE70C980168EC
:10745000012040F2A042C4F202029142019064D0A5
:10746000FFE70C980168012040F2B842C4F2020222
:107470009142019059D0FFE70C980168012045F234
:107480000842C5F60202914201904ED0FFE70C98E7
:107490000168012045F21C42C5F6020291420190AA
:1074A00043D0FFE70C980168012045F23042C5F651
:1074B00002029142019038D0FFE70C980168012048
:1074C00045F24442C5F60202914201902DD0FFE7F9
:1074D0000C980168012045F25842C5F6020291421B
:1074E000019022D0FFE70C980168012045F26C4220
:1074F000C5F602029142019017D0FFE70C9801688F
:10750000012045F28042C5F60202914201900CD062
:10751000FFE70C9800684AF66C31CAF2FD71084426
:10752000B0FA80F040090190FFE70198C00790B3DE
:10753000FFE70C98FAF7D4FD0C988068802804D1F6
:10754000FFE70C9900204860FFE70C990879096E65
:1075500008600C98416E806E48600C98406888B155
:10756000FFE70C98406808280CD8FFE70C98FAF75A
:1075700073FE0C98C16E002008600C98016F406F7C
:10758000486007E00C990020C8660C9908670C99C0
:107590004867FFE7FFE70C99002048650C9A012136
:1075A00082F835108DF83700FFE79DF837000EB0F0
:1075B00010BD00000000000080B588B00690059165
:1075C0000492039300208DF80B00069820B9FFE782
:1075D00001208DF81F006CE3FFE7069890F8340057
:1075E000012804D1FFE702208DF81F0061E306990E
:1075F000012081F83400FFE7FFE7069890F8350096
:10760000012840F04383FFE70699022081F8350006
:10761000069900204865069800681021C4F202010E
:10762000884200F08180FFE7069800682821C4F2B4
:107630000201884278D0FFE7069800684021C4F232
:107640000201884270D0FFE7069800685821C4F212
:107650000201884268D0FFE7069800687021C4F2F2
:107660000201884260D0FFE7069800688821C4F2D2
:107670000201884258D0FFE706980068A021C4F2B2
:107680000201884250D0FFE706980068B821C4F292
:107690000201884248D0FFE70698006840F2104196
:1076A000C4F2020188423FD0FFE70698006840F22A
:1076B0002841C4F20201884236D0FFE706980068EC
:1076C00040F24041C4F2020188422DD0FFE7069803
:1076D000006840F25841C4F20201884224D0FFE71A
:1076E0000698006840F27041C4F2020188421BD043
:1076F000FFE70698006840F28841C4F20201884220
:1077000012D0FFE70698006840F2A041C4F20201DF
:10771000884209D0FFE70698006840F2B841C4F2F9
:107720000201884207D1FFE706980168086820F047
:107730000100086006E006980168086820F0010072
:107740000860FFE706980599049A039BFAF794FEF0
:107750000698016801201022C4F2020291420190B1
:1077600000F0A380FFE70698016801202822C4F2F8
:1077700002029142019000F09880FFE706980168AC
:1077800001204022C4F202029142019000F08D805B
:10779000FFE70698016801205822C4F202029142D4
:1077A000019000F08280FFE70698016801207022B6
:1077B000C4F202029142019077D0FFE70698016877
:1077C00001208822C4F20202914201906DD0FFE7AD
:1077D000069801680120A022C4F2020291420190A1
:1077E00063D0FFE7069801680120B822C4F20202C4
:1077F0009142019059D0FFE706980168012040F2BC
:107800001042C4F20202914201904ED0FFE7069866
:107810000168012040F22842C4F202029142019024
:1078200043D0FFE706980168012040F24042C4F2CD
:1078300002029142019038D0FFE7069801680120CA
:1078400040F25842C4F20202914201902DD0FFE76B
:1078500006980168012040F27042C4F2020291428F
:10786000019022D0FFE706980168012040F288428B
:10787000C4F202029142019017D0FFE70698016816
:10788000012040F2A042C4F20202914201900CD0C9
:10789000FFE7069800684FF64831CBF6FD710844C3
:1078A000B0FA80F040090190FFE70198C007A8B145
:1078B000FFE70698006800680B2161F34400069911
:1078C000096808600698006C38B1FFE706980168FF
:1078D000086840F008000860FFE714E006980068B8
:1078E0000068052161F3430006990968086006985D
:1078F000006C38B1FFE706980168086840F00400A2
:107900000860FFE7FFE70698016801201022C4F233
:1079100002029142009000F00381FFE7069801689F
:1079200001202822C4F202029142009000F0F88067
:10793000FFE70698016801204022C4F2020291424A
:10794000009000F0ED80FFE70698016801205822C2
:10795000C4F202029142009000F0E280FFE7069834
:10796000016801207022C4F202029142009000F0EE
:10797000D780FFE70698016801208822C4F202023E
:107980009142009000F0CC80FFE70698016801204A
:10799000A022C4F202029142009000F0C180FFE7F1
:1079A000069801680120B822C4F2020291420090B8
:1079B00000F0B680FFE706980168012040F210420F
:1079C000C4F202029142009000F0AA80FFE70698FC
:1079D0000168012040F22842C4F202029142009064
:1079E00000F09E80FFE706980168012040F24042C7
:1079F000C4F202029142009000F09280FFE70698E4
:107A00000168012040F25842C4F202029142009003
:107A100000F08680FFE706980168012040F270427E
:107A2000C4F20202914200907AD0FFE70698016802
:107A3000012040F28842C4F20202914200906FD0CD
:107A4000FFE706980168012040F2A042C4F202025A
:107A50009142009064D0FFE706980168012040F24F
:107A6000B842C4F202029142009059D0FFE7069852
:107A70000168012045F20842C5F6020291420090D9
:107A80004ED0FFE706980168012045F21C42C5F67A
:107A900002029142009043D0FFE70698016801205E
:107AA00045F23042C5F602029142009038D0FFE71D
:107AB00006980168012045F24442C5F6020291424F
:107AC00000902DD0FFE706980168012045F258424A
:107AD000C5F602029142009022D0FFE706980168A5
:107AE000012045F26C42C5F602029142009017D087
:107AF000FFE706980168012045F28042C5F60202C0
:107B0000914200900CD0FFE7069800684AF66C316D
:107B1000CAF2FD710844B0FA80F040090090FFE716
:107B20000098C007D0B1FFE70698006E0068C00358
:107B3000002807D5FFE70698016E086840F48070BA
:107B40000860FFE70698C06E38B1FFE70698C16E7F
:107B5000086840F480700860FFE7FFE70698006857
:107B60001021C4F20201884200F08180FFE70698EC
:107B700000682821C4F20201884278D0FFE7069805
:107B800000684021C4F20201884270D0FFE70698E5
:107B900000685821C4F20201884268D0FFE70698C5
:107BA00000687021C4F20201884260D0FFE70698A5
:107BB00000688821C4F20201884258D0FFE7069885
:107BC0000068A021C4F20201884250D0FFE7069865
:107BD0000068B821C4F20201884248D0FFE7069845
:107BE000006840F21041C4F2020188423FD0FFE732
:107BF0000698006840F22841C4F20201884236D05B
:107C0000FFE70698006840F24041C4F20201884252
:107C10002DD0FFE70698006840F25841C4F20201F7
:107C2000884224D0FFE70698006840F27041C4F211
:107C3000020188421BD0FFE70698006840F28841A5
:107C4000C4F20201884212D0FFE70698006840F2B1
:107C5000A041C4F20201884209D0FFE706980068FB
:107C600040F2B841C4F20201884207D1FFE706980A
:107C70000168086840F00100086006E006980168A5
:107C8000086840F001000860FFE70DE006994FF436
:107C900000604865FFE70699002081F83400FFE79F
:107CA00001208DF80B00FFE79DF80B008DF81F00F9
:107CB000FFE79DF81F0008B080BD00000000000035
:107CC00080B582B044F27C41C5F6020145F2310034
:107CD000C0F20100086000200190086044F2804179
:107CE000C5F602014CF22302C0F600220A600860C9
:107CF00044F28441C5F6020140F271220A60086034
:107D000044F28841C5F6020140F2FF72C0F2283207
:107D10000A60086044F28C41C5F6020118220A602C
:107D2000086044F29041C5F602014CF2FF32CEF6F3
:107D3000FF020A60086044F29441C5F602014FF464
:107D40009B720A60086044F29841C5F6020143F252
:107D50003302C3F2D7120A60086044F29C41C5F6B0
:107D600002014DF6AA62C0F220020A60086000F02B
:107D700077FD019802B080BD80B584B0039000F01B
:107D80005BFC0290039801900198013048B1FFE735
:107D900043F60010C2F200400178019808440190B7
:107DA000FFE7FFE700F048FC0299401A019988427A
:107DB00001D2FFE7F6E704B080BD0000000000003C
:107DC00080B586B00490039100208DF80B00FFE78A
:107DD00044F68460C2F20240007D012804D1FFE72E
:107DE00002208DF81700D3E044F68461C2F202410C
:107DF00001200875FFE7FFE744F68461C2F2024103
:107E00000020886104980079C00760B1FFE74CF258
:107E100050300121FBF7D0F920B1FFE701208DF8A8
:107E20000B00FFE7FFE704980079800700280CD5D6
:107E3000FFE74CF250300221FBF7BEF920B1FFE71B
:107E400001208DF80B00FFE7FFE79DF80B000028ED
:107E500040F09180FFE704980068012839D1FFE7DE
:107E6000049841680069FBF72BF904980079C00772
:107E7000A0B1FFE74CF250300121FBF79DF920B192
:107E8000FFE701208DF80B00FFE742F20C01C5F27D
:107E90000021086820F008000860FFE704980079D6
:107EA0008007002814D5FFE74CF250300221FBF781
:107EB00083F920B1FFE701208DF80B00FFE742F2C4
:107EC0000C11C5F20021086820F008000860FFE7E7
:107ED00050E003994FF0FF300860049880680190EB
:107EE000FFE7019804998A68C9681144884240D222
:107EF000FFE70198049A51681269FBF7A9F8049802
:107F00000079C00788B1FFE74CF250300121FBF740
:107F100053F98DF80B0042F20C01C5F200210868FC
:107F200040F2047290430860FFE7049800798007EC
:107F3000002811D5FFE74CF250300221FBF73CF945
:107F40008DF80B0042F20C11C5F20021086840F2D6
:107F5000047290430860FFE79DF80B0020B1FFE733
:107F600001980399086004E0FFE70198013001904F
:107F7000B7E7FFE7FFE7FFE744F68461C2F202419B
:107F800000200875FFE79DF80B008DF81700FFE74C
:107F90009DF8170006B080BD81B042F20C00C5F21A
:107FA0000020016841F0010101600068C00720B9AC
:107FB000FFE701208DF8030013E042F20C10C5F238
:107FC0000020016841F0010101600068C00720B98C
:107FD000FFE701208DF8030003E000208DF8030087
:107FE000FFE79DF8030001B07047000000000000AB
:107FF00080B58AB008900791069207980490069879
:10800000039008208DF80700FFE744F68460C2F271
:108010000240007D012804D1FFE702208DF82700EF
:1080200097E044F68461C2F2024101200875FFE73F
:10803000FFE70798B0F1006F08D3FFE70798000D3E
:10804000802803D8FFE70120029011E00798B0F1E3
:10805000016F08D3FFE70798400D402803D8FFE7DA
:108060000220029003E001208DF8270071E0FFE775
:1080700044F68461C2F202410020886102994CF208
:108080005030FBF799F88DF817009DF8170000287D
:1080900052D1FFE70298012809D1FFE742F20C0113
:1080A000C5F20021086840F00200086008E042F2D2
:1080B0000C11C5F20021086840F002000860FFE7DB
:1080C000BFF36F8FBFF34F8FFFE7039800680499EA
:1080D00008600498043004900398043003909DF8DD
:1080E000070001388DF80700FFE79DF8070000281A
:1080F000EBD1FFE7BFF36F8FBFF34F8F02994CF2C5
:108100005030FBF759F88DF817000298012809D173
:10811000FFE742F20C01C5F20021086820F00200DE
:10812000086008E042F20C11C5F20021086820F056
:1081300002000860FFE7FFE7FFE744F68461C2F250
:10814000024100200875FFE79DF817008DF8270011
:10815000FFE79DF827000AB080BD00000000000086
:1081600081B042F20C00C5F200200068C007D8B10F
:10817000FFE742F20401C5F2002140F22310C4F2ED
:108180006750086048F6AB10CCF6EF50086042F23A
:108190000C00C5F200200068C00720B1FFE70120F5
:1081A0008DF8030027E0FFE742F20C10C5F2002033
:1081B0000068C007D8B1FFE742F20411C5F2002100
:1081C00040F22310C4F26750086048F6AB10CCF6BA
:1081D000EF50086042F20C10C5F200200068C007A2
:1081E00020B1FFE701208DF8030004E0FFE7002045
:1081F0008DF80300FFE79DF8030001B07047000011
:1082000090B00F900E9100200D908020C5F60000D8
:108210000A90FFE70E9800680D99C840002800F00A
:10822000CF81FFE70E9800680D9A01219140084028
:108230000C900C98002800F0BF81FFE70E98406872
:1082400000F00300012807D0FFE70E98406800F017
:10825000030002282FD1FFE70F9880680B900D983C
:108260004100032000FA01F10B9888430B900E980F
:10827000C0680D99490000FA01F10B9808430B9072
:108280000B980F9988600F9840680B900D9901200A
:1082900000FA01F10B9888430B900E984068C0F3E8
:1082A00000100D9900FA01F10B9808430B900B9800
:1082B0000F994860FFE70E98406800F0030003281C
:1082C00018D0FFE70F98C0680B900D98410003206D
:1082D00000FA01F10B9888430B900E9880680D9975
:1082E000490000FA01F10B9808430B900B980F9985
:1082F000C860FFE70E98406800F00300022826D10E
:10830000FFE70F980D996FF0030202EA510108444C
:10831000006A0B900D9800F0070081000F2000FA12
:1083200001F10B9888430B900E9800690D9901F0AC
:108330000701890000FA01F10B9808430B900B9894
:108340000F990D9B02EA530211440862FFE70F9850
:1083500000680B900D984100032000FA01F10B9882
:1083600088430B900E98406800F003000D99490077
:1083700000FA01F10B9808430B900B980F990860D5
:108380000E9880798007002800F01581FFE7FFE74D
:1083900044F2F440C5F60200016841F002010160B8
:1083A000006800F0020009900998FFE70D9820F09E
:1083B000030040F20841C5F6000140580B900D98AB
:1083C00000F0030081000F2000FA01F10B988843B0
:1083D0000B900F980021C5F60201884203D1FFE7F8
:1083E000002008907AE00F9840F20041C5F60201A3
:1083F000884203D1FFE7012007906CE00F9840F618
:108400000001C5F60201884203D1FFE70220069071
:108410005EE00F9840F60041C5F60201884203D1A4
:10842000FFE70320059050E00F9841F20001C5F6E8
:108430000201884203D1FFE70420049042E00F9834
:1084400041F20041C5F60201884203D1FFE7052051
:10845000039034E00F9841F60001C5F6020188420E
:1084600003D1FFE70620029026E00F9841F6004175
:10847000C5F60201884203D1FFE70720019018E00A
:108480000F9842F20001C5F60201884203D1FFE7CE
:10849000082000900AE00F9942F20042C5F602025D
:1084A0000A20914208BF09200090FFE70098019040
:1084B000FFE701980290FFE702980390FFE7039817
:1084C0000490FFE704980590FFE705980690FFE702
:1084D00006980790FFE707980890FFE708980D991E
:1084E00001F00301890000FA01F10B9808430B9099
:1084F0000B980D9921F0030140F20842C5F60002E5
:1085000088504FF0B04000680B900C990B9888434E
:108510000B900E988079C006002805D5FFE70C99CE
:108520000B9808430B90FFE70B984FF0B0410860A1
:108530000420C5F6000000680B900C990B98884346
:108540000B900E9880798006002805D5FFE70C99DE
:108550000B9808430B90FFE70B980421C5F6000128
:1085600008600A9840680B900C990B9888430B9010
:108570000E9880798007002805D5FFE70C990B98A5
:1085800008430B90FFE70B980A9948600A98006827
:108590000B900C990B9888430B900E988079C0072C
:1085A00028B1FFE70C990B9808430B90FFE70B9855
:1085B0000A990860FFE7FFE70D9801300D9029E662
:1085C00010B070470000000082B00190ADF80210BA
:1085D00001980069BDF80210084204D0FFE70120AD
:1085E0008DF8010003E000208DF80100FFE79DF801
:1085F000010002B07047000082B00190ADF8021097
:108600008DF801209DF8010028B1FFE7BDF80200B8
:108610000199886105E0BDF80200000401998861B4
:10862000FFE702B07047000041F20000C5F60040CD
:108630000068000C7047000048F66850C2F2024023
:10864000006870470000000080B582B0009000987C
:1086500020B9FFE701208DF8070046E00098D0F828
:10866000880040B9FFE70099002081F88400009855
:1086700005F0D2FCFFE700992420C1F8880000989B
:108680000168086820F0010008600098806A20B145
:10869000FFE7009809F028FEFFE700980AF048F984
:1086A000012804D1FFE701208DF807001DE00098A4
:1086B0000168486820F49040486000980168886824
:1086C00020F02200886000980168886840F0080067
:1086D000886000980168086840F001000860009810
:1086E00009F0A6FE8DF80700FFE79DF8070002B02D
:1086F00080BD00000000000043F60010C2F2004000
:10870000027848F66851C2F20241086810440860D5
:10871000704700000000000080B582B0032000F028
:10872000E3F803F049F844F21842C5F60202116872
:10873000C1F3032349F21021C0F61101CB5C03F011
:108740001F03D84000900098126802F00F02895C65
:1087500001F01F01C84040F66C31C2F200410860D0
:10876000009840F66831C2F2004108600F2000F026
:1087700013F820B1FFE701208DF8070005E000F0B5
:1087800073F800208DF80700FFE79DF8070002B09E
:1087900080BD00000000000080B590B00E900E98E3
:1087A0000F2810D8FFE70E9976200190002200F0E4
:1087B00083F8019800F074F80E9843F60411C2F2A1
:1087C0000041086003E001208DF83F0044E0FFE72E
:1087D00044F2F040C5F60200016841F480210160D6
:1087E000006800F4802002900298FFE706A803A921
:1087F00002F04AFF02F0CCFF4000059005984DF6CC
:108800008361C4F21B31A0FB01014FF0FF3000EB8C
:108810009140049044F62C10C2F2024044F600014C
:10882000C4F20101016040F2E731C1600499416086
:1088300000210161816003F0ABFF48B9FFE744F616
:108840002C10C2F2024004F04BF98DF83F0003E017
:1088500001208DF83F00FFE79DF83F0010B080BD7C
:10886000704700000000000080B582B0FFE744F2CE
:10887000F440C5F60200016841F0020101600068A1
:1088800000F0020001900198FFE76FF001000F2156
:10889000002200F011F802B080BD000000000000CE
:1088A00080B582B0ADF80600BDF906000CF06CFF93
:1088B00002B080BD0000000080B586B0ADF81600A3
:1088C000049103920CF078FF0290BDF9160001901C
:1088D00002980499039A07F093FD014601980CF061
:1088E00073FF06B080BD000080B582B00190019892
:1088F0000CF08EFF02B080BD80B584B0029044F6CB
:108900000C00C5F60200006800F004010020B0EB86
:10891000910F13D1FFE744F60C00C5F60200006882
:1089200000F007000299884204D0FFE701208DF88B
:108930000F002EE000208DF80F002AE044F60C0115
:10894000C5F60201086820F00700029A104308608B
:10895000FFF772FE0190FFE744F60400C5F602003F
:10896000006800F400510020B0EB513F0DD1FFE74B
:10897000FFF762FE0199401AB0F57A7F04D9FFE74C
:1089800001208DF80F0004E0E6E700208DF80F00CD
:10899000FFE79DF80F0004B080BD0000000000005C
:1089A00080B502F0B5FE44F22041C5F60201096827
:1089B000C1F3021249F21021C0F61101895C01F0E5
:1089C0001F01C84080BD000088B0079044F22840D5
:1089D000C5F60200016801F0030106910068C0F3CA
:1089E0000510059044F22C40C5F60200006800F026
:1089F00001000490049844F23441C5F6020109686C
:108A000089B2C908484300EE100AB8EE400A8DED5D
:108A1000020A0598002800F01B81FFE706980090E5
:108A200048B1FFE70098012869D0FFE700980228C5
:108A300000F08980ABE044F20040C5F60200006817
:108A400000F020010020B0EB511F33D0FFE744F2CB
:108A50000040C5F602000068C0F3C10149F2000001
:108A6000C0F2D030C84003909DED030AB8EE400A32
:108A70009DED051AB8EE411A80EE010A44F230402D
:108A8000C5F6020000686FF35F2001EE100AB8EE31
:108A9000411A9DED022A9FED743A82EE032A31EECF
:108AA000021AB7EE002A31EE021A20EE010A8DED0D
:108AB000010A23E09DED050AB8EE401A9FED6C0A0D
:108AC00080EE010A44F23040C5F6020000686FF300
:108AD0005F2001EE100AB8EE411A9DED022A9FEDCB
:108AE000623A82EE032A31EE021AB7EE002A31EE24
:108AF000021A20EE010A8DED010AFFE76BE09DED01
:108B0000050AB8EE401A9FED590A80EE010A44F2B8
:108B10003040C5F6020000686FF35F2001EE100AD6
:108B2000B8EE411A9DED022A9FED4F3A82EE032ADC
:108B300031EE021AB7EE002A31EE021A20EE010AD7
:108B40008DED010A47E09DED050AB8EE401A9FED54
:108B5000450A80EE010A44F23040C5F60200006882
:108B60006FF35F2001EE100AB8EE411A9DED022A64
:108B70009FED3D3A82EE032A31EE021AB7EE002A4B
:108B800031EE021A20EE010A8DED010A23E09DED7F
:108B9000050AB8EE401A9FED360A80EE010A44F24B
:108BA0003040C5F6020000686FF35F2001EE100A46
:108BB000B8EE411A9DED022A9FED2B3A82EE032A70
:108BC00031EE021AB7EE002A31EE021A20EE010A47
:108BD0008DED010AFFE79DED010A44F23040C5F634
:108BE0000200016889B2490A01EE101AB8EE411A72
:108BF000B7EE002A31EE021A80EE010A0799BCEEA8
:108C0000C00A81ED000A9DED010A0168C1F3064129
:108C100001EE101AB8EE411A31EE021A80EE010A86
:108C20000799BCEEC00A81ED010A9DED010A0068BA
:108C3000C0F3066001EE100AB8EE411A31EE021AD6
:108C400080EE010A0798BCEEC00A80ED020A07E038
:108C50000799002008600799486007998860FFE736
:108C600008B0704720BCBE4B000000460024744A88
:108C70000024744C0000000088B0079044F22840A3
:108C8000C5F60200016801F0030106910068C0F317
:108C90000530059044F22C40C5F602000068C0F390
:108CA00000100490049844F23C41C5F602010968A2
:108CB00089B2C908484300EE100AB8EE400A8DEDAB
:108CC000020A0598002800F01B81FFE70698009033
:108CD00048B1FFE70098012869D0FFE70098022813
:108CE00000F08980ABE044F20040C5F60200006865
:108CF00000F020010020B0EB511F33D0FFE744F219
:108D00000040C5F602000068C0F3C10149F200004E
:108D1000C0F2D030C84003909DED030AB8EE400A7F
:108D20009DED051AB8EE411A80EE010A44F2384072
:108D3000C5F6020000686FF35F2001EE100AB8EE7E
:108D4000411A9DED022A9FED743A82EE032A31EE1C
:108D5000021AB7EE002A31EE021A20EE010A8DED5A
:108D6000010A23E09DED050AB8EE401A9FED6C0A5A
:108D700080EE010A44F23840C5F6020000686FF345
:108D80005F2001EE100AB8EE411A9DED022A9FED18
:108D9000623A82EE032A31EE021AB7EE002A31EE71
:108DA000021A20EE010A8DED010AFFE76BE09DED4E
:108DB000050AB8EE401A9FED590A80EE010A44F206
:108DC0003840C5F6020000686FF35F2001EE100A1C
:108DD000B8EE411A9DED022A9FED4F3A82EE032A2A
:108DE00031EE021AB7EE002A31EE021A20EE010A25
:108DF0008DED010A47E09DED050AB8EE401A9FEDA2
:108E0000450A80EE010A44F23840C5F602000068C7
:108E10006FF35F2001EE100AB8EE411A9DED022AB1
:108E20009FED3D3A82EE032A31EE021AB7EE002A98
:108E300031EE021A20EE010A8DED010A23E09DEDCC
:108E4000050AB8EE401A9FED350A80EE010A44F299
:108E50003840C5F6020000686FF35F2001EE100A8B
:108E6000B8EE411A9DED022A9FED2B3A82EE032ABD
:108E700031EE021AB7EE002A31EE021A20EE010A94
:108E80008DED010AFFE79DED010A44F23840C5F679
:108E90000200016889B2490A01EE101AB8EE411ABF
:108EA000B7EE002A31EE021A80EE010A0799BCEEF5
:108EB000C00A81ED000A9DED010A0168C1F3064177
:108EC00001EE101AB8EE411A31EE021A80EE010AD4
:108ED0000799BCEEC00A81ED010A9DED010A006808
:108EE000C0F3066001EE100AB8EE411A31EE021A24
:108EF00080EE010A0798BCEEC00A80ED020A07E086
:108F00000799002008600799486007998860FFE783
:108F100008B0704720BCBE4B000000460024744AD5
:108F20000024744C0000000088B0079044F22840F0
:108F3000C5F60200016801F0030106910068C0F364
:108F40000550059044F22C40C5F602000068C0F3BD
:108F500000200490049844F24441C5F602010968D7
:108F600089B2C908484300EE100AB8EE400A8DEDF8
:108F7000020A0598002800F01B81FFE70698009080
:108F800048B1FFE70098012869D0FFE70098022860
:108F900000F08980ABE044F20040C5F602000068B2
:108FA00000F020010020B0EB511F33D0FFE744F266
:108FB0000040C5F602000068C0F3C10149F200009C
:108FC000C0F2D030C84003909DED030AB8EE400ACD
:108FD0009DED051AB8EE411A80EE010A44F24040B8
:108FE000C5F6020000686FF35F2001EE100AB8EECC
:108FF000411A9DED022A9FED743A82EE032A31EE6A
:10900000021AB7EE002A31EE021A20EE010A8DEDA7
:10901000010A23E09DED050AB8EE401A9FED6C0AA7
:1090200080EE010A44F24040C5F6020000686FF38A
:109030005F2001EE100AB8EE411A9DED022A9FED65
:10904000623A82EE032A31EE021AB7EE002A31EEBE
:10905000021A20EE010A8DED010AFFE76BE09DED9B
:10906000050AB8EE401A9FED590A80EE010A44F253
:109070004040C5F6020000686FF35F2001EE100A61
:10908000B8EE411A9DED022A9FED4F3A82EE032A77
:1090900031EE021AB7EE002A31EE021A20EE010A72
:1090A0008DED010A47E09DED050AB8EE401A9FEDEF
:1090B000450A80EE010A44F24040C5F6020000680D
:1090C0006FF35F2001EE100AB8EE411A9DED022AFF
:1090D0009FED3D3A82EE032A31EE021AB7EE002AE6
:1090E00031EE021A20EE010A8DED010A23E09DED1A
:1090F000050AB8EE401A9FED350A80EE010A44F2E7
:109100004040C5F6020000686FF35F2001EE100AD0
:10911000B8EE411A9DED022A9FED2B3A82EE032A0A
:1091200031EE021AB7EE002A31EE021A20EE010AE1
:109130008DED010AFFE79DED010A44F24040C5F6BE
:109140000200016889B2490A01EE101AB8EE411A0C
:10915000B7EE002A31EE021A80EE010A0799BCEE42
:10916000C00A81ED000A9DED010A0168C1F30641C4
:1091700001EE101AB8EE411A31EE021A80EE010A21
:109180000799BCEEC00A81ED010A9DED010A006855
:10919000C0F3066001EE100AB8EE411A31EE021A71
:1091A00080EE010A0798BCEEC00A80ED020A07E0D3
:1091B0000799002008600799486007998860FFE7D1
:1091C00008B0704720BCBE4B000000460024744A23
:1091D0000024744C0000000080B59AB019911890DA
:1091E0001898199980F480700843002840F0A880EE
:1091F000FFE744F25040C5F60200006800F00700A7
:109200000D900D980A90042800F295800A99DFE8E5
:1092100001F00316298C3C0044F20040C5F6020020
:1092200000688001002806D5FFE715A8FFF7CCFBF2
:1092300016980E9002E000200E90FFE77EE044F2C8
:109240000040C5F6020000680001002806D5FFE7CF
:1092500012A8FFF711FD12980E9002E000200E9068
:10926000FFE76BE044F20040C5F6020000688000B2
:10927000002806D5FFE70FA8FFF756FE0F980E90BF
:1092800002E000200E90FFE758E044F24C40C5F6A3
:109290000200006800F040500C9044F20040C5F617
:1092A000020000684007002811D5FFE70C9870B94C
:1092B000FFE744F20040C5F602000068C0F3C101B8
:1092C00049F20000C0F2D030C8400E902CE044F2C9
:1092D0000040C5F602000068C00500280BD5FFE776
:1092E0000C98B0F1805F06D1FFE740F60010C0F2A5
:1092F0003D000E9017E044F20040C5F60200006801
:10930000800300280BD5FFE70C98B0F1005F06D171
:10931000FFE747F64000C0F27D100E9002E000200B
:109320000E90FFE7FFE7FFE708E048F20000C0F219
:10933000BB000E9002E000200E90FFE700F06EBD33
:109340001898199980F400700843002840F0B38001
:10935000FFE744F25040C5F60200006800F4E070F8
:109360000D900D98099090B1FFE70998402821D001
:10937000FFE70998802830D0FFE70998C02800F05F
:109380008F80FFE70998B0F5807F39D08EE044F2F6
:109390000040C5F6020000688001002806D5FFE7FE
:1093A00015A8FFF711FB16980E9002E000200E9012
:1093B000FFE77EE044F20040C5F6020000680001CD
:1093C000002806D5FFE712A8FFF756FC12980E906A
:1093D00002E000200E90FFE76BE044F20040C5F68B
:1093E000020000688000002806D5FFE70FA8FFF7FD
:1093F0009BFD0F980E9002E000200E90FFE758E0D2
:1094000044F24C40C5F60200006800F040500C9059
:1094100044F20040C5F6020000684007002811D55C
:10942000FFE70C9870B9FFE744F20040C5F6020070
:109430000068C0F3C10149F20000C0F2D030C8405A
:109440000E902CE044F20040C5F602000068C00512
:1094500000280BD5FFE70C98B0F1805F06D1FFE73D
:1094600040F60010C0F23D000E9017E044F20040BC
:10947000C5F602000068800300280BD5FFE70C98B2
:10948000B0F1005F06D1FFE747F64000C0F27D1063
:109490000E9002E000200E90FFE7FFE7FFE708E0F4
:1094A00048F20000C0F2BB000E9002E000200E90D7
:1094B000FFE700F0B2BC1898199980F48060084367
:1094C000002840F0B580FFE744F25840C5F602009E
:1094D000006800F460000D900D980890A8B1FFE7B7
:1094E0000898B0F5001F23D0FFE70898B0F5800F6B
:1094F00031D0FFE70898B0F5C00F00F08F80FFE78C
:109500000898B0F5000F39D08EE044F20040C5F65F
:10951000020000688001002806D5FFE715A8FFF7C4
:1095200053FA16980E9002E000200E90FFE77EE0BE
:1095300044F20040C5F6020000680001002806D58C
:10954000FFE712A8FFF798FB12980E9002E00020A8
:109550000E90FFE76BE044F20040C5F602000068A1
:109560008000002806D5FFE70FA8FFF7DDFC0F9865
:109570000E9002E000200E90FFE758E044F24C40CD
:10958000C5F60200006800F040500C9044F2004024
:10959000C5F6020000684007002811D5FFE70C98C7
:1095A00070B9FFE744F20040C5F602000068C0F35E
:1095B000C10149F20000C0F2D030C8400E902CE04A
:1095C00044F20040C5F602000068C00500280BD533
:1095D000FFE70C98B0F1805F06D1FFE740F600107E
:1095E000C0F23D000E9017E044F20040C5F60200C4
:1095F0000068800300280BD5FFE70C98B0F1005FEE
:1096000006D1FFE747F64000C0F27D100E9002E061
:1096100000200E90FFE7FFE7FFE708E048F20000B8
:10962000C0F2BB000E9002E000200E90FFE7F3E3D3
:109630001898199980F400600843002840F0B5801C
:10964000FFE744F25840C5F60200006800F0E06011
:109650000D900D980790A8B1FFE70798B0F1807FB3
:1096600023D0FFE70798B0F1007F31D0FFE70798DC
:10967000B0F1407F00F08F80FFE70798B0F1806F76
:1096800039D08EE044F20040C5F602000068800147
:10969000002806D5FFE715A8FFF796F916980E9053
:1096A00002E000200E90FFE77EE044F20040C5F6A5
:1096B000020000680001002806D5FFE712A8FFF7A6
:1096C000DBFA12980E9002E000200E90FFE76BE0AC
:1096D00044F20040C5F6020000688000002806D56C
:1096E000FFE70FA8FFF720FC0F980E9002E0002084
:1096F0000E90FFE758E044F24C40C5F602000068C7
:1097000000F040500C9044F20040C5F602000068A2
:109710004007002811D5FFE70C9870B9FFE744F225
:109720000040C5F602000068C0F3C10149F2000024
:10973000C0F2D030C8400E902CE044F20040C5F694
:1097400002000068C00500280BD5FFE70C98B0F1B7
:10975000805F06D1FFE740F60010C0F23D000E909A
:1097600017E044F20040C5F60200006880030028BC
:109770000BD5FFE70C98B0F1005F06D1FFE747F685
:109780004000C0F27D100E9002E000200E90FFE736
:10979000FFE7FFE708E048F20000C0F2BB000E90D0
:1097A00002E000200E90FFE735E31898199980F445
:1097B00080500843002840F0B580FFE744F2504055
:1097C000C5F60200006800F4E0400B900B9806908C
:1097D000A8B1FFE70698B0F5805F23D0FFE70698B1
:1097E000B0F5005F31D0FFE70698B0F5405F00F0BC
:1097F0008F80FFE70698B0F5804F39D08EE044F2B5
:109800000040C5F6020000688001002806D5FFE789
:1098100015A8FFF7D9F816980E9002E000200E90D8
:10982000FFE77EE044F20040C5F602000068000158
:10983000002806D5FFE712A8FFF71EFA12980E902F
:1098400002E000200E90FFE76BE044F20040C5F616
:10985000020000688000002806D5FFE70FA8FFF788
:1098600063FB0F980E9002E000200E90FFE758E097
:1098700044F24C40C5F60200006800F040500C90E5
:1098800044F20040C5F6020000684007002811D5E8
:10989000FFE70C9870B9FFE744F20040C5F60200FC
:1098A0000068C0F3C10149F20000C0F2D030C840E6
:1098B0000E902CE044F20040C5F602000068C0059E
:1098C00000280BD5FFE70C98B0F1805F06D1FFE7C9
:1098D00040F60010C0F23D000E9017E044F2004048
:1098E000C5F602000068800300280BD5FFE70C983E
:1098F000B0F1005F06D1FFE747F64000C0F27D10EF
:109900000E9002E000200E90FFE7FFE7FFE708E07F
:1099100048F20000C0F2BB000E9002E000200E9062
:10992000FFE777E21898199980F40050084300285F
:1099300040F09580FFE744F25040C5F60200006811
:1099400000F4E0200B900B980590C8B1FFE7059854
:10995000B0F5803F18D0FFE70598B0F5003F26D05E
:10996000FFE70598B0F5403F34D0FFE70598B0F524
:10997000802F4AD0FFE70598B0F5A02F58D06AE0B5
:1099800001F0F2FE0E9069E044F20040C5F60200DC
:1099900000680001002806D5FFE712A8FFF76CF960
:1099A00013980E9002E000200E90FFE756E044F27C
:1099B0000040C5F6020000688000002806D5FFE7D9
:1099C0000FA8FFF7B1FA10980E9002E000200E9059
:1099D000FFE743E044F20040C5F60200006840079C
:1099E00000280ED5FFE744F20040C5F602000068EB
:1099F000C0F3C10149F20000C0F2D030C8400E905F
:109A000002E000200E90FFE728E044F20040C5F697
:109A100002000068C005002806D5FFE740F60010E8
:109A2000C0F23D000E9002E000200E90FFE715E02E
:109A300044F20040C5F6020000688003002806D505
:109A4000FFE747F64000C0F27D100E9002E00020D4
:109A50000E90FFE702E000200E90FFE7D9E1189892
:109A6000199980F400200843002840F09180FFE716
:109A700044F25840C5F60200006800F440300B90F4
:109A80000B98049050B1FFE70498B0F5803F18D0D0
:109A9000FFE70498B0F5003F26D075E044F200409F
:109AA000C5F6020000680001002806D5FFE712A8ED
:109AB000FFF7E2F812980E9002E000200E90FFE708
:109AC00065E044F20040C5F602000068800000280E
:109AD00006D5FFE70FA8FFF727FA11980E9002E0CE
:109AE00000200E90FFE752E044F24C40C5F6020021
:109AF000006800F040500C9044F20040C5F60200AF
:109B000000684007002811D5FFE70C9870B9FFE7FF
:109B100044F20040C5F602000068C0F3C10149F2FA
:109B20000000C0F2D030C8400E902CE044F200405B
:109B3000C5F602000068C00500280BD5FFE70C98A9
:109B4000B0F1805F06D1FFE740F60010C0F23D00A3
:109B50000E9017E044F20040C5F602000068800352
:109B600000280BD5FFE70C98B0F1005F06D1FFE7A6
:109B700047F64000C0F27D100E9002E000200E90EB
:109B8000FFE7FFE7FFE702E000200E90FFE73FE17D
:109B90001898199980F480300843D8BBFFE744F245
:109BA0004C40C5F60200006800F480300B900B9822
:109BB000039028B1FFE70398B0F5803F13D025E06C
:109BC00044F20040C5F6020000688001002806D576
:109BD000FFE715A8FEF7F8FE16980E9002E00020A9
:109BE0000E90FFE715E044F20040C5F60200006861
:109BF0000001002806D5FFE712A8FFF73DF81498EA
:109C00000E9002E000200E90FFE702E000200E9090
:109C1000FFE7FCE01898199980F480400843002879
:109C200040F09580FFE744F25840C5F60200006816
:109C300000F0E0400B900B980290C8B1FFE702984B
:109C4000B0F1805F18D0FFE70298B0F1005F26D036
:109C5000FFE70298B0F1405F34D0FFE70298B0F11F
:109C6000804F4AD0FFE70298B0F1A04F58D06AE089
:109C7000FEF796FE0E9069E044F20040C5F6020041
:109C800000680001002806D5FFE712A8FEF7F4FFE0
:109C900013980E9002E000200E90FFE756E044F289
:109CA0000040C5F6020000688000002806D5FFE7E6
:109CB0000FA8FFF739F910980E9002E000200E90DF
:109CC000FFE743E044F20040C5F6020000684007A9
:109CD00000280ED5FFE744F20040C5F602000068F8
:109CE000C0F3C10149F20000C0F2D030C8400E906C
:109CF00002E000200E90FFE728E044F20040C5F6A5
:109D000002000068C005002806D5FFE740F60010F5
:109D1000C0F23D000E9002E000200E90FFE715E03B
:109D200044F20040C5F6020000688003002806D512
:109D3000FFE747F64000C0F27D100E9002E00020E1
:109D40000E90FFE702E000200E90FFE75EE018981B
:109D5000199980F400400843002853D1FFE744F2EA
:109D60005040C5F60200006800F040500B900B9880
:109D7000019050B1FFE70198B0F1805F18D0FFE784
:109D80000198B0F1005F26D038E044F20040C5F6FB
:109D9000020000688003002806D5FFE747F6400070
:109DA000C0F27D100E9002E000200E90FFE728E048
:109DB00044F20040C5F6020000688001002806D584
:109DC000FFE715A8FEF700FE16980E9002E00020AF
:109DD0000E90FFE715E044F20040C5F6020000686F
:109DE0000001002806D5FFE712A8FEF745FF1398EB
:109DF0000E9002E000200E90FFE702E000200E909F
:109E0000FFE702E000200E90FFE7FFE7FFE7FFE734
:109E1000FFE7FFE7FFE7FFE7FFE7FFE70E981AB06E
:109E200080BD00000000000080B59AB018900020AE
:109E30008DF857008DF856001898C0780007002854
:109E400048D5FFE71898806E149078B1FFE7149812
:109E5000B0F5801F13D0FFE71498B0F5001F16D09F
:109E6000FFE71498B0F5401F19D019E044F22C41D7
:109E7000C5F60201086840F40030086014E0189844
:109E80000830022107F0A0F98DF857000CE018986F
:109E90002830022107F080FA8DF8570004E003E033
:109EA00001208DF85700FFE79DF8570060B9FFE7E4
:109EB00044F25041C5F60201086820F44010189A97
:109EC000926E1043086004E09DF857008DF856002C
:109ED000FFE7FFE718984078C007002840D0FFE769
:109EE0001898806D1390042820D81399DFE801F0AA
:109EF000030C141C1D0044F22C41C5F60201086835
:109F000040F40030086015E018980830002107F090
:109F10005BF98DF857000DE018982830002107F004
:109F20003BFA8DF8570005E004E003E001208DF8CE
:109F30005700FFE79DF8570060B9FFE744F2504132
:109F4000C5F60201086820F00700189A926D1043C8
:109F5000086004E09DF857008DF85600FFE7FFE722
:109F600018984078800700284BD5FFE71898C06DF7
:109F7000129088B1FFE71298402816D0FFE7129898
:109F800080281AD0FFE71298C0281ED0FFE7129849
:109F9000B0F5807F1AD01AE044F22C41C5F60201D8
:109FA000086840F40030086015E018980830002177
:109FB00007F00AF98DF857000DE0189828300021B5
:109FC00007F0EAF98DF8570005E004E003E001200E
:109FD0008DF85700FFE79DF8570060B9FFE744F29E
:109FE0005041C5F60201086820F4E070189AD26D5D
:109FF0001043086004E09DF857008DF85600FFE715
:10A00000FFE7189840784007002850D5FFE71898D8
:10A01000D0F8A8001190A0B1FFE71198B0F5001F8B
:10A0200018D0FFE71198B0F5800F1BD0FFE711980B
:10A03000B0F5C00F1ED0FFE71198B0F5000F1AD091
:10A040001AE044F22C41C5F60201086840F40030E1
:10A05000086015E018980830002107F0B5F88DF871
:10A0600057000DE018982830002107F095F98DF879
:10A07000570005E004E003E001208DF85700FFE7FA
:10A080009DF8570068B9FFE744F25841C5F6020150
:10A09000086820F46000189AD2F8A82010430860DD
:10A0A00004E09DF857008DF85600FFE7FFE7189889
:10A0B00040780007002850D5FFE71898D0F8AC008A
:10A0C0001090A0B1FFE71098B0F1807F18D0FFE7A3
:10A0D0001098B0F1007F1BD0FFE71098B0F1407FDF
:10A0E0001ED0FFE71098B0F1806F1AD01AE044F24A
:10A0F0002C41C5F60201086840F40030086015E004
:10A1000018980830002107F05FF88DF857000DE02F
:10A1100018982830002107F03FF98DF8570005E026
:10A1200004E003E001208DF85700FFE79DF8570099
:10A1300068B9FFE744F25841C5F60201086820F00B
:10A14000E060189AD2F8AC201043086004E09DF853
:10A1500057008DF85600FFE7FFE71898C078800792
:10A1600000283ED5FFE71898C06C0F90F0B1FFE7CC
:10A170000F98102808D0FFE70F9820280DD0FFE790
:10A180000F98302811D012E044F22C41C5F602019C
:10A19000086840F4003008600DE01898083002218B
:10A1A00007F012F88DF8570005E004E003E0012005
:10A1B0008DF85700FFE79DF8570060B9FFE744F2BC
:10A1C0004C41C5F60201086820F03000189AD26CA4
:10A1D0001043086004E09DF857008DF85600FFE733
:10A1E000FFE718984078C00600284ED5FFE718987A
:10A1F000006E0E90A0B1FFE70E98B0F5805F18D00A
:10A20000FFE70E98B0F5005F1BD0FFE70E98B0F5A2
:10A21000405F1ED0FFE70E98B0F5804F1AD01AE0CD
:10A2200044F22C41C5F60201086840F40030086091
:10A2300015E018980830002106F0C6FF8DF8570089
:10A240000DE018982830002107F0A6F88DF8570087
:10A2500005E004E003E001208DF85700FFE79DF8DA
:10A26000570060B9FFE744F25041C5F602010868A3
:10A2700020F4E040189A126E1043086004E09DF844
:10A2800057008DF85600FFE7FFE7189840788006E2
:10A2900000284CD5FFE71898406E0D90C8B1FFE735
:10A2A0000D98B0F5803F15D0FFE70D98B0F5003F51
:10A2B00018D0FFE70D98B0F5403F1BD0FFE70D9891
:10A2C000B0F5802F17D0FFE70D98B0F5A02F13D071
:10A2D00013E016E018980830012106F075FF8DF89C
:10A2E00057000EE018982830012107F055F88DF836
:10A2F000570006E005E004E003E001208DF8570078
:10A30000FFE79DF8570060B9FFE744F25041C5F6FA
:10A310000201086820F4E020189A526E1043086089
:10A3200004E09DF857008DF85600FFE7FFE7189806
:10A330004078400600284ED5FFE71898D0F8B000C6
:10A340000C90C8B1FFE70C98B0F1805F15D0FFE723
:10A350000C98B0F1005F18D0FFE70C98B0F1405FA7
:10A360001BD0FFE70C98B0F1804F17D0FFE70C9897
:10A37000B0F1A04F13D013E016E018980830012177
:10A3800006F022FF8DF857000EE0189828300121C2
:10A3900007F002F88DF8570006E005E004E003E05E
:10A3A00001208DF85700FFE79DF8570068B9FFE7D7
:10A3B00044F25841C5F60201086820F0E040189ABE
:10A3C000D2F8B0201043086004E09DF857008DF8E3
:10A3D0005600FFE7FFE718984078000600283BD5B5
:10A3E000FFE71898006F0B90D8B1FFE70B98B0F11A
:10A3F000805F05D0FFE70B98B0F1005F09D011E056
:10A4000044F22C41C5F60201086840F400300860AF
:10A410000CE018980830012106F0D6FE8DF85700A0
:10A4200004E003E001208DF85700FFE79DF8570096
:10A4300060B9FFE744F25041C5F60201086820F018
:10A440004050189A126F1043086004E09DF85700BE
:10A450008DF85600FFE7FFE71898C078C00700287E
:10A4600037D0FFE71898806C0A90032817D80A990C
:10A47000DFE801F014020B1344F22C41C5F602018F
:10A48000086840F4003008600DE018980830022198
:10A4900006F09AFE8DF8570005E004E003E0012085
:10A4A0008DF85700FFE79DF8570060B9FFE744F2C9
:10A4B0004C41C5F60201086820F00300189A926C1E
:10A4C0001043086004E09DF857008DF85600FFE740
:10A4D000FFE7189880784006002840F1B480FFE735
:10A4E00044F60001C5F60201086840F48070086077
:10A4F000FEF7A2F81690FFE744F60000C5F602004A
:10A500000068C00500280CD4FFE7FEF795F81699FF
:10A51000401A652804D3FFE703208DF8570000E0B8
:10A52000EAE79DF85700002840F08780FFE744F2F3
:10A530007040C5F60200006800F440701899D1F828
:10A54000B41001F44071884213D0FFE744F2704127
:10A55000C5F60201086820F440701790086840F4BE
:10A5600080300860086820F4803008601798086020
:10A57000FFE71898D0F8B400B0F5807F1FD1FFE74F
:10A58000FEF75AF81690FFE744F27040C5F6020055
:10A59000006800F002010020B0EB510F0ED1FFE780
:10A5A000FEF74AF81699401A41F28931884204D3DD
:10A5B000FFE703208DF8570000E0E5E7FFE79DF88F
:10A5C0005700A0BBFFE7FFE71898D0F8B40000F4ED
:10A5D0004070B0F5407F13D1FFE744F21041C5F65B
:10A5E0000201086820F47C50189AD2F8B4204FF683
:10A5F000F043C0F6FF731A4040EA1210086008E00A
:10A6000044F21041C5F60201086820F47C5008604D
:10A61000FFE71898D0F8B4206FF31F3244F270416E
:10A62000C5F60201086810430860FFE704E09DF8E2
:10A6300057008DF85600FFE704E09DF857008DF8AD
:10A640005600FFE7FFE718980068C007002800F0F1
:10A650004C80FFE71898C06F099028282BD80999DB
:10A66000DFE801F01529292929292929162929296D
:10A67000292929291E292929292929292629292958
:10A68000292929292729292929292929280016E0C2
:10A6900018980830012106F097FD8DF857000EE05C
:10A6A00018982830012106F077FE8DF8570006E053
:10A6B00005E004E003E001208DF85700FFE79DF876
:10A6C000570060B9FFE744F25441C5F6020108683B
:10A6D00020F03800189AD26F1043086004E09DF80B
:10A6E00057008DF85600FFE7FFE7189800788007BD
:10A6F000002839D5FFE71898806F0890052819D8E9
:10A700000899DFE801F003040C14151616E01898F8
:10A710000830012106F058FD8DF857000EE018981A
:10A720002830012106F038FE8DF8570006E005E0DC
:10A7300004E003E001208DF85700FFE79DF8570083
:10A7400060B9FFE744F25441C5F60201086820F001
:10A750000700189A926F1043086004E09DF85700B4
:10A760008DF85600FFE7FFE71898007840070028AB
:10A770003BD5FFE71898D0F894000790052819D822
:10A780000799DFE801F003040C14151616E0189879
:10A790000830012106F018FD8DF857000EE01898DA
:10A7A0002830012106F0F8FD8DF8570006E005E09D
:10A7B00004E003E001208DF85700FFE79DF8570003
:10A7C00068B9FFE744F25841C5F60201086820F075
:10A7D0000700189AD2F894201043086004E09DF80E
:10A7E00057008DF85600FFE7FFE7189800788006BD
:10A7F00000284ED5FFE71898D0F890000690C8B111
:10A80000FFE70698B0F1805F15D0FFE70698B0F13A
:10A81000005F18D0FFE70698B0F1405F1BD0FFE75C
:10A820000698B0F1804F17D0FFE70698B0F1A04F1F
:10A8300013D013E016E018980830002106F0C4FC8D
:10A840008DF857000EE018982830022106F0A4FD7C
:10A850008DF8570006E005E004E003E001208DF8E4
:10A860005700FFE79DF8570068B9FFE744F25441ED
:10A87000C5F60201086820F0E040189AD2F890204E
:10A880001043086004E09DF857008DF85600FFE77C
:10A89000FFE718980078400600284ED5FFE7189883
:10A8A000D0F89C000590C8B1FFE70598B0F5806F1F
:10A8B00015D0FFE70598B0F5006F18D0FFE70598B1
:10A8C000B0F5406F1BD0FFE70598B0F5805F17D05B
:10A8D000FFE70598B0F5A05F13D013E016E01898D5
:10A8E0000830002106F070FC8DF857000EE0189833
:10A8F0002830022106F050FD8DF8570006E005E0F3
:10A9000004E003E001208DF85700FFE79DF85700B1
:10A9100068B9FFE744F25841C5F60201086820F41F
:10A92000E050189AD2F89C201043086004E09DF88B
:10A9300057008DF85600FFE7FFE7189800780006EB
:10A9400000284ED5FFE71898D0F8A0000490C8B1B1
:10A95000FFE70498B0F5005F15D0FFE70498B0F565
:10A96000804F18D0FFE70498B0F5C04F1BD0FFE729
:10A970000498B0F5004F17D0FFE70498B0F5204FCA
:10A9800013D013E016E018980830002106F01CFCE4
:10A990008DF857000EE018982830022106F0FCFCD4
:10A9A0008DF8570006E005E004E003E001208DF893
:10A9B0005700FFE79DF8570068B9FFE744F2584198
:10A9C000C5F60201086820F46040189AD2F8A02069
:10A9D0001043086004E09DF857008DF85600FFE72B
:10A9E000FFE7189800780007002820D5FFE718989F
:10A9F000D0F88400B0F5805F0CD1FFE718982830BC
:10AA0000022106F0C9FC20B1FFE701208DF85600B5
:10AA1000FFE7FFE744F25441C5F60201086820F45D
:10AA20004050189AD2F8842010430860FFE7189825
:10AA30000078C006002820D5FFE71898D0F89800C5
:10AA4000B0F5807F0CD1FFE718982830022106F07E
:10AA5000A3FC20B1FFE701208DF85600FFE7FFE7D8
:10AA600044F25841C5F60201086820F44070189A73
:10AA7000D2F8982010430860FFE718988078000704
:10AA800000283CD5FFE71898D0F8A400039050B1F7
:10AA9000FFE70398B0F5803F0DD0FFE70398B0F5CE
:10AAA000003F10D010E018980830002106F08CFB11
:10AAB0008DF857000CE018982830022106F06CFC45
:10AAC0008DF8570004E003E001208DF85700FFE700
:10AAD0009DF8570068B9FFE744F25841C5F60201F6
:10AAE000086820F44030189AD2F8A4201043086077
:10AAF00004E09DF857008DF85600FFE7FFE718982F
:10AB00008078400700283FD5FFE71898D0F88800E4
:10AB10000290B0F5801F0AD0FFE70298B0F5001F41
:10AB20000ED0FFE70298B0F5401F11D011E044F2BB
:10AB30002C41C5F60201086840F4003008600CE0C2
:10AB400018982830012106F027FC8DF8570004E002
:10AB500003E001208DF85700FFE79DF8570068B922
:10AB6000FFE744F25441C5F60201086820F44010A2
:10AB7000189AD2F888201043086004E09DF8570026
:10AB80008DF85600FFE7FFE718988078C007A8B354
:10AB9000FFE71898006D019028B1FFE70198B0F524
:10ABA000803F09D010E044F22C41C5F6020108684C
:10ABB00040F4003008600BE018980830022106F0DD
:10ABC00003FB8DF8570003E001208DF85700FFE7E5
:10ABD0009DF8570060B9FFE744F24C41C5F6020109
:10ABE000086820F48030189A126D1043086004E061
:10ABF0009DF857008DF85600FFE7FFE71898C078DA
:10AC0000800600280CD5FFE718982830022106F0AE
:10AC1000C3FB20B1FFE701208DF85600FFE7FFE7F7
:10AC200018988078800700283CD5FFE71898D0F85E
:10AC300080000090D0B1FFE70098B0F5807F0AD087
:10AC4000FFE70098B0F5007F0ED0FFE70098B0F561
:10AC5000407F0AD00BE044F22C41C5F6020108689F
:10AC600040F40030086006E005E004E003E0012065
:10AC70008DF85700FFE79DF8570068B9FFE744F2E9
:10AC80005441C5F60201086820F44070189AD2F8C1
:10AC900080201043086004E09DF857008DF85600AE
:10ACA000FFE7FFE718988078C00600280CD5FFE77B
:10ACB00044F25041C5F60201086820F00040189A9D
:10ACC000526F10430860FFE71898C078C00600284C
:10ACD0000DD5FFE744F21041C5F60201086820F4E3
:10ACE0008040189AD2F8B82010430860FFE71898FF
:10ACF0008078800600280CD5FFE744F25041C5F665
:10AD00000201086820F08070189AD26E1043086023
:10AD1000FFE71898C0784006002811D5FFE7FFE745
:10AD200044F21041C5F60201086820F400400860B2
:10AD30001898D0F8BC20086810430860FFE7FFE7C8
:10AD40001898C078000600280CD5FFE744F24C4163
:10AD5000C5F60201086820F04050189A526D104361
:10AD60000860FFE718988078000600280DD5FFE7F7
:10AD700044F25441C5F60201086820F44000189AD4
:10AD8000D2F88C2010430860FFE718980079C007BC
:10AD900090B1FFE718980830002106F015FA8DF8F9
:10ADA00057009DF8570008B9FFE704E09DF85700E9
:10ADB0008DF85600FFE7FFE7189800798007002814
:10ADC00012D5FFE718980830012106F0FDF98DF83B
:10ADD00057009DF8570008B9FFE704E09DF85700B9
:10ADE0008DF85600FFE7FFE7189800794007002824
:10ADF00012D5FFE718980830022106F0E5F98DF822
:10AE000057009DF8570008B9FFE704E09DF8570088
:10AE10008DF85600FFE7FFE7189800790007002833
:10AE200012D5FFE718982830002106F0B5FA8DF802
:10AE300057009DF8570008B9FFE704E09DF8570058
:10AE40008DF85600FFE7FFE718980079C006002844
:10AE500012D5FFE718982830012106F09DFA8DF8E9
:10AE600057009DF8570008B9FFE704E09DF8570028
:10AE70008DF85600FFE7FFE7189800798006002854
:10AE800012D5FFE718982830022106F085FA8DF8D0
:10AE900057009DF8570008B9FFE704E09DF85700F8
:10AEA0008DF85600FFE7FFE79DF8560020B9FFE751
:10AEB00000208DF8670003E001208DF86700FFE7B0
:10AEC0009DF867001AB080BD80B586B004900391EC
:10AED000049820B9FFE701208DF817003CE20398A1
:10AEE00042F20001C5F20021096801F00F01884219
:10AEF00016D9FFE742F20000C5F20020016821F0F8
:10AF00000F01039A11430160006800F00F000399DC
:10AF1000884204D0FFE701208DF817001CE2FFE70C
:10AF2000049800784007002819D5FFE704980069C5
:10AF300044F21841C5F60201096801F07001884227
:10AF40000CD9FFE744F21841C5F60201086820F069
:10AF50007000049A126910430860FFE7FFE7049845
:10AF600000780007002819D5FFE70498406944F2EB
:10AF70001C41C5F60201096801F0700188420CD934
:10AF8000FFE744F21C41C5F60201086820F070009A
:10AF9000049A526910430860FFE7FFE704980078BD
:10AFA000C006002819D5FFE70498806944F21C41C7
:10AFB000C5F60201096801F4E06188420CD9FFE797
:10AFC00044F21C41C5F60201086820F4E060049ACE
:10AFD000926910430860FFE7FFE704980078800655
:10AFE000002819D5FFE70498C06944F22041C5F64E
:10AFF0000201096801F0700188420CD9FFE744F2B0
:10B000002041C5F60201086820F07000049AD26958
:10B0100010430860FFE7FFE70498007880070028E6
:10B0200019D5FFE70498C06844F21841C5F602013B
:10B03000096801F00F0188420CD9FFE744F218417A
:10B04000C5F60201086820F00F00049AD268104388
:10B050000860FFE7FFE704980078C007002800F0C9
:10B060008C80FFE744F21841C5F60201086820F41D
:10B070007060049A9268104308600498406802283F
:10B0800011D1FFE744F20040C5F60200006800F469
:10B0900000310020B0EB514F04D1FFE701208DF8C3
:10B0A000170059E13EE004984068032811D1FFE7FA
:10B0B00044F20040C5F60200006800F00071002074
:10B0C000B0EB516F04D1FFE701208DF8170043E189
:10B0D00027E004984068012811D1FFE744F20040BE
:10B0E000C5F60200006800F480710020B0EB112F5B
:10B0F00004D1FFE701208DF817002DE110E044F2A4
:10B100000040C5F60200006800F004010020B0EB2A
:10B11000910F04D1FFE701208DF817001CE1FFE734
:10B12000FFE7FFE744F21041C5F60201086820F08E
:10B130000700049A526810430860FDF77DFA0190F9
:10B14000FFE744F21040C5F60200006800F0380046
:10B1500004994968B0EBC10F0ED0FFE7FDF76CFA18
:10B160000199401A41F28931884204D3FFE7032054
:10B170008DF81700F0E0E4E7FFE704980078800717
:10B18000002819D5FFE70498C06844F21841C5F6B5
:10B190000201096801F00F0188420CD2FFE744F276
:10B1A0001841C5F60201086820F00F00049AD26821
:10B1B00010430860FFE7FFE7039842F20001C5F281
:10B1C0000021096801F00F01884216D2FFE742F220
:10B1D0000000C5F20020016821F00F01039A11431D
:10B1E0000160006800F00F000399884204D0FFE777
:10B1F00001208DF81700AFE0FFE7049800784007C2
:10B20000002819D5FFE70498006944F21841C5F6F3
:10B210000201096801F0700188420CD2FFE744F294
:10B220001841C5F60201086820F07000049A1269FE
:10B2300010430860FFE7FFE7049800780007002844
:10B2400019D5FFE70498406944F21C41C5F6020194
:10B25000096801F0700188420CD2FFE744F21C41FA
:10B26000C5F60201086820F07000049A5269104384
:10B270000860FFE7FFE704980078C006002819D5AA
:10B28000FFE70498806944F21C41C5F60201096891
:10B2900001F4E06188420CD2FFE744F21C41C5F69C
:10B2A0000201086820F4E060049A92691043086083
:10B2B000FFE7FFE7049800788006002819D5FFE72C
:10B2C0000498C06944F22041C5F60201096801F002
:10B2D000700188420CD2FFE744F22041C5F602011A
:10B2E000086820F07000049AD26910430860FFE7F4
:10B2F000FFE700F061FA44F21842C5F60202116855
:10B30000C1F3032349F21021C0F61101CB5C03F015
:10B310001F03D84000900098126802F00F02895C69
:10B3200001F01F01C84040F66C31C2F200410860D4
:10B33000009840F66831C2F20041086043F60410FC
:10B34000C2F200400068FDF727FA8DF80B009DF867
:10B350000B008DF81700FFE79DF8170006B080BDC1
:10B3600080B582B042F20000C5F20020006800F013
:10B370000F00062814D8FFE742F20000C5F20020B3
:10B380000168072262F303010160006800F00F000A
:10B39000072804D0FFE701208DF807006DE1FFE7E3
:10B3A000FDF74AF9009044F20041C5F60201086831
:10B3B00040F001000860FFE744F20040C5F60200DB
:10B3C0000068400700280CD4FFE7FDF735F9009925
:10B3D000401A032804D3FFE703208DF807004CE14F
:10B3E000EAE744F20441C5F60201086840F08040F3
:10B3F000086044F21041C5F602010020086040F6E2
:10B400006831C2F2004149F20000C0F2D030086059
:10B4100040F66C31C2F20041086043F60410C2F2FB
:10B4200000400068FDF7B8F920B1FFE701208DF872
:10B43000070022E1FDF700F90090FFE744F2104019
:10B44000C5F60200006810F0380F0ED0FFE7FDF7D8
:10B45000F3F80099401A41F28931884204D3FFE79A
:10B4600003208DF8070008E1E8E7FDF7E5F8009014
:10B4700044F20041C5F6020108684EF64552CFF687
:10B48000F67210400860FFE744F20040C5F6020083
:10B490000068800300280CD5FFE7FDF7CDF8009980
:10B4A000401A652804D3FFE703208DF80700E4E085
:10B4B000EAE7FDF7C1F8009044F20041C5F6020149
:10B4C000086820F080700860FFE744F20040C5F68D
:10B4D00002000068800100280CD5FFE7FDF7ACF8FA
:10B4E0000099401A032804D3FFE703208DF80700D2
:10B4F000C3E0EAE7FDF7A0F8009044F20041C5F68A
:10B500000201086820F080600860FFE744F2004014
:10B51000C5F602000068000100280CD5FFE7FDF722
:10B520008BF80099401A032804D3FFE703208DF815
:10B530000700A2E0EAE7FDF77FF8009044F200413F
:10B54000C5F60201086820F080500860FFE744F269
:10B550000040C5F602000068800000280CD5FFE717
:10B56000FDF76AF80099401A032804D3FFE7032087
:10B570008DF8070081E0EAE744F21841C5F60201C0
:10B580000020086044F21C41C5F60201086044F244
:10B590002041C5F60201086044F22842C5F60202C5
:10B5A00040F20021C0F20221116044F22C42C5F6A3
:10B5B00002020021C0F2FF11116044F23042C5F6D0
:10B5C000020240F28021C0F20111116044F23442C3
:10B5D000C5F60202106044F23842C5F6020211605C
:10B5E00044F23C42C5F60202106044F24042C5F605
:10B5F0000202116044F24441C5F60201086044F2BF
:10B600000042C5F60202116821F48021116044F263
:10B610006041C5F60201086044F26841C5F60201C6
:10B620004FF0FF30086044F2D041C5F602010868CF
:10B6300040F48030086042F20000C5F2002000684B
:10B6400000F00F00082814D3FFE742F20000C5F213
:10B6500000200168072262F303010160006800F026
:10B660000F00072804D0FFE701208DF8070004E051
:10B67000FFE700208DF80700FFE79DF8070002B004
:10B6800080BD00000000000082B00190009101998F
:10B690003F20086044F21040C5F60200006800F048
:10B6A00007000199486044F21840C5F6020001689D
:10B6B00001F47061019A9160016801F00F01019A33
:10B6C000D160006800F070000199086144F21C40EC
:10B6D000C5F60200016801F07001019A516100682D
:10B6E00000F4E0600199886144F22040C5F6020050
:10B6F000006800F070000199C86142F20000C5F2D4
:10B700000020006800F00F000099086002B0704748
:10B7100080B582B000F050F844F21842C5F602023B
:10B720001168C1F3032349F21021C0F61101CB5C6B
:10B7300003F01F03D84001900198126802F00F0235
:10B74000895C01F01F0120FA01F140F66C30C2F271
:10B7500000400160019940F66832C2F20042116077
:10B76000006802B080BD000080B5FFF7D1FF44F251
:10B770001C41C5F602010968C1F3021249F2102109
:10B78000C0F61101895C01F01F01C84080BD0000B6
:10B7900080B5FFF7BDFF44F21C41C5F60201096800
:10B7A000C1F3022249F21021C0F61101895C01F0B7
:10B7B0001F01C84080BD00008AB044F21040C5F6A9
:10B7C0000200006800F0380001460191182800F2DC
:10B7D00069810199DFE811F01900660166016601CF
:10B7E00066016601660166013A006601660166014E
:10B7F0006601660166016601400066016601660138
:10B800006601660166016601460044F20040C5F625
:10B810000200006800F020010020B0EB511F0ED0A4
:10B82000FFE744F20040C5F602000068C0F3C10122
:10B8300049F20000C0F2D030C840029005E049F261
:10B840000000C0F2D0300290FFE731E140F6001076
:10B85000C0F23D0002902BE147F64000C0F27D109F
:10B86000029025E144F22840C5F60200016801F08B
:10B87000030108910068C0F30510079044F22C40C2
:10B88000C5F60200006800F001000690069844F238
:10B890003441C5F60201096889B2C908484300EE7F
:10B8A000100AB8EE400A8DED040A0798002800F04F
:10B8B000F580FFE70898009048B1FFE7009801285D
:10B8C00069D0FFE70098022800F08980ABE044F2DD
:10B8D0000040C5F60200006800F020010020B0EB37
:10B8E000511F33D0FFE744F20040C5F60200006864
:10B8F000C0F3C10149F20000C0F2D030C840059049
:10B900009DED050AB8EE400A9DED071AB8EE411A02
:10B9100080EE010A44F23040C5F6020000686FF381
:10B920005F2001EE100AB8EE411A9DED042A9FED4A
:10B93000633A82EE032A31EE021AB7EE002A31EEA4
:10B94000021A20EE010A8DED030A23E09DED070A9D
:10B95000B8EE401A9FED5B0A80EE010A44F23040D7
:10B96000C5F6020000686FF35F2001EE100AB8EE22
:10B97000411A9DED042A9FED513A82EE032A31EEE1
:10B98000021AB7EE002A31EE021A20EE010A8DEDFE
:10B99000030AFFE76BE09DED070AB8EE401A9FED42
:10B9A000480A80EE010A44F23040C5F60200006801
:10B9B0006FF35F2001EE100AB8EE411A9DED042AE4
:10B9C0009FED3E3A82EE032A31EE021AB7EE002ACC
:10B9D00031EE021A20EE010A8DED030A47E09DEDDB
:10B9E000070AB8EE401A9FED340A80EE010A44F2CD
:10B9F0003040C5F6020000686FF35F2001EE100AC8
:10BA0000B8EE411A9DED042A9FED2C3A82EE032AEE
:10BA100031EE021AB7EE002A31EE021A20EE010AC8
:10BA20008DED030A23E09DED070AB8EE401A9FED65
:10BA3000240A80EE010A44F23040C5F60200006894
:10BA40006FF35F2001EE100AB8EE411A9DED042A53
:10BA50009FED1A3A82EE032A31EE021AB7EE002A5F
:10BA600031EE021A20EE010A8DED030AFFE744F2DF
:10BA70003040C5F60200006881B2012000EB512081
:10BA800009909DED030A9DED091AB8EE411A80EE6A
:10BA9000010ABCEEC00A8DED020A02E0002002900D
:10BAA000FFE705E040F60010C0F23D000290FFE71E
:10BAB00002980AB0704700BF20BCBE4B0000004691
:10BAC0000024744A0024744C80B58CB00A900A9803
:10BAD00028B9FFE701208DF82F0000F09DBD0A98DE
:10BAE0000078C007002800F0B980FFE744F210405A
:10BAF000C5F60200006800F03800069044F22840C5
:10BB0000C5F6020000680590069810280AD0FFE7E5
:10BB1000069818281CD1FFE7059800F003000228BA
:10BB200016D1FFE744F20040C5F60200006800F4B9
:10BB300000310020B0EB514F09D0FFE70A98406870
:10BB400028B9FFE701208DF82F0000F065BD84E0E3
:10BB5000FFE70A984068B0F5803F09D1FFE744F25B
:10BB60000041C5F60201086840F48030086032E008
:10BB70000A98406868B9FFE744F20041C5F602013F
:10BB8000086820F480300860086820F4802008608D
:10BB900020E00A984068B0F5A02F0DD1FFE744F2ED
:10BBA0000041C5F60201086840F48020086008687A
:10BBB00040F4803008600CE044F20041C5F6020118
:10BBC000086820F480300860086820F4802008604D
:10BBD000FFE7FFE7FFE7FFE70A984068F0B1FFE7FC
:10BBE000FCF72AFD0990FFE744F20040C5F6020089
:10BBF000006800F400310020B0EB514F0DD1FFE799
:10BC0000FCF71AFD0999401A652805D3FFE70320C0
:10BC10008DF82F0000F000BDE6E71DE0FCF70CFDFD
:10BC20000990FFE744F20040C5F60200006800F406
:10BC300000310020B0EB514F0DD0FFE7FCF7FCFCCA
:10BC40000999401A652805D3FFE703208DF82F00D6
:10BC500000F0E2BCE6E7FFE7FFE7FFE70A980078BD
:10BC60008007002840F11681FFE744F21040C5F636
:10BC70000200006800F03800049044F22840C5F645
:10BC8000020000680390049850B1FFE70498182858
:10BC900078D1FFE79DF80C008007002872D1FFE7FC
:10BCA00044F20040C5F60200006800F004010020E4
:10BCB000B0EB910F09D0FFE70A98C06828B9FFE7F9
:10BCC00001208DF82F0000F0A7BC44F20041C5F61A
:10BCD0000201086820F019000A9AD268104308602F
:10BCE000FCF7AAFC0990FFE744F20040C5F6020009
:10BCF000006800F004010020B0EB910F0DD1FFE7C8
:10BD0000FCF79AFC0999401A032805D3FFE70320A2
:10BD10008DF82F0000F080BCE6E7FFE7FCF784FC1D
:10BD200041F2030188421DD8FFE70A9800694028C4
:10BD30000AD1FFE744F20441C5F602010868202257
:10BD400062F3113008600CE044F20441C5F60201D0
:10BD5000086820F47C300A9A126940EA02300860D0
:10BD6000FFE70CE044F20441C5F60201086820F048
:10BD7000FE400A9A126940EA02600860FFE7FFE7A6
:10BD8000FFE786E00A98C06800285CD0FFE744F22D
:10BD90000041C5F60201086820F019000A9AD2682D
:10BDA00010430860FCF748FC0990FFE744F20040AC
:10BDB000C5F60200006800F004010020B0EB910F0E
:10BDC0000DD1FFE7FCF738FC0999401A032805D389
:10BDD000FFE703208DF82F0000F01EBCE6E7FFE729
:10BDE000FCF722FC41F2030188421DD8FFE70A98C4
:10BDF000006940280AD1FFE744F20441C5F6020178
:10BE00000868202262F3113008600CE044F204411B
:10BE1000C5F60201086820F47C300A9A126940EAEB
:10BE200002300860FFE70CE044F20441C5F602016D
:10BE3000086820F0FE400A9A126940EA0260086031
:10BE4000FFE7FFE724E044F20041C5F6020108687D
:10BE500020F001000860FCF7EFFB0990FFE744F2D7
:10BE60000040C5F60200006800F004010020B0EBBD
:10BE7000910F0CD0FFE7FCF7DFFB0999401A03286C
:10BE800004D3FFE703208DF82F00C5E3E7E7FFE7C2
:10BE9000FFE7FFE70A980078C006002840F1EB8032
:10BEA000FFE744F21040C5F60200006800F03800D9
:10BEB000029044F22840C5F6020000680190029802
:10BEC00008280AD0FFE70298182850D1FFE7019808
:10BED00000F0030001284AD1FFE744F20040C5F614
:10BEE0000200006800F480710020B0EB112F09D02F
:10BEF000FFE70A98C069802804D0FFE701208DF889
:10BF00002F0089E3FFE7FCF78FFB41F20301884232
:10BF10001DD8FFE70A98006A20280AD1FFE744F2FB
:10BF20000441C5F602010868102262F39E600860B1
:10BF30000CE044F20441C5F60201086820F0F84024
:10BF40000A9A126A40EA82600860FFE70CE044F255
:10BF50000C41C5F60201086820F07C500A9A126A6A
:10BF600040EA02600860FFE7FFE7FFE782E00A9827
:10BF7000C069002858D0FFE744F20041C5F602012D
:10BF8000086840F080000860FCF756FB0990FFE766
:10BF900044F20040C5F60200006800F48071002001
:10BFA000B0EB112F0CD1FFE7FCF746FB0999401AC3
:10BFB000032804D3FFE703208DF82F002CE3E7E7E5
:10BFC000FFE7FCF731FB41F2030188421DD8FFE790
:10BFD0000A98006A20280AD1FFE744F20441C5F616
:10BFE00002010868102262F39E6008600CE044F2CF
:10BFF0000441C5F60201086820F0F8400A9A126A66
:10C0000040EA82600860FFE70CE044F20C41C5F6AC
:10C010000201086820F07C500A9A126A40EA026025
:10C020000860FFE7FFE724E044F20041C5F60201A3
:10C03000086820F080000860FCF7FEFA0990FFE72E
:10C0400044F20040C5F60200006800F48071002050
:10C05000B0EB112F0CD0FFE7FCF7EEFA0999401A6C
:10C06000032804D3FFE703208DF82F00D4E2E7E78D
:10C07000FFE7FFE7FFE70A980078000700284FD5A1
:10C08000FFE70A98406928B3FFE744F27441C5F618
:10C090000201086840F001000860FCF7CDFA099041
:10C0A000FFE744F27440C5F60200006800F00201A8
:10C0B0000020B0EB510F0CD1FFE7FCF7BDFA099956
:10C0C000401A032804D3FFE703208DF82F00A3E2D2
:10C0D000E7E724E044F27441C5F60201086820F065
:10C0E00001000860FCF7A8FA0990FFE744F27440E9
:10C0F000C5F60200006800F002010020B0EB510F0D
:10C100000CD0FFE7FCF798FA0999401A032804D3EA
:10C11000FFE703208DF82F007EE2E7E7FFE7FFE768
:10C120000A980078800600284FD5FFE70A988069B2
:10C1300028B3FFE744F20041C5F60201086840F465
:10C1400080500860FCF778FA0990FFE744F200405D
:10C15000C5F60200006800F400510020B0EB513F2A
:10C160000CD1FFE7FCF768FA0999401A032804D3B9
:10C17000FFE703208DF82F004EE2E7E724E044F2CA
:10C180000041C5F60201086820F480500860FCF701
:10C1900053FA0990FFE744F20040C5F60200006838
:10C1A00000F400510020B0EB513F0CD0FFE7FCF74A
:10C1B00043FA0999401A032804D3FFE703208DF8B6
:10C1C0002F0029E2E7E7FFE7FFE70A98007840073A
:10C1D000002840F1A780FFE744F60001C5F6020100
:10C1E000086840F480700860FCF726FA0990FFE7C1
:10C1F00044F60000C5F602000068C00500280CD413
:10C20000FFE7FCF719FA0999401A652804D3FFE7FC
:10C2100003208DF82F00FFE1EAE7FFE70A98806826
:10C22000012809D1FFE744F27041C5F60201086810
:10C2300040F00100086031E00A98806868B9FFE7C3
:10C2400044F27041C5F60201086820F00100086060
:10C25000086820F0040008601FE00A98806805283C
:10C260000DD1FFE744F27041C5F60201086840F0C5
:10C2700004000860086840F0010008600CE044F227
:10C280007041C5F60201086820F0010008600868E6
:10C2900020F004000860FFE7FFE7FFE7FFE70A98E8
:10C2A0008068F8B1FFE7FCF7C7F90990FFE744F2AF
:10C2B0007040C5F60200006800F002010020B0EBFB
:10C2C000510F0ED1FFE7FCF7B7F90999401A41F277
:10C2D0008931884204D3FFE703208DF82F009BE1CA
:10C2E000E5E71EE0FCF7A8F90990FFE744F270408B
:10C2F000C5F60200006800F002010020B0EB510F0B
:10C300000ED0FFE7FCF798F90999401A41F28931FC
:10C31000884204D3FFE703208DF82F007CE1E5E796
:10C32000FFE7FFE70A98406A002800F07181FFE705
:10C3300044F21040C5F60200006800F038001828EA
:10C3400000F0E080FFE70A98406A022840F0B480DD
:10C35000FFE744F20041C5F60201086820F0807052
:10C360000860FCF769F90990FFE744F20040C5F660
:10C370000200006800F000710020B0EB516F0CD09B
:10C38000FFE7FCF759F90999401A032804D3FFE79E
:10C3900003208DF82F003FE1E7E7FFE744F2284153
:10C3A000C5F60201086840F2F33290430A9B9A6A8C
:10C3B000DB6A42EA0312104308600A99086BD1F85D
:10C3C00034C08B6BCA6B01386FF35F204FF600618E
:10C3D000CFF6FF7101EB4C2189B208440021CFF662
:10C3E000FF7101EB034101F4FE0108444FF07F416E
:10C3F00001EB026101F0FE41084444F23041C5F610
:10C4000002010860FFE744F22C41C5F602010091E9
:10C41000086820F00100086044F23442C5F60202C8
:10C4200010684FF6F87398430A9B9B6C40EAC30070
:10C430001060086820F00C000A9A126C1043086023
:10C44000086820F002000A9A526C104308600868DD
:10C4500040F480300860086840F4003008600868E4
:10C4600040F480200860086840F00100086044F251
:10C470000041C5F60201086840F080700860FCF7D2
:10C48000DBF80990FFE744F20040C5F602000068BF
:10C4900000F000710020B0EB516F0CD1FFE7FCF70A
:10C4A000CBF80999401A032804D3FFE703208DF83D
:10C4B0002F00B1E0E7E724E044F20041C5F60201B5
:10C4C000086820F080700860FCF7B6F80990FFE774
:10C4D00044F20040C5F60200006800F00071002040
:10C4E000B0EB516F0CD0FFE7FCF7A6F80999401AA2
:10C4F000032804D3FFE703208DF82F008CE0E7E743
:10C50000FFE784E044F22840C5F602000068089086
:10C5100044F23040C5F60200006807900A98406A6D
:10C52000012837D0FFE7089800F003000A99896ACC
:10C5300088422FD1FFE7089800F47C710A98C06AFE
:10C54000B0EB111F26D1FFE707986FF35F200A9920
:10C55000096B013988421DD1FFE7BDF81C100A980C
:10C56000406B0138B0EB512F14D1FFE7079800F46E
:10C57000FE010A98806B0138B0EB114F0AD1FFE73A
:10C58000079800F0FE410A98C06B0138B0EB116FBC
:10C5900004D0FFE701208DF82F003DE044F2344045
:10C5A000C5F60200006880B2C00808900A98806C46
:10C5B0000899884229D0FFE744F22C41C5F60201D0
:10C5C000086820F001000860FCF736F80990FFE7E2
:10C5D000FCF732F80999401A08B9FFE7F8E744F286
:10C5E0003441C5F6020108684FF6F87290430A9A82
:10C5F000926C40EAC200086044F22C41C5F6020188
:10C60000086840F001000860FFE7FFE7FFE7FFE789
:10C6100000208DF82F00FFE79DF82F000CB080BDA3
:10C6200081B0009001B0704781B0009001B07047B8
:10C6300081B0009001B0704785B003900291FFE790
:10C64000039890F83C00012804D1FFE702208DF800
:10C65000130099E00399012081F83C00FFE7FFE710
:10C660000399022081F83D0003980068406801901A
:10C670000398006880680090039800680021C4F265
:10C680000101884209D0FFE70398006840F20041A9
:10C69000C4F2010188420AD1FFE7019820F470003A
:10C6A000019002984168019808430190FFE70198C2
:10C6B00020F07000019002980168019808430190F1
:10C6C0000198039909684860039800680021C4F242
:10C6D000010188423CD0FFE703980068B0F1804F29
:10C6E00036D0FFE70398006840F20041C4F2000131
:10C6F00088422DD0FFE70398006840F60001C4F29D
:10C700000001884224D0FFE70398006840F600410A
:10C71000C4F2000188421BD0FFE70398006840F292
:10C720000041C4F20101884212D0FFE7039800687B
:10C7300041F60001C4F20001884209D0FFE70398E6
:10C74000006844F20001C4F2010188420ED1FFE703
:10C75000009820F0800000900298816800980843BB
:10C7600000900098039909688860FFE70399012009
:10C7700081F83D00FFE70399002081F83C00FFE7C6
:10C7800000208DF81300FFE79DF8130005B07047F7
:10C7900080B582B00090009820B9FFE701208DF8A5
:10C7A000070045E0009890F83D0040B9FFE7009988
:10C7B000002081F83C00009800F03EF8FFE7009967
:10C7C000022081F83D00009951F8040B05F0BCFAF5
:10C7D0000099012081F84800FFE70099012081F8C5
:10C7E0003E00009981F83F00009981F840000099CF
:10C7F00081F84100009981F84200009981F84300D6
:10C80000FFE7FFE70099012081F84400009981F8D3
:10C810004500009981F84600009981F84700FFE73C
:10C820000099012081F83D0000208DF80700FFE706
:10C830009DF8070002B080BD80B58EB00D900D98B8
:10C84000006840F20041C4F20001884219D1FFE7BC
:10C85000FFE744F2E840C5F60200016841F002013A
:10C860000160006800F002000C900C98FFE71D20AA
:10C87000069005210022FCF71FF80698FCF710F837
:10C88000AEE00D98006840F60001C4F20001884255
:10C8900019D1FFE7FFE744F2E840C5F6020001685E
:10C8A00041F004010160006800F004000B900B9857
:10C8B000FFE71E20059005210022FBF7FDFF0598EC
:10C8C000FBF7EEFF8BE00D98006841F20001C4F227
:10C8D0000001884219D1FFE7FFE744F2E840C5F6BE
:10C8E0000200016841F010010160006800F01000D2
:10C8F0000A900A98FFE73620049005210022FBF7F2
:10C90000DBFF0498FBF7CCFF68E00D98006841F26C
:10C910000041C4F20001884219D1FFE7FFE744F269
:10C92000E840C5F60200016841F02001016000689E
:10C9300000F0200009900998FFE7372003900521B7
:10C940000022FBF7B9FF0398FBF7AAFF45E00D981B
:10C95000006840F20041C4F20101884219D1FFE7AA
:10C96000FFE744F2F040C5F60200016841F0020121
:10C970000160006800F0020008900898FFE72C2092
:10C98000029005210022FBF797FF0298FBF788FF32
:10C9900022E00D98006841F60041C4F2000188428F
:10C9A00019D1FFE7FFE744F2E840C5F6020001684D
:10C9B00041F080010160006800F080000790079856
:10C9C000FFE72C20019005210022FBF775FF01985D
:10C9D000FBF766FFFFE7FFE7FFE7FFE7FFE7FFE79C
:10C9E0000EB080BD0000000083B00190019890F867
:10C9F0003D00012804D0FFE701208DF80B006BE01B
:10CA00000199022081F83D00019800680021C4F2DC
:10CA1000010188423CD0FFE701980068B0F1804FE7
:10CA200036D0FFE70198006840F20041C4F20001EF
:10CA300088422DD0FFE70198006840F60001C4F25B
:10CA40000001884224D0FFE70198006840F60041C9
:10CA5000C4F2000188421BD0FFE70198006840F251
:10CA60000041C4F20101884212D0FFE7019800683A
:10CA700041F60001C4F20001884209D0FFE70198A5
:10CA8000006844F20001C4F20101884219D1FFE7B5
:10CA90000198006880680721C0F2010108400090F9
:10CAA000009806280CD0FFE70098B0F5803F07D02B
:10CAB000FFE701980168086840F001000860FFE79F
:10CAC00006E001980168086840F001000860FFE78F
:10CAD00000208DF80B00FFE79DF80B0003B07047B6
:10CAE00083B00190019890F83D00012804D0FFE741
:10CAF00001208DF80B0071E00199022081F83D00C2
:10CB000001980168C86840F00100C8600198006899
:10CB10000021C4F2010188423CD0FFE7019800687F
:10CB2000B0F1804F36D0FFE70198006840F2004135
:10CB3000C4F2000188422DD0FFE70198006840F65A
:10CB40000001C4F20001884224D0FFE70198006888
:10CB500040F60041C4F2000188421BD0FFE7019873
:10CB6000006840F20041C4F20101884212D0FFE7A0
:10CB70000198006841F60001C4F20001884209D022
:10CB8000FFE70198006844F20001C4F20101884205
:10CB900019D1FFE70198006880680721C0F2010100
:10CBA00008400090009806280CD0FFE70098B0F5E8
:10CBB000803F07D0FFE701980168086840F0010056
:10CBC0000860FFE706E001980168086840F001008E
:10CBD0000860FFE700208DF80B00FFE79DF80B00D1
:10CBE00003B070470000000081B00090FFE700989C
:10CBF0000068006A41F21111084210D1FFE7009865
:10CC00000068006A40F24441084207D1FFE70098FB
:10CC10000168086820F001000860FFE7FFE7FFE710
:10CC20000099012081F83D00002001B0704700000C
:10CC300080B586B00490039100208DF80B00FFE7CB
:10CC4000049890F83C00012804D1FFE702208DF8F9
:10CC50001700D1E00499012081F83C00FFE7FFE7CD
:10CC60000499022081F83D000498006880680190D2
:10CC700001984FF68871CFF6CE7108400190019867
:10CC800020F47F4001900198049909688860039816
:10CC900000680090002800F09580FFE700981028B9
:10CCA00000F09080FFE70098202800F08B80FFE7DD
:10CCB0000098302800F08680FFE70098402874D064
:10CCC000FFE70098502856D0FFE7009860285FD013
:10CCD000FFE7009870282AD0FFE70098B0F5805F42
:10CCE00024D0FFE70098B0F5005F35D0FFE700984B
:10CCF000B0F5801F66D0FFE70098B0F1101F61D03B
:10CD0000FFE700982021C0F2100188425AD0FFE7C7
:10CD100000983021C0F21001884253D0FFE70098FC
:10CD20004021C0F2100188424CD052E055E00498F6
:10CD30000068039B5A689968DB6805F0DDF8049881
:10CD4000006880680190019840F077000190019898
:10CD500004990968886040E004980068039B5A6859
:10CD60009968DB6805F0C8F804980168886840F4A1
:10CD70008040886031E004980068039A5168D26866
:10CD800005F0EEF804980068502105F0D1F824E091
:10CD900004980068039A5168D26805F009F904986C
:10CDA0000068602105F0C4F817E004980068039A51
:10CDB0005168D26805F0D4F804980068402105F065
:10CDC000B7F80AE0049800680399096805F0B0F81C
:10CDD00003E001208DF80B00FFE70499012081F8A2
:10CDE0003D00FFE70499002081F83C00FFE79DF833
:10CDF0000B008DF81700FFE79DF8170006B080BD07
:10CE000081B0009001B0704780B584B00390039862
:10CE10000068C068029003980068006901909DF85E
:10CE200004008007002824D5FFE79DF8080080074C
:10CE300000281DD5FFE7039801686FF00200086124
:10CE4000039901200877039800688069800720B162
:10CE5000FFE70398FFF7D4FF06E0039800F0FCF823
:10CE6000039800F0FDF8FFE7039900200877FFE73B
:10CE7000FFE79DF804004007002825D5FFE79DF84F
:10CE80000800400700281ED5FFE7039801686FF0EF
:10CE900004000861039902200877039800688069FC
:10CEA00010F4407F04D0FFE70398FFF7A9FF06E0E6
:10CEB000039800F0D1F8039800F0D2F8FFE7039947
:10CEC00000200877FFE7FFE79DF80400000700282F
:10CED00024D5FFE79DF80800000700281DD5FFE7CF
:10CEE000039801686FF0080008610399042008772F
:10CEF00003980068C069800720B1FFE70398FFF737
:10CF00007FFF06E0039800F0A7F8039800F0A8F868
:10CF1000FFE7039900200877FFE7FFE79DF804008B
:10CF2000C006002825D5FFE79DF80800C0060028A8
:10CF30001ED5FFE7039801686FF0100008610399A0
:10CF40000820087703980068C06910F4407F04D077
:10CF5000FFE70398FFF754FF06E0039800F07CF822
:10CF6000039800F07DF8FFE7039900200877FFE7BA
:10CF7000FFE79DF80400C00778B1FFE79DF80800BF
:10CF8000C00748B1FFE7039801686FF0010008612E
:10CF9000039800F069F8FFE7FFE7019800F08000D0
:10CFA000802806D0FFE79DF805008006002810D5F0
:10CFB000FFE79DF808000006002809D5FFE7039861
:10CFC00001686FF4025008610398FFF72DFBFFE73B
:10CFD000FFE79DF80500C00780B1FFE79DF8080056
:10CFE0000006002809D5FFE7039801686FF48070F8
:10CFF00008610398FFF714FBFFE7FFE79DF80400C3
:10D000004006002810D5FFE79DF8080040060028DC
:10D0100009D5FFE7039801686FF0400008610398A5
:10D0200000F0BAF9FFE7FFE79DF80400800600284A
:10D0300010D5FFE79DF808008006002809D5FFE716
:10D04000039801686FF0200008610398FFF7F0FA79
:10D05000FFE7FFE704B080BD81B0009001B07047EA
:10D0600081B0009001B0704770B588B00790079804
:10D07000006844F60001C4F20101884203D1FFE7D1
:10D08000FBF73AFB83E10798006840F20041C4F2E5
:10D090000001884240F07A81FFE743F6B520C2F2F2
:10D0A00002400178013101700078642840F08080EE
:10D0B000FFE701F0B5FD45F2D500C2F2024000786D
:10D0C00000283FD1FFE745F2D200C2F202400078CB
:10D0D000C0BBFFE744F66D60C2F20240007888BB37
:10D0E000FFE745F2D600C2F20240007850BBFFE7EE
:10D0F00045F2D300C2F20240007818BBFFE744F6C5
:10D100006E60C2F202400078E0B9FFE745F2D0005D
:10D11000C2F202400078A8B9FFE745F2CF00C2F2A0
:10D120000240007870B9FFE744F67060C2F2024036
:10D13000007838B9FFE744F67160C2F20240007827
:10D1400078B3FFE745F2D400C2F202400078B0FAAB
:10D1500080F0410945F2CE00C2F202400078B0FAF8
:10D1600080F0420945F2D100C2F202400078B0FAE4
:10D1700080F0430944F66C60C2F20240007844F645
:10D180006F6CC2F2024C9CF800E0EC46CCF804E074
:10D19000CCF8000044F6AC60C2F202400AF050F94C
:10D1A000FFE743F6B521C2F2024100200870FFE715
:10D1B00007F062FD44F2DC10C2F202400188013146
:10D1C00001800088152809DBFFE706F0D1FB44F257
:10D1D000DC11C2F2024100200880FFE744F2401057
:10D1E000C2F2024090ED030A9FED6A1AB4EE410AC2
:10D1F000F1EE10FA08DDFFE744F2D811C2F2024165
:10D2000008780130087006E044F2D811C2F20241F9
:10D2100000200870FFE744F2D810C2F20240007804
:10D220000A280DDBFFE744F2D811C2F202410A20BE
:10D23000087044F24011C2F20241012008740BE070
:10D2400044F24011C2F202410020087444F2CC11B1
:10D25000C2F202410870FFE743F6B420C2F2024076
:10D260000178013101700078642846D1FFE701F0B0
:10D270003BFC43F6BB20C2F20240007838B9FFE71E
:10D2800043F6BA20C2F20240007878B3FFE745F2D5
:10D29000C801C2F2024108880130088045F2A00CA2
:10D2A000C2F2024CCDF818C0DCF80010DCF8042003
:10D2B000DCF80830DCF80C00DCF810E0DCF8144096
:10D2C000DCF81850DCF81C60EC46CCF81060CCF8A8
:10D2D0000C50CCF80840CCF804E0CCF8000044F640
:10D2E000AC60C2F202400AF007F9FFE743F6B4214E
:10D2F000C2F2024100200870FFE743F6B620C2F2F6
:10D300000240018801310180008864280DDBFFE7BD
:10D3100043F6B821C2F202410120087043F6B6215B
:10D32000C2F2024164200880FFE744F24010C2F2DA
:10D33000024090F9080007281BDCFFE743F6B820FD
:10D34000C2F202400078012813D1FFE744F2CE1167
:10D35000C2F202410120087045F27101C2F202419D
:10D360000320087044F2CD11C2F20241022008707D
:10D370000BE044F2CE11C2F202410020087045F2E7
:10D380007101C2F202410870FFE7FFE7FFE708B052
:10D3900070BD00BF6666264081B0009001B0704746
:10D3A00083B00190FFE7019890F88400012804D130
:10D3B000FFE702208DF80B002CE00199012081F895
:10D3C0008400FFE7FFE701992420C1F88800019855
:10D3D00000680068009001980168086820F001006A
:10D3E0000860009820F000500090019900204866E5
:10D3F000009801990968086001992020C1F8880007
:10D40000FFE70199002081F88400FFE700208DF8F4
:10D410000B00FFE79DF80B0003B070470000000011
:10D4200081B000900098006F01B0704700000000CC
:10D4300080B586B004900391ADF80A200498D0F826
:10D440008C00202844D1FFE7039820B1FFE7BDF806
:10D450000A0020B9FFE701208DF817003CE004998D
:10D460000120C86604990020086704980399BDF854
:10D470000A2005F0F1FE8DF809009DF8090010BBA7
:10D48000FFE70498C06E012818D1FFE704980168EF
:10D4900010200862FFE7FFE70498006850E8000FDB
:10D4A00040F010000190FFE701990498026842E8FB
:10D4B00000100028F0D1FFE7FFE703E001208DF81E
:10D4C0000900FFE7FFE79DF809008DF8170003E06A
:10D4D00002208DF81700FFE79DF8170006B080BD09
:10D4E00080B586B00590ADF81210059844F6AC6191
:10D4F000C2F202410968884201D0FFE78CE005983A
:10D50000FFF78EFF022801D0FFE785E08920ADF804
:10D510001000BDF8120045F27201C2F20241098802
:10D5200088420BDBFFE7BDF8120045F27201C2F240
:10D5300002410988401AADF80E000BE045F2720076
:10D54000C2F202400188BDF81200401A8930ADF8DD
:10D550000E00FFE7BDF8120045F27201C2F202416F
:10D560000880BDF80E0028B1FFE7BDF80E008A283C
:10D5700001DBFFE750E0BDF81200BDF80E10421AC3
:10D5800047F2B950C0F2797052FB00F1880800EB05
:10D59000D170892100FB1120ADF80C0044F6AC607D
:10D5A000C2F20240923002900020ADF80600FFE780
:10D5B000BDF80600BDF80E1088421EDAFFE7BDF880
:10D5C0000C00BDF80620831847F2B950C0F27970FC
:10D5D000A3FB00108008892100FB113144F6AC60E8
:10D5E000C2F202400844007A02998854FFE7BDF86D
:10D5F00006000130ADF80600DAE744F6AC60C2F28E
:10D6000002400090012180F81C1102F031FF0099C6
:10D61000002081F81C01FFE706B080BD000000007B
:10D6200081B0009001B0704780B584B00290019144
:10D63000FFE7029890F88400012804D1FFE7022058
:10D640008DF80F0032E00299012081F88400FFE795
:10D65000FFE702992420C1F888000298006800685A
:10D66000009002980168086820F0010008600298A4
:10D670000068806820F06060019908430299096899
:10D680008860029804F0ECFD00980299096808602F
:10D6900002992020C1F88800FFE70299002081F854
:10D6A0008400FFE700208DF80F00FFE79DF80F00D2
:10D6B00004B080BD0000000080B584B002900191EC
:10D6C000FFE7029890F88400012804D1FFE70220C8
:10D6D0008DF80F0032E00299012081F88400FFE705
:10D6E000FFE702992420C1F88800029800680068CA
:10D6F000009002980168086820F001000860029814
:10D700000068806820F06040019908430299096828
:10D710008860029804F0A4FD0098029909680860E6
:10D7200002992020C1F88800FFE70299002081F8C3
:10D730008400FFE700208DF80F00FFE79DF80F0041
:10D7400004B080BD0000000081B0009001B07047BF
:10D7500081B0009001B0704780B586B00490FFE7BB
:10D76000FFE70498006850E8000F20F490700390E1
:10D77000FFE703990498026842E800100028F0D1FE
:10D78000FFE7FFE7FFE7FFE70498006850E8020FB4
:10D790004FF6FE71CEF6FF7108400290FFE7029946
:10D7A0000498026842E802100028EDD1FFE7FFE785
:10D7B0000498C06E012814D1FFE7FFE7FFE7049843
:10D7C000006850E8000F20F010000190FFE7019979
:10D7D0000498026842E800100028F0D1FFE7FFE754
:10D7E000FFE70498006880684006002837D5FFE707
:10D7F000FFE7FFE70498006850E8020F20F04000C0
:10D800000090FFE700990498026842E8021000289F
:10D81000F0D1FFE7FFE70498D0F88000F0B1FFE710
:10D820000498D0F88010002008650498D0F8800093
:10D83000F7F712F988B1FFE70498D0F88000F8F7FD
:10D840001FF9202808D1FFE704991020C1F89000A3
:10D8500003208DF8170019E0FFE7FFE7FFE70499C1
:10D860000020A1F85E0004990A680F211162049952
:10D870000A68916941F008019161049A2021C2F877
:10D880008C100499C8668DF81700FFE79DF8170003
:10D8900006B080BD0000000081B0009001B070476C
:10D8A00080B592B0119011980068C06910901198DD
:10D8B000006800680F901198006880680E901098BA
:10D8C00040F60F0108400D900D98E0B9FFE79DF874
:10D8D00040008006002815D5FFE79DF83C00800633
:10D8E000002806D4FFE79DF83B00C006002809D5B4
:10D8F000FFE71198406F20B1FFE71198416F88470B
:10D90000FFE72FE3FFE70D98002800F00C81FFE709
:10D910000E980121C1F20001084209D1FFE70F98DA
:10D9200040F22011C0F20041084200F0FC80FFE705
:10D930009DF84000C00788B1FFE79DF83D00C00793
:10D9400060B1FFE711980168012008621199D1F8D0
:10D95000900040F00100C1F89000FFE79DF8400002
:10D960008007002811D5FFE79DF83800C00760B197
:10D97000FFE711980168022008621199D1F8900020
:10D9800040F00400C1F89000FFE79DF84000400718
:10D99000002811D5FFE79DF83800C00760B1FFE708
:10D9A00011980168042008621199D1F8900040F0A4
:10D9B0000200C1F89000FFE79DF840000007002832
:10D9C00019D5FFE79DF83C008006002807D4FFE743
:10D9D0000E980121C1F2000108420CD0FFE7119816
:10D9E0000168082008621199D1F8900040F0080001
:10D9F000C1F89000FFE79DF841000007002813D50B
:10DA0000FFE79DF83F00400700280DD5FFE711987C
:10DA100001684FF4006008621199D1F8900040F05D
:10DA20002000C1F89000FFE71198D0F8900000287E
:10DA300078D0FFE79DF840008006002815D5FFE765
:10DA40009DF83C008006002806D4FFE79DF83B00C7
:10DA5000C006002809D5FFE71198406F20B1FFE705
:10DA60001198416F8847FFE7FFE71198D0F89000C1
:10DA70000C9011980068806800F04000402806D0A3
:10DA8000FFE79DF8300010F0280F42D0FFE7119813
:10DA900004F0AAFE1198006880684006002833D57B
:10DAA000FFE7FFE7FFE71198006850E8020F20F05A
:10DAB00040000B90FFE70B991198026842E80210B2
:10DAC0000028F0D1FFE7FFE71198D0F88000B0B14F
:10DAD000FFE71198D0F8801042F27950C0F611009B
:10DAE00008651198D0F88000F7F772FC30B1FFE7B5
:10DAF0001198D0F88000016D8847FFE703E0119886
:10DB0000FFF7CAFEFFE703E01198FFF7C5FEFFE746
:10DB100007E01198FFF7C0FE11990020C1F89000AE
:10DB2000FFE7FFE71EE21198C06E012840F0BB81BD
:10DB3000FFE79DF84000C006002840F1B481FFE7F0
:10DB40009DF83C00C006002840F1AD81FFE7119828
:10DB5000016810200862119800688068400600285B
:10DB600040F13F81FFE71198D0F880000068102154
:10DB7000C4F20201884200F0A280FFE71198D0F8B9
:10DB8000800000682821C4F20201884200F09780DA
:10DB9000FFE71198D0F8800000684021C4F202012C
:10DBA000884200F08C80FFE71198D0F88000006870
:10DBB0005821C4F20201884200F08180FFE71198E9
:10DBC000D0F8800000687021C4F20201884276D04B
:10DBD000FFE71198D0F8800000688821C4F20201A4
:10DBE00088426CD0FFE71198D0F880000068A0212F
:10DBF000C4F20201884262D0FFE71198D0F8800099
:10DC00000068B821C4F20201884258D0FFE7119899
:10DC1000D0F88000006840F21041C4F2020188424E
:10DC20004DD0FFE71198D0F88000006840F22841FD
:10DC3000C4F20201884242D0FFE71198D0F8800078
:10DC4000006840F24041C4F20201884237D0FFE749
:10DC50001198D0F88000006840F25841C4F20201E7
:10DC600088422CD0FFE71198D0F88000006840F27D
:10DC70007041C4F20201884221D0FFE71198D0F828
:10DC80008000006840F28841C4F20201884216D048
:10DC9000FFE71198D0F88000006840F2A041C4F27C
:10DCA000020188420BD0FFE71198D0F8800000688D
:10DCB00040F2B841C4F20201884207D1FFE711984F
:10DCC000D0F8800000684068019006E01198D0F814
:10DCD0008000006840680190FFE70198ADF82A00D5
:10DCE000BDF82A0000287BD0FFE7BDF82A00119973
:10DCF000B1F85C10884273DAFFE7BDF82A00119989
:10DD0000A1F85E001198D0F88000C069B0F5807F5E
:10DD100059D0FFE7FFE7FFE71198006850E8000FD0
:10DD200020F480700990FFE709991198026842E891
:10DD300000100028F0D1FFE7FFE7FFE7FFE71198A9
:10DD4000006850E8020F20F001000890FFE70899F2
:10DD50001198026842E802100028F0D1FFE7FFE7BF
:10DD6000FFE7FFE71198006850E8020F20F040003D
:10DD70000790FFE707991198026842E8021000280F
:10DD8000F0D1FFE7FFE711992020C1F88C0011992D
:10DD90000020C866FFE7FFE71198006850E8000F11
:10DDA00020F010000690FFE706991198026842E8FB
:10DDB00000100028F0D1FFE7FFE71198D0F88000AD
:10DDC000F6F74AFEFFE71199022008671198B0F8AC
:10DDD0005C10B0F85E20891A89B2FFF781FBFFE77B
:10DDE000C0E01199B1F85C00B1F85E10401AADF8CE
:10DDF00016001198B0F85E00002853D0FFE7BDF878
:10DE0000160000284ED0FFE7FFE7FFE711980068F3
:10DE100050E8000F20F490700490FFE704991198E7
:10DE2000026842E800100028F0D1FFE7FFE7FFE7B3
:10DE3000FFE71198006850E8020F4FF6FE71CEF62A
:10DE4000FF7108400390FFE703991198026842E8C8
:10DE500002100028EDD1FFE7FFE711992020C1F85B
:10DE60008C0011990020C86611994867FFE7FFE709
:10DE70001198006850E8000F20F010000290FFE7B2
:10DE800002991198026842E800100028F0D1FFE7DB
:10DE9000FFE71199022008671198BDF81610FFF7E7
:10DEA0001FFBFFE75EE09DF84200C00600280FD58B
:10DEB000FFE79DF83A004006002809D5FFE71198D2
:10DEC00001684FF4801008621198FFF741FC49E0A7
:10DED0009DF840000006002815D5FFE79DF83C009E
:10DEE0000006002806D4FFE79DF83A000006002847
:10DEF00009D5FFE71198806F20B1FFE71198816F76
:10DF00008847FFE72EE09DF84000400600280AD52C
:10DF1000FFE79DF83C004006002804D5FFE7119874
:10DF200004F0B2FC1EE09DF84200000600280AD56D
:10DF3000FFE79DF83F004006002804D5FFE7119851
:10DF4000FFF702FC0EE09DF84300C00750B1FFE769
:10DF50009DF83F000006002804D5FFE71198FFF761
:10DF60005FFBFFE712B080BD80B582B000900098E3
:10DF700020B9FFE701208DF8070046E0009880698E
:10DF800008B1FFE700E0FFE70098D0F8880040B94B
:10DF9000FFE70099002081F88400009800F03CF829
:10DFA000FFE700992420C1F88800009801680868FC
:10DFB00020F0010008600098806A20B1FFE7009817
:10DFC00004F092F9FFE7009804F0B2FC012804D1B4
:10DFD000FFE701208DF8070017E000980168486806
:10DFE00020F49040486000980168886820F02A007A
:10DFF000886000980168086840F001000860009897
:10E0000004F016FA8DF80700FFE79DF8070002B04C
:10E0100080BD00000000000080B5D6B05590002003
:10E020005490539052905190509020A8C021F2F7F4
:10E030005BFB5598006844F60041C4F20001884239
:10E0400040F09680FFE700202190022120913E9031
:10E0500020A8FBF7E9FE18B1FFE7F4F7D5FCFFE7CE
:10E06000FFE744F2E840C5F60200016841F40021F0
:10E070000160006800F400201F901F98FFE7FFE791
:10E0800044F2E040C5F60200016841F00101016080
:10E09000006800F001001E901E98FFE703205090DA
:10E0A0000220519001215291539008205490002059
:10E0B000C5F6020050A9FAF7A3F844F24030C2F2C4
:10E0C00002401390A021C4F2020101603F2141608F
:10E0D00000218160C1604FF4806202614161816111
:10E0E0004FF48072C26101624162F8F7B1FD18B16C
:10E0F000FFE7F4F789FCFFE7FFE7559844F240316A
:10E10000C2F20241C0F8801055988863FFE744F2DC
:10E11000B830C2F202401290B821C4F2020101608C
:10E120004021416081600021C1604FF48062026142
:10E1300041618161C16101624162F8F789FD18B1F5
:10E14000FFE7F4F761FCFFE7FFE7559844F2B831C9
:10E15000C2F20241C16755988863FFE734201190ED
:10E1600005210022FAF7A8FB1198FAF799FB32E390
:10E170005598006845F20001C4F20001884240F061
:10E180009980FFE700202190022120913E9020A855
:10E19000FBF74AFE18B1FFE7F4F736FCFFE7FFE7AD
:10E1A00044F2E840C5F60200016841F480110160C4
:10E1B000006800F480101D901D98FFE7FFE744F20F
:10E1C000E040C5F60200016841F00201016000680C
:10E1D00000F002001C901C98FFE74FF40050509094
:10E1E000022051900121529153900E20549040F200
:10E1F0000040C5F6020050A9FAF702F844F2304098
:10E20000C2F20240109040F21041C4F202010160DB
:10E210004121416000218160C1604FF48062026150
:10E2200041618161C16101624162F8F711FD18B17C
:10E23000FFE7F4F7E9FBFFE7FFE7559844F23041C9
:10E24000C2F20241C0F8801055988863FFE744F29B
:10E25000A840C2F202400F9040F22841C4F20201ED
:10E26000016042214160402181600021C1604FF482
:10E270008062026141618161C16101624162F8F7BE
:10E28000E7FC18B1FFE7F4F7BFFBFFE7FFE755989E
:10E2900044F2A841C2F20241C16755988863FFE782
:10E2A00035200E9005210022FAF706FB0E98FAF7AA
:10E2B000F7FA8FE25598006847F60001C4F20001B2
:10E2C000884240F09C80FFE70020219002212091AD
:10E2D0003E9020A8FBF7A8FD18B1FFE7F4F794FBE8
:10E2E000FFE7FFE744F2E840C5F60200016841F0AD
:10E2F00080410160006800F080401B901B98FFE7A0
:10E30000FFE744F2E040C5F60200016841F0100169
:10E310000160006800F010001A901A98FFE74FF4AF
:10E32000C07050900220519000200C905290539059
:10E330000720549041F20000C5F6020050A9F9F7F9
:10E340005FFF0C9944F22050C2F202400D9040F25F
:10E350004042C4F2020202604F2242608160C1600A
:10E360004FF480620261416181614FF48072C26149
:10E3700001624162F8F76CFC18B1FFE7F4F744FB67
:10E38000FFE7FFE7559844F22051C2F20241C0F87E
:10E39000801055988863FFE744F29850C2F202401B
:10E3A0000B9040F25841C4F20201016050214160DB
:10E3B000402181600021C1604FF4806202614161AF
:10E3C0008161C16101624162F8F742FC18B1FFE767
:10E3D000F4F71AFBFFE7FFE7559844F29851C2F2B1
:10E3E0000241C16755988863FFE752200A900521D2
:10E3F0000022FAF761FA0A98FAF752FAE9E1559819
:10E40000006841F20001C4F20101884240F09A80A4
:10E41000FFE700202190012120913F9020A8FBF7E9
:10E4200003FD18B1FFE7F4F7EFFAFFE7FFE744F267
:10E43000F040C5F60200016841F01001016000687B
:10E4400000F0100019901998FFE7FFE744F2E04050
:10E45000C5F60200016841F002010160006800F0A9
:10E46000020018901898FFE74FF480405090022067
:10E47000519001205290032053900420549040F278
:10E480000040C5F6020050A9F9F7BAFE44F2106048
:10E49000C2F2024009901021C4F202010160292158
:10E4A000416000218160C1604FF48062026141617E
:10E4B00081614FF48072C26101624162F8F7C8FB6A
:10E4C00018B1FFE7F4F7A0FAFFE7FFE7559844F229
:10E4D0001061C2F20241C0F8801055988863FFE7CE
:10E4E00044F28860C2F2024008902821C4F202017E
:10E4F00001602A214160402181600021C1604FF408
:10E500008062026141618161C16101624162F8F72B
:10E510009FFB18B1FFE7F4F777FAFFE7FFE755989D
:10E5200044F28861C2F20241C16755988863FFE7EF
:10E530002520079005210022FAF7BEF90798FAF77F
:10E54000AFF945E15598006844F20041C4F200017A
:10E55000884240F09880FFE700202190022120911E
:10E560003E9020A8FBF760FC18B1FFE7F4F74CFAE7
:10E57000FFE7FFE744F2E840C5F60200016841F416
:10E5800000310160006800F4003017901798FFE731
:10E59000FFE744F2E040C5F60200016841F00101E6
:10E5A0000160006800F0010016901698FFE7042053
:10E5B0005090022051900120529003205390072048
:10E5C00054900020C5F6020050A9F9F719FE44F254
:10E5D0000070C2F2024006904021C4F202010160C4
:10E5E0002B21416000218160C1604FF48062026193
:10E5F000416181614FF48072C26101624162F8F74A
:10E6000027FB18B1FFE7F4F7FFF9FFE7FFE755989D
:10E6100044F20071C2F20241C0F88010559888633C
:10E62000FFE744F27870C2F2024005905821C4F22C
:10E63000020101602C214160402181600021C16004
:10E640004FF48062026141618161C1610162416296
:10E65000F8F7FEFA18B1FFE7F4F7D6F9FFE7FFE79E
:10E66000559844F27871C2F20241C16755988863A7
:10E67000FFE72620049005210022FAF71DF90498EF
:10E68000FAF70EF9A3E05598006844F60001C4F2C9
:10E690000001884240F09A80FFE70020219002218B
:10E6A00020913E9020A8FBF7BFFB18B1FFE7F4F7DD
:10E6B000ABF9FFE7FFE744F2E840C5F60200016866
:10E6C00041F480210160006800F4802015901598C5
:10E6D000FFE7FFE744F2E040C5F60200016841F0C1
:10E6E00002010160006800F0020014901498FFE736
:10E6F0004FF480600290509002205190012052907F
:10E70000032053900720549040F20040C5F60200C9
:10E7100050A9F9F775FD029A44F2F070C2F2024076
:10E7200003907021C4F2020101602D21416000219B
:10E730008160C1600261416181614FF48072C26198
:10E7400001624162F8F784FA18B1FFE7F4F75CF967
:10E75000FFE7FFE7559844F2F071C2F20241C0F8BA
:10E76000801055988863FFE744F66800C2F20240C3
:10E7700001908821C4F2020101602E2141604021F4
:10E7800081600021C1604FF480620261416181615A
:10E79000C16101624162F8F75BFA18B1FFE7F4F773
:10E7A00033F9FFE7FFE7559844F66801C2F20241EA
:10E7B000C16755988863FFE7272000900521002254
:10E7C000FAF77AF80098FAF76BF8FFE7FFE7FFE748
:10E7D000FFE7FFE7FFE756B080BD00000000000044
:10E7E00080B586B004900391ADF80A200498D0F863
:10E7F0008C0020283CD1FFE7039820B1FFE7BDF84B
:10E800000A0020B9FFE701208DF8170034E00499D1
:10E810000020C8660498006840F60041C5F6000173
:10E8200088421CD0FFE70498006840680002002876
:10E8300014D5FFE7FFE7FFE70498006850E8000FF2
:10E8400040F080600190FFE701990498026842E877
:10E8500000100028F0D1FFE7FFE7FFE7FFE704988B
:10E860000399BDF80A2004F0F7FC8DF8170003E0C7
:10E8700002208DF81700FFE79DF8170006B080BD55
:10E8800081B0009001B0704781B0009001B0704736
:10E8900080B58AB008900791ADF81A2005930898C2
:10E8A000D0F88800202840F08780FFE7079820B143
:10E8B000FFE7BDF81A0020B9FFE701208DF8270017
:10E8C0007EE008990020C1F8900008992120C1F845
:10E8D0008800F9F7B1FE0290BDF81A000899A1F876
:10E8E0005400BDF81A000899A1F8560008988068ED
:10E8F000B0F5805F09D1FFE70898006928B9FFE704
:10E90000002004900798039004E0079804900020EA
:10E910000390FFE7FFE70898B0F8560088B3FFE7D9
:10E920000898029B05996A4611608021002204F034
:10E930002BFD40B1FFE708992020C1F88800032093
:10E940008DF827003CE0049858B9FFE70398008849
:10E950006FF35F200899096888620398023003907A
:10E9600008E00498007808990968886204980130E2
:10E970000490FFE70899B1F856000138A1F8560055
:10E98000C9E70898029B05996A4611604021002258
:10E9900004F0FAFC40B1FFE708992020C1F8880094
:10E9A00003208DF827000BE008992020C1F888008B
:10E9B00000208DF8270003E002208DF82700FFE7F4
:10E9C0009DF827000AB080BD80B586B00490039101
:10E9D000ADF80A200498D0F88800202870D1FFE70D
:10E9E000039820B1FFE7BDF80A0020B9FFE7012036
:10E9F0008DF8170068E0039804990865BDF80A00CF
:10EA00000499A1F85400BDF80A000499A1F8560031
:10EA100004990020C1F8900004992120C1F88800D1
:10EA20000498C06F88B3FFE70498C16F42F2517039
:10EA3000C0F61100C8630498C16F42F2D170C0F6ED
:10EA4000110008640498C16F42F2A150C0F6110091
:10EA5000C8640498C16F0020086504980268016DBD
:10EA6000C06F2832BDF80A30F8F7A6FD60B1FFE7A5
:10EA700004991020C1F8900004992020C1F8880062
:10EA800001208DF817001FE0FFE70498016840207F
:10EA90000862FFE7FFE70498006850E8020F40F0C3
:10EAA00080000190FFE701990498026842E8021093
:10EAB0000028F0D1FFE7FFE700208DF8170003E002
:10EAC00002208DF81700FFE79DF8170006B080BD03
:10EAD00081B0009001B0704781B0009001B07047E4
:10EAE000FFE7FEE70000000080B544F24010C2F2EC
:10EAF0000240017C43F6B920C2F20240017043F6A5
:10EB0000BC21C2F2024143F6BA22C2F2024243F6EB
:10EB1000BB23C2F2024302F0BFFD80BD0000000033
:10EB200044F24010C2F20240007C002818BF0120CD
:10EB3000704700000000000080B584B0019001988B
:10EB4000016844F27010C2F2024001600068B0F146
:10EB5000005F0BD3FFE744F27010C2F2024000687E
:10EB60000021C2F20501884215D3FFE744F270107C
:10EB7000C2F202400068B0F1105F4DD3FFE744F2EB
:10EB80007010C2F2024000684FF6FF71C2F20741F6
:10EB9000884241D8FFE70198406843F68821C2F2D5
:10EBA00000410860EFF3108072B6029001200390DC
:10EBB000039880F31388FCF7D3FBF9F781F84EF242
:10EBC0001001CEF20001002008604EF21401CEF2D6
:10EBD000000108604EF21801CEF2000108600090BA
:10EBE000FFE70098072815DCFFE7009A4EF2801136
:10EBF000CEF200014FF0FF3041F82200009A4EF2B1
:10EC00008021CEF2000141F82200FFE70098013098
:10EC10000090E6E706F030FE04B080BD0000000082
:10EC200080B588B040F60040C5F60200009004218F
:10EC30000191F9F7C9FC45F2D401C2F202410391F6
:10EC4000087040F60000C5F602004FF40061F9F7C5
:10EC5000BBFC45F2D101C2F202410491087040F2BE
:10EC60000040C5F6020002904FF48051F9F7ACFC69
:10EC70000146009845F2CE02C2F20242059211709E
:10EC80002021F9F7A1FC019902460298B2FA82F21A
:10EC9000520944F66F63C2F2024307931A70F9F700
:10ECA00093FC01460398B1FA81F1490944F66C627C
:10ECB000C2F202420692117043F6C121C2F2024131
:10ECC00045F2D502C2F2024245F2D603C2F2024335
:10ECD00002F0E2FC049843F6C021C2F2024145F280
:10ECE000D202C2F2024245F2D303C2F2024302F060
:10ECF000D3FC059843F6BF21C2F2024145F2CF0290
:10ED0000C2F2024245F2D003C2F2024302F0C4FC56
:10ED1000069843F6BD21C2F2024144F66D62C2F28A
:10ED2000024244F66E63C2F2024302F0B5FC079859
:10ED300043F6BE21C2F2024144F67062C2F20242C0
:10ED400044F67163C2F2024302F0A6FC08B080BD33
:10ED500081B00090009988684FF6C072C5F6FF72C6
:10ED60001040886001B0704781B0009000988068C2
:10ED70004FF6C071C7F6FF710840013000998860F6
:10ED800001B070470000000081B0009000988068DA
:10ED900040F080504FF6C071C7F6FF7108400099EF
:10EDA000886001B07047000081B0009000988068D2
:10EDB00000F0E07001B0704781B00090009880686A
:10EDC00000F01F0001B0704781B00090009880688B
:10EDD000C0F3C00001B0704781B000900098806817
:10EDE000C0F3407001B0704781B000900098806817
:10EDF00000F0010001B0704781B000900098806879
:10EE000000F0010001B0704781B000900098806868
:10EE1000C0F3007001B0704781B000900098806826
:10EE2000C0F3800001B0704781B000900098806806
:10EE3000C0F3800001B0704781B000900098C068B6
:10EE400000F44060B0FA80F0400901B07047000063
:10EE500082B0019000910198C06820F003000099F1
:10EE600008430199C86002B070470000000000002C
:10EE700084B00390029101920398029901F44071C9
:10EE800000EB91103030009000980068029901F07A
:10EE90001F021F21914088430199C1F38461914071
:10EEA00008430099086004B07047000000000000AB
:10EEB00081B00090009880684FF6C071C7F6FF716E
:10EEC000084004300099886001B0704700000000DD
:10EED00084B00390029101920398029901F00071AD
:10EEE00000EBD15014300090009800680299C1F3F3
:10EEF00004520721914088430199914008430099A9
:10EF0000086004B07047000083B002900191009245
:10EF10000298D0F8C00001996FF31F518843009AFE
:10EF200002F018034FF6FF72C0F20F02DA401140F0
:10EF300008440299C1F8C00003B070470000000007
:10EF400082B0019000910198806820F47C100099B3
:10EF500008430199886002B070470000000000007B
:10EF600082B0019000910198806820F0E0700099D3
:10EF700008430199886002B070470000000000005B
:10EF800083B00290019100920298006920F4F04051
:10EF90000099019A02F01F0291400843029908610A
:10EFA00003B070470000000085B004900391029206
:10EFB00001930498039900EB810060300090009861
:10EFC000006800F00040029901F0F841019A1143F5
:10EFD00008430099086005B0704700000000000079
:10EFE00084B00390029101920398029900EB810092
:10EFF000603000900098006820F0004001990843BC
:10F000000099086004B0704780B582B03B2000F0E2
:10F010007FF8ADF806003C2000F07AF8ADF8040067
:10F02000BDF80610BDF8040040EA012043F6C421F3
:10F03000C2F20241009108803D2000F069F8ADF86D
:10F0400006003E2000F064F80099ADF80400BDF819
:10F050000620BDF8040040EA022048803F2000F06E
:10F0600057F8ADF80600402000F052F8014600982D
:10F07000ADF80410BDF80620BDF8041041EA0221E5
:10F080008180B0F9001000EE101AB8EEC00B9FEDB1
:10F09000121B80EE010BB7EEC00B80ED020AB0F937
:10F0A000021000EE101AB8EEC00B80EE010BB7EEA6
:10F0B000C00B80ED030AB0F9041000EE101AB8EE90
:10F0C000C00B80EE010BB7EEC00B80ED040A02B05E
:10F0D00080BD00BF00BF00BF000000000000D040A6
:10F0E00080B582B004F060FE6B200021019100F039
:10F0F00033F81920072100F02FF801991B2000F0A8
:10F100002BF801991C2000F027F802B080BD000008
:10F1100080B582B08DF8070004F02EFFD02004F0F7
:10F12000D3FE04F081FF9DF8070004F0CDFE04F04B
:10F130007BFF04F021FFD12004F0C6FE04F074FF31
:10F14000002004F071FE8DF8060004F041FF9DF8E8
:10F15000060002B080BD000080B582B08DF80700C7
:10F160008DF8061004F008FFD02004F0ADFE04F086
:10F170005BFF9DF8070004F0A7FE04F055FF9DF823
:10F18000060004F0A1FE04F04FFF04F021FF02B0DE
:10F1900080BD00000000000080B5FFF735FF06F0DD
:10F1A000B7FF80BD0000000080B58CB00022009247
:10F1B0000B920A9209920892079206920592049283
:10F1C0000392029244F26420C2F20240019042F2A1
:10F1D0000001C4F2020101600121C1600823036142
:10F1E00002754175022383610277426282620323C2
:10F1F000C3620263426380F83820C163F5F7ACF85C
:10F2000018B1FFE7F3F700FCFFE744F26420C2F215
:10F210000240002141608160F5F79EF818B1FFE7D8
:10F22000F3F7F2FBFFE70020099044F26420C2F2FA
:10F23000024009A9F4F720FB18B1FFE7F3F7E4FB5C
:10F24000FFE71020C1F2C0000290062003900520C5
:10F25000049040F2FF700590042006900020079073
:10F260008DF8210044F26420C2F2024002A9F4F7B2
:10F270004FFC18B1FFE7F3F7C7FBFFE72020C1F20F
:10F28000F04002900C20039044F26420C2F202404D
:10F2900002A9F4F73DFC18B1FFE7F3F7B5FBFFE770
:10F2A0000CB080BD0000000080B592B0FFE744F2D2
:10F2B000D840C5F60200016841F001010160006814
:10F2C00000F0010011901198FFE7FFE744F2D840E9
:10F2D000C5F60200016841F002010160006800F01B
:10F2E000020010901098FFE70B20019005210D916E
:10F2F00000220E92F9F7E0FA0198F9F7D1FA0D9988
:10F300000E9A0C200290F9F7D7FA0298F9F7C8FA8A
:10F310000D990E9A0D200390F9F7CEFA0398F9F79C
:10F32000BFFA0D990E9A0E200490F9F7C5FA0498C9
:10F33000F9F7B6FA0D990E9A0F200590F9F7BCFA75
:10F340000598F9F7ADFA0D990E9A10200690F9F785
:10F35000B3FA0698F9F7A4FA0D990E9A11200790BE
:10F36000F9F7AAFA0798F9F79BFA0D990E9A2F2048
:10F370000890F9F7A1FA0898F9F792FA0D990E9A00
:10F3800038200990F9F798FA0998F9F789FA0D9950
:10F390000E9A39200A90F9F78FFA0A98F9F780FA4D
:10F3A0000D990E9A3A200B90F9F786FA0B98F9F717
:10F3B00077FA0D990E9A3B200C90F9F77DFA0C988C
:10F3C000F9F76EFA0D990E9A3C200F90F9F774FA3E
:10F3D0000F98F9F765FA12B080BD00000000000038
:10F3E000B0B5A4B049F2D810C0F611000168426867
:10F3F0008368D0F80CC0D0F810E044692294CDF8AE
:10F4000084E0CDF880C01F931E921D9180692390E7
:10F410001DA80021009107F08BF9009944F2E01239
:10F42000C2F20242106049F2A010C0F61100026858
:10F430004368D0F808C0D0F80CE0046945691B9512
:10F440001A94CDF864E0CDF860C0179316928069E5
:10F450001C9016A807F06CF9009943F63842C2F2E6
:10F460000242106049F2BC10C0F611000268436805
:10F47000D0F808C0D0F80CE00469456914951394DD
:10F48000CDF848E0CDF844C010930F9280691590F4
:10F490000FA807F04DF9009943F63C42C2F2024230
:10F4A000106049F28410C0F6110002684368D0F879
:10F4B00008C0D0F80CE0046945690D950C94CDF8AE
:10F4C0002CE0CDF828C00993089280690E9008A816
:10F4D00007F02EF9009943F63442C2F2024210605E
:10F4E00049F2F410C0F6110002684368D0F808C071
:10F4F000D0F80CE00469456906950594CDF810E054
:10F50000CDF80CC0029301928069079001A807F022
:10F510000FF944F68061C2F20241086024B0B0BD28
:10F5200080B594B0002013901290119010900F901D
:10F53000FFE744F2E040C5F60200016841F08001B7
:10F540000160006800F080000E900E98FFE7FFE772
:10F5500044F2E040C5F60200016841F0010101609B
:10F56000006800F001000D900D98FFE7FFE744F2FE
:10F57000E040C5F60200016841F004010160006846
:10F5800000F004000C900C98FFE7FFE744F2E04025
:10F59000C5F60200016841F002010160006800F058
:10F5A00002000B900B98FFE7FFE744F2E040C5F63E
:10F5B0000200016841F010010160006800F01000D5
:10F5C0000A900A98FFE7FFE744F2E040C5F6020020
:10F5D000016841F008010160006800F0080009902E
:10F5E0000998FFE740F60040C5F60200029040F699
:10F5F000D11100220492F8F7FFFF049A40F2004074
:10F60000C5F602000590C0210391F8F7F5FF049AB2
:10F6100041F20000C5F60200079001210691F8F7BB
:10F62000EBFF0499059804220F92109111910FA9F4
:10F630000891F8F7E5FD049B0598069A08994FF4A0
:10F64000184CCDF83CC010931192F8F7D9FD0298F0
:10F65000069A08994FF488730F9310921192022220
:10F6600001921292F8F7CCFD0298049B069A089931
:10F670004FF4017CCDF83CC010931192F8F7C0FD17
:10F68000019B0298049ADDF818C008994FF4046EA3
:10F69000CDF83CE0CDF840C011931292F8F7B0FDE0
:10F6A000049A069808994FF400630F9310921190F2
:10F6B00040F60000C5F60200F8F7A2FD0298049A91
:10F6C000069B08994FF0810CCDF83CC01093119324
:10F6D0001292F8F795FD0298049A089920230F9347
:10F6E00010921192F8F78CFDDDF80CC0049A059881
:10F6F000069B0899CDF83CC0109311921292F8F72E
:10F700007FFD069A079808990F9211231093119282
:10F7100003221292F8F774FD14B080BD00000000BF
:10F7200080B544F6E000C2F2024041F60041C4F266
:10F730000001016003214160002181604FF6FF72EA
:10F74000C260016180218161FDF722F818B1FFE7F5
:10F75000F3F75AF9FFE780BD80B588B0002100912A
:10F76000079106910591049103910291019144F64C
:10F770007810C2F2024040F20042C4F2000202607D
:10F78000EF224260816040F2E732C2600161816134
:10F79000FCF7FEFF18B1FFE7F3F736F9FFE74FF488
:10F7A0008050049044F67810C2F2024004A9FDF79C
:10F7B0003FFA18B1FFE7F3F727F9FFE700200190C0
:10F7C000039044F67810C2F2024001A9FCF734FF1E
:10F7D00018B1FFE7F3F718F9FFE708B080BD0000A4
:10F7E00080B588B0002100910791069105910491A0
:10F7F00003910291019144F6C410C2F2024040F616
:10F800000002C4F200020260EF224260816040F216
:10F81000E732C260016180218161FCF7B9FF18B154
:10F82000FFE7F3F7F1F8FFE74FF48050049044F658
:10F83000C410C2F2024004A9FDF7FAF918B1FFE7BB
:10F84000F3F7E2F8FFE700200190039044F6C410BC
:10F85000C2F2024001A9FCF7EFFE18B1FFE7F3F78F
:10F86000D3F8FFE708B080BD80B584B000210391D4
:10F870000291019144F61020C2F2024041F20002CE
:10F88000C4F20002026040F65F124260816044F6FA
:10F890001F61C16080218161FCF77AFF18B1FFE729
:10F8A000F3F7B2F8FFE700200190039044F6102030
:10F8B000C2F2024001A9FCF7BFFE18B1FFE7F3F75F
:10F8C000A3F8FFE704B080BD80B584B000210391A8
:10F8D0000291019144F65C20C2F2024041F20042E2
:10F8E000C4F200020260EF22426081604FF6FF71B5
:10F8F000C16080218161FCF74BFF18B1FFE7F3F78E
:10F9000083F8FFE700200190039044F65C20C2F2E8
:10F91000024001A9FCF790FE18B1FFE7F3F774F875
:10F92000FFE704B080BD000080B58AB000210191DE
:10F93000099108910791069105910491039144F66C
:10F94000A820C2F20240029040F20042C4F201023A
:10F950000260EF22426081604FF6FF72C260016177
:10F96000416180218161FCF713FF18B1FFE7F3F7D4
:10F970004BF8FFE74FF48050069044F6A820C2F2FF
:10F98000024006A9FDF754F918B1FFE7F3F73CF878
:10F99000FFE7002003900490059044F6A820C2F2EF
:10F9A000024003A9FCF748FE18B1FFE7F3F72CF873
:10F9B000FFE70AB080BD000080B582B044F6B040D9
:10F9C000C2F20240009044F60041C4F2000101601E
:10F9D0004FF4E1314160002101918160C16001611A
:10F9E0000C2242618161C161016241628162FEF764
:10F9F000BBFA18B1FFE7F3F707F8FFE744F6B040AA
:10FA0000C2F202400021FDF757FE18B1FFE7F2F7FE
:10FA1000FBFFFFE744F6B040C2F202400021FDF7D1
:10FA200003FE18B1FFE7F2F7EFFFFFE744F6B0403F
:10FA3000C2F20240FDF7B4FC18B1FFE7F2F7E4FFB1
:10FA4000FFE702B080BD000080B582B044F64450AC
:10FA5000C2F20240009045F20001C4F200010160D0
:10FA60004AF22011C0F2070141600021019181603A
:10FA7000C16001610C2242618161C1610162416228
:10FA80008162F8F7E1FD18B1FFE7F2F7BDFFFFE78C
:10FA900044F64450C2F202400021FDF70DFE18B1B9
:10FAA000FFE7F2F7B1FFFFE744F64450C2F202402D
:10FAB0000021FDF7B9FD18B1FFE7F2F7A5FFFFE759
:10FAC00044F64450C2F20240FDF76AFC18B1FFE769
:10FAD000F2F79AFFFFE702B080BD000000000000CF
:10FAE00080B582B044F6D850C2F20240009047F68A
:10FAF0000001C4F2000101604FF4E13141600021D6
:10FB000001918160C16001610C2242618161C1612A
:10FB1000016241628162FEF727FA18B1FFE7F2F74E
:10FB200073FFFFE744F6D850C2F202400021FDF710
:10FB3000C3FD18B1FFE7F2F767FFFFE744F6D850BF
:10FB4000C2F202400021FDF76FFD18B1FFE7F2F7A6
:10FB50005BFFFFE744F6D850C2F20240FDF720FCFD
:10FB600018B1FFE7F2F750FFFFE702B080BD0000D9
:10FB700080B582B044F6F420C2F20240009041F217
:10FB80000001C4F2010101604AF22011C0F2070134
:10FB90004160002101918160C16001610C224261DC
:10FBA0008161C161016241628162F8F74DFD18B166
:10FBB000FFE7F2F729FFFFE744F6F420C2F2024024
:10FBC0000021FDF779FD18B1FFE7F2F71DFFFFE710
:10FBD00044F6F420C2F202400021FDF725FD18B1E1
:10FBE000FFE7F2F711FFFFE744F6F420C2F202400C
:10FBF000FDF7D6FB18B1FFE7F2F706FFFFE702B00B
:10FC000080BD00000000000080B582B044F688305E
:10FC1000C2F20240009044F20041C4F200010160CF
:10FC20004AF22011C0F20701416000210191816078
:10FC3000C16001610C2242618161C1610162416266
:10FC40008162F8F701FD18B1FFE7F2F7DDFEFFE78B
:10FC500044F68830C2F202400021FDF72DFD18B1B4
:10FC6000FFE7F2F7D1FEFFE744F68830C2F2024028
:10FC70000021FDF7D9FC18B1FFE7F2F7C5FEFFE759
:10FC800044F68830C2F20240FDF78AFB18B1FFE764
:10FC9000F2F7BAFEFFE702B080BD000000000000EE
:10FCA00080B582B044F61C40C2F20240009044F697
:10FCB0000001C4F2000101604AF22011C0F2070104
:10FCC0004160002101918160C16001610C224261AB
:10FCD0008161C161016241628162F8F7B5FC18B1CE
:10FCE000FFE7F2F791FEFFE744F61C40C2F2024044
:10FCF0000021FDF7E1FC18B1FFE7F2F785FEFFE711
:10FD000044F61C40C2F202400021FDF78DFC18B100
:10FD1000FFE7F2F779FEFFE744F61C40C2F202402B
:10FD2000FDF73EFB18B1FFE7F2F76EFEFFE702B00A
:10FD300080BD000000000000FFE7FEE700000000BB
:10FD400070B58AB0099000200890FFE708980999DB
:10FD5000496E884211D2FFE70998089901EB8101A9
:10FD600030F8212043F65421C2F20041002088548B
:10FD7000FFE7089801300890E8E743F6FC01C2F27B
:10FD800000410120086044F2FF10C2F202400078F6
:10FD9000002867D1FFE744F2C910C2F202400078A0
:10FDA00000285FD1FFE7099800285BD0FFE744F205
:10FDB000C810C2F202400078012808D1FFE744F6DB
:10FDC000AC61C2F20241012081F81E0107E044F655
:10FDD000AC61C2F20241022081F81E01FFE745F248
:10FDE0009900C2F20240007840B9FFE744F6AC60E7
:10FDF000C2F20240032101F0CFFBFFE744F2FF1102
:10FE0000C2F2024101200690087006F075FC0698C7
:10FE100045F2A00CC2F2024CCDF81CC08CF80000D8
:10FE2000DCF80010DCF80420DCF80830DCF80C000A
:10FE3000DCF810E0DCF81440DCF81850DCF81C604A
:10FE4000EC46CCF81060CCF80C50CCF80840CCF85C
:10FE500004E0CCF8000044F6AC60C2F2024007F0C7
:10FE60004BFBFFE7099878B1FFE740F20001C2F2CF
:10FE700000411B200870099890F86D0043F6C301FB
:10FE8000C2F20041087006E043F6C301C2F200412D
:10FE900003200870FFE709990020886644F2C81122
:10FEA000C2F20241087043F6C601C2F20041AA2024
:10FEB00008800AB070BD0000F0B58BB00A90002039
:10FEC0000990FFE709980A9942F628528958884212
:10FED00011D2FFE70A98099940F608125143425A95
:10FEE00043F65421C2F2004100208854FFE70998EC
:10FEF00001300990E6E743F6FC01C2F2004101201F
:10FF0000086045F27401C2F202410020087044F218
:10FF1000FF10C2F202400078E0BBFFE744F6AC609D
:10FF2000C2F202400790022180F81E11032101F065
:10FF300033FB44F2FF11C2F2024101200690087027
:10FF400006F0DAFB0699079845F2A00EC2F2024EBF
:10FF5000CDF820E08EF80010DEF80010DEF8042066
:10FF6000DEF80830DEF80CC0DEF81040DEF8145081
:10FF7000DEF81860DEF81C70EE46CEF81070CEF891
:10FF80000C60CEF80850CEF80440CEF800C007F060
:10FF9000B3FAFFE70A9942F62C520020885044F247
:10FFA000CA11C2F2024108700A9842F63151405C0F
:10FFB00043F6C301C2F20041087040F20001C2F2F0
:10FFC00000411B2008700BB0F0BD000000000000D5
:10FFD00070B58AB0089043F6FC00C2F20040006899
:10FFE00001280ED1FFE745F27000C2F2024000780E
:10FFF00038B9FFE745F27001C2F2024101200870F2
:020000040811E1
:10000000FFE745F27000C2F202400078012823D1D8
:10001000FFE70F2006F070FB01200021069107F09A
:1000200043FB0699022007F03FFB0699032007F0E7
:100030003BFB0699062007F037FB0699072007F0DF
:1000400033FB0699082007F02FFB069845F2700154
:10005000C2F202410870FFE7089838B1FFE744F2A6
:10006000FF11C2F2024100200870FFE744F20020B5
:10007000C2F20240007880B9FFE744F6AC60C2F2F9
:100080000240022101F088FA44F20021C2F202414A
:100090000120087006F030FBFFE745F27400C2F261
:1000A0000240007888BBFFE745F2A00CC2F2024C88
:1000B000CDF814C002208CF80000DCF80010DCF849
:1000C0000420DCF80830DCF80C00DCF810E0DCF888
:1000D0001440DCF81850DCF81C60EC46CCF81060DA
:1000E000CCF80C50CCF80840CCF804E0CCF8000078
:1000F00044F6AC60C2F2024007F0FEF945F274012A
:10010000C2F2024101200870FFE7089843F6F401AB
:10011000C2F20041086044F67260C2F20240007808
:1001200048BBFFE743F6FC01C2F200410120086032
:100130000790FFE707980C2811DCFFE70898406854
:10014000079A00EB4200808B44F22621C2F2024162
:1001500021F81200FFE7079801300790EAE744F220
:10016000FE11C2F202410120087044F67261C2F22F
:1001700002410870FFE70898816E01EB810100EBF6
:10018000810005F075F8F8B1FFE70898416E806EC0
:100190000139884208D2FFE70899886E01308866E5
:1001A00000208DF8270013E00898416E806E013919
:1001B000884204D1FFE701208DF8270008E0FFE71F
:1001C00000208DF8270003E000208DF82700FFE7CE
:1001D0009DF827000AB070BD70B58AB0089043F64C
:1001E000FC00C2F20040006801280ED1FFE745F292
:1001F0007000C2F20240007838B9FFE745F27001A2
:10020000C2F2024101200870FFE745F27000C2F21D
:1002100002400078012823D1FFE70F2006F06CFA96
:1002200001200021069107F03FFA0699022007F00D
:100230003BFA0699032007F037FA0699062007F0E3
:1002400033FA0699072007F02FFA0699082007F0DD
:100250002BFA069845F27001C2F202410870FFE7DE
:10026000089843F6F801C2F20041086044F2002009
:10027000C2F202400078B0B9FFE744F6AC60C2F2C7
:100280000240022101F088F944F20021C2F2024149
:100290000120087044F2FF12C2F2024200211170E4
:1002A00006F02AFAFFE745F27400C2F20240007835
:1002B00088BBFFE745F2A00CC2F2024CCDF814C097
:1002C00002208CF80000DCF80010DCF80420DCF8D8
:1002D0000830DCF80C00DCF810E0DCF81440DCF846
:1002E0001850DCF81C60EC46CCF81060CCF80C50D0
:1002F000CCF80840CCF804E0CCF8000044F6AC6040
:10030000C2F2024007F0F8F845F27401C2F202416D
:1003100001200870FFE744F67260C2F202400078E4
:1003200058BBFFE743F6FC01C2F200410120086020
:100330000790FFE707980C2813DCFFE7079A40F6C1
:100340007830C2F2004000EB4200C08B44F226211C
:10035000C2F2024121F81200FFE70798013007902E
:10036000E8E744F67261C2F202410120087044F2EB
:10037000FE11C2F202410870FFE7089A42F62C50C3
:10038000105840F6081100FB012005F0E5F848B3CD
:10039000FFE7089942F62C50085842F6285289582F
:1003A000013988420AD2FFE7089942F62C52885850
:1003B0000130885000208DF8270017E0089942F698
:1003C0002C50085842F6285289580139884204D1E5
:1003D000FFE701208DF8270008E0FFE700208DF8F7
:1003E000270003E000208DF82700FFE79DF8270095
:1003F0000AB070BD00000000FFE7FEE7000000004B
:1004000088B0079006910592079800F007000490C5
:100410000498C0F10700052803D3FFE704200190EA
:1004200004E00498C0F107000190FFE701980390F1
:1004300004980430062803D8FFE70020009003E06A
:10044000049803380090FFE70098029006980399FB
:10045000012202FA01F101390840029B98400599F6
:100460009A40013A1140084308B07047000000006C
:1004700070B5ADF5307DAF9000208DF8BB02FFE781
:100480009DF8BB021D2829DCFFE7AF9A92F81C01FA
:100490008A2110FB01209DF8BB120844007A4128F4
:1004A00015D1FFE7AF9A92F81C018A2110FB0120B9
:1004B0009DF8BB120844407A412808D1FFE79DF817
:1004C000BB0244F67361C2F20241087006E0FFE726
:1004D0009DF8BB0201308DF8BB02D1E7AF9A92F8CC
:1004E0001C018A2110FB012044F67361C2F2024113
:1004F0000978084400F1080144F20420C2F20240E5
:1005000001600268B2F80310531859799B7941EAE7
:100510000321A2F885100268B2F803101144B1F863
:100520000710A2F887100068008844F24111884241
:1005300016D1FFE744F20420C2F202400068B0F88E
:10054000870043F63D5188420AD1FFE744F2042078
:10055000C2F202400068B0F80300812802DBFFE726
:1005600000F0EFBD44F20420C2F20240189001688E
:10057000481DB1F80310F1F743FC1899ADF8B80223
:10058000BDF8B8020968B1F8851088420BD0FFE7C2
:10059000AF99012081F81D01AF9890F81D1100F06E
:1005A000FBFF00F0CEBD44F20420C2F2024001681D
:1005B0008978AF9A82F81E11006880780138014668
:1005C0001791092800F2B8851799DFE811F00A00A1
:1005D0009D02A70323047F04EF0426054205B50509
:1005E0005B0544F20420C2F202400068B0F8030048
:1005F000022840F08882FFE744F2C811C2F20241AB
:1006000001200870AF99002081F81D01AF9890F883
:100610001D1100F0C1FF44F20420C2F20240016843
:1006200049798DF8B712006880798DF8B602EFF736
:10063000FBFE46F26761C6F2666150FB01F2901064
:1006400000EBD27050FB01F2911001EBD27101EB83
:100650008101A0EB4100AC90AC981690042800F208
:1006600051821699DFE811F005007A00EF0064016D
:10067000D9019DF8B702012807D1FFE740F2000138
:10068000C2F200411B20087067E09DF8B702022803
:1006900007D1FFE740F20001C2F200411B200870C1
:1006A0005AE09DF8B702032807D1FFE740F20001A6
:1006B000C2F200411B2008704DE09DF8B7020428EB
:1006C00007D1FFE740F20001C2F200411B20087091
:1006D00040E09DF8B702052807D1FFE740F200018E
:1006E000C2F200411B20087033E09DF8B7020628D3
:1006F00007D1FFE740F20001C2F200411B20087061
:1007000026E09DF8B702072807D1FFE740F2000175
:10071000C2F200411B20087019E09DF8B7020828BA
:1007200007D1FFE740F20001C2F200411B20087030
:100730000CE09DF8B702092807D1FFE740F200015D
:10074000C2F200411B200870FFE7FFE7FFE7FFE769
:10075000FFE7FFE7FFE7FFE7FFE7D3E19DF8B70219
:10076000012807D1FFE740F20001C2F200411B203F
:10077000087067E09DF8B702022807D1FFE740F252
:100780000001C2F200411B2008705AE09DF8B70238
:10079000032807D1FFE740F20001C2F200411B200D
:1007A00008704DE09DF8B702042807D1FFE740F23A
:1007B0000001C2F200411B20087040E09DF8B70222
:1007C000052807D1FFE740F20001C2F200411B20DB
:1007D000087033E09DF8B702062807D1FFE740F222
:1007E0000001C2F200411B20087026E09DF8B7020C
:1007F000072807D1FFE740F20001C2F200411B20A9
:10080000087019E09DF8B702082807D1FFE740F209
:100810000001C2F200411B2008700CE09DF8B702F5
:10082000092807D1FFE740F20001C2F200411B2076
:100830000870FFE7FFE7FFE7FFE7FFE7FFE7FFE7F6
:10084000FFE7FFE75EE19DF8B702012807D1FFE768
:1008500040F20001C2F200411B20087067E09DF8E1
:10086000B702022807D1FFE740F20001C2F20041BF
:100870001B2008705AE09DF8B702032807D1FFE754
:1008800040F20001C2F200411B2008704DE09DF8CB
:10089000B702042807D1FFE740F20001C2F200418D
:1008A0001B20087040E09DF8B702052807D1FFE73C
:1008B00040F20001C2F200411B20087033E09DF8B5
:1008C000B702062807D1FFE740F20001C2F200415B
:1008D0001B20087026E09DF8B702072807D1FFE724
:1008E00040F20001C2F200411B20087019E09DF89F
:1008F000B702082807D1FFE740F20001C2F2004129
:100900001B2008700CE09DF8B702092807D1FFE70B
:1009100040F20001C2F200411B200870FFE7FFE730
:10092000FFE7FFE7FFE7FFE7FFE7FFE7FFE7E9E0B4
:100930009DF8B702012807D1FFE740F20001C2F29B
:1009400000411B20087067E09DF8B702022807D11C
:10095000FFE740F20001C2F200411B2008705AE09C
:100960009DF8B702032807D1FFE740F20001C2F269
:1009700000411B2008704DE09DF8B702042807D104
:10098000FFE740F20001C2F200411B20087040E086
:100990009DF8B702052807D1FFE740F20001C2F237
:1009A00000411B20087033E09DF8B702062807D1EC
:1009B000FFE740F20001C2F200411B20087026E070
:1009C0009DF8B702072807D1FFE740F20001C2F205
:1009D00000411B20087019E09DF8B702082807D1D4
:1009E000FFE740F20001C2F200411B2008700CE05A
:1009F0009DF8B702092807D1FFE740F20001C2F2D3
:100A000000411B200870FFE7FFE7FFE7FFE7FFE774
:100A1000FFE7FFE7FFE7FFE774E09DF8B702012873
:100A200007D1FFE740F20001C2F200411B2008702D
:100A300067E09DF8B702022807D1FFE740F2000106
:100A4000C2F200411B2008705AE09DF8B70203284B
:100A500007D1FFE740F20001C2F200411B200870FD
:100A60004DE09DF8B702042807D1FFE740F20001EE
:100A7000C2F200411B20087040E09DF8B702052833
:100A800007D1FFE740F20001C2F200411B200870CD
:100A900033E09DF8B702062807D1FFE740F20001D6
:100AA000C2F200411B20087026E09DF8B70207281B
:100AB00007D1FFE740F20001C2F200411B2008709D
:100AC00019E09DF8B702082807D1FFE740F20001BE
:100AD000C2F200411B2008700CE09DF8B702092803
:100AE00007D1FFE740F20001C2F200411B2008706D
:100AF000FFE7FFE7FFE7FFE7FFE7FFE7FFE7FFE7C6
:100B0000FFE7FFE7FFE71CE344F2C811C2F202412E
:100B10000020087043F62441C2F20241086043F607
:100B2000C602C2F20042AA21118044F2C911C2F2E7
:100B30000241087044F20021C2F202410870AF99EC
:100B400081F81D01AF9890F81D1100F025FD44F2C9
:100B50000420C2F202400068B0F80500ADF8AE0211
:100B600005F03EFE43F6C301C2F200410870BDF835
:100B7000AE02FF2830D1FFE743F6FC00C2F200408E
:100B80000121017043F60832C2F2024200201070C7
:100B900044F2CB12C2F20242117044F67261C2F208
:100BA0000241087044F2FF11C2F20241087044F29F
:100BB0000021C2F20241087045F27401C2F2024102
:100BC000087040F20001C2F200411B200870AF988B
:100BD000032100F0E1FCA0E0BDF8AE02FE281AD12E
:100BE000FFE743F60831C2F202410020087044F2E8
:100BF000CB11C2F202410870AF9981F81D01AF9884
:100C000090F81D1100F0C8FC40F20001C2F2004152
:100C10001B20087080E0BDF8AE02012821D1FFE75B
:100C200043F60831C2F202410020087044F2CB11B1
:100C3000C2F202410870AF9981F81D01AF9890F897
:100C40001D1100F0A9FC43F6FC01C2F20041012095
:100C500008709DF8AE0240F20001C2F20041087037
:100C600059E0BDF8AE02FD281FD1FFE744F2CB11D9
:100C7000C2F202410020087045F29900C2F202401F
:100C8000007888B9FFE745F29901C2F202410120DC
:100C9000087043F6B600C2F20040007840F200014E
:100CA000C2F200410870FFE734E0EFF7BDFB46F207
:100CB0006761C6F2666150FB01F2901000EBD270E2
:100CC00050FB01F2511001EBD27101EB8101401A8E
:100CD000AA9043F60831C2F202410020087044F2A3
:100CE000CB11C2F202410870AF9981F81D01AF9893
:100CF00090F81D1100F050FC43F6FC01C2F20041D7
:100D0000012008709DF8AE0240F20001C2F20041DD
:100D10000870FFE7FFE7FFE7FFE712E244F2042075
:100D2000C2F2024000684079012869D1FFE744F22D
:100D30000420C2F202400068807968B9FFE744F2FB
:100D40000420C2F202400068C07900EE100AB8EE3A
:100D5000400A8DEDA80A17E044F20420C2F20240D6
:100D600000688079FF280ED1FFE744F20420C2F228
:100D700002400068C079404200EE100AB8EEC00A96
:100D80008DEDA80AFFE7FFE744F20420C2F202401B
:100D90000068007A68B9FFE744F20420C2F202401A
:100DA0000068407A00EE100AB8EE400A8DEDA90AFC
:100DB00017E044F20420C2F202400068007AFF28E3
:100DC0000ED1FFE744F20420C2F202400068407AEC
:100DD000404200EE100AB8EEC00A8DEDA90AFFE706
:100DE000FFE79DEDA80ABDEEC00A10EE100A9DEDCA
:100DF000A90ABDEEC00A10EE101A05F069FBFFE764
:100E0000AF99002081F81D01AF9890F81D1100F0F6
:100E1000C3FB96E1AF99002081F81D01A790A69031
:100E2000A590A490A39045F2D400C2F202400078AD
:100E3000B0FA80F040098DF88C0245F2CE00C2F283
:100E400002400078B0FA80F040098DF88D0245F23A
:100E5000D100C2F202400078B0FA80F040098DF86B
:100E60008E0244F66C60C2F2024000788DF88F0268
:100E700044F66F60C2F2024000788DF890029DF84F
:100E80008C329DF88D029DF88E229DF88FC29DF8C0
:100E900090E26946C1F80CE0C1F808C04A600860F9
:100EA0004FF23462C0F6110283A814908021EFF74C
:100EB00079FB1498AF991591EFF7B2FB149902469C
:100EC000159892B2042300F08FFB3AE1F2F7BCFCD4
:100ED0008DF8EC0100F070F98DED7C0AF2F71CFC46
:100EE0008DF8F401FDF71CFE8DF8F501F2F760FCBA
:100EF0007E9000201190ADF8FC01F2F715FC8DF802
:100F0000FE01F2F729FC014611988DF8FF1180903F
:100F100043F69420C2F2004090ED050ABDEEC00AEF
:100F20008DED810A06F068FB8DF808029DF8EC3122
:100F30009DF8F4019DF8F5114FEAC17C4FF2C051C4
:100F4000C0F611014FF2BA52C0F61102BCF1000F07
:100F500018BF0A469DF8FEC19DF8FFE17E9C819D69
:100F60009DF8086269468E614D610C61C1F80CE024
:100F7000C1F808C04A6008604FF2D652C0F61102AC
:100F80005BA812908021EFF70DFB11991298AF9A90
:100F900082F81D11AF991391EFF742FB12990246A7
:100FA000139892B2052300F01FFBCAE0AF9900200E
:100FB00081F81D0105F028F900EE100AB8EEC00A0C
:100FC0008DED590A05F060FA00EE100AB8EEC00A7D
:100FD0008DED5A0A9DED591A9DED5A0ABDEEC11AC2
:100FE00011EE103ABDEEC00A684680ED000A4FF2DD
:100FF0008C52C0F6110239A80F908021EFF7D2FA77
:101000000F98AF991091EFF70BFB0F9902461098CC
:1010100092B2062300F0E8FA93E0694602204860A5
:101020000C2008604FF2C552C0F6110219A80D90AD
:1010300080210323EFF7B6FA0D98AF990E91EFF7E1
:10104000EFFA0D9902460E9892B2072300F0CCFAFF
:1010500077E0AF99002081F81D01AF9890F81D113D
:1010600000F09AFA43F6C801C2F200414FF6007050
:10107000C0F60E000822F2F767F94FF00060FDF7A6
:101080005BFD5EE0AF99002081F81D01AF9890F8FC
:101090001D1100F081FA44F20420C2F202400068FF
:1010A000417944F6CD70C2F20240017000780138F7
:1010B00001460C9103283DD80C99DFE801F00203AA
:1010C000132338E040F60040C5F602000A900122E2
:1010D0000B921146F7F790FA0A980B9A1021F7F73E
:1010E0008BFA28E040F60040C5F602000890012186
:1010F00000220992F7F780FA0898099A1021F7F769
:101100007BFA18E043F62441C2F202410020086055
:1011100040F20002C2F200421B21117044F2C911D8
:10112000C2F20241087043F6FC01C2F20041012004
:10113000087000E0FFE704E0AF98012100F02CFA0E
:10114000FFE70DF5307D70BD0000000000000000DD
:10115000EFF30980BFF36F8F154B1A681EF0100F65
:1011600008BF20ED108A20E9F04F10602DE909003A
:101170004FF0500080F31188BFF34F8FBFF36F8F94
:1011800006F04AFD4FF0000080F31188BDE8090029
:1011900019680868B0E8F04F1EF0100F08BFB0ECF7
:1011A000108A80F30988BFF36F8F704700BF00BFBC
:1011B000D04F0224000000009FED010A704700BFDD
:1011C000000000000000000080B586B0049003918C
:1011D00000208DF8070044F22840C5F602000068A0
:1011E00000F00300032804D1FFE701208DF8170069
:1011F000CBE044F20041C5F60201086820F08060AF
:101200000860F7F719FA0290FFE744F20040C5F6CC
:101210000200006800F000610020B0EBD16F0CD03C
:10122000FFE7F7F709FA0299401A032804D3FFE70A
:1012300003208DF81700A8E0E7E7FFE744F2284114
:10124000C5F60201086820F47C30049A126840EA6E
:101250000230086004994868D1F808C0CB680A6970
:1012600001386FF35F204FF60061CFF6FF7101EB9D
:101270004C2189B208440021CFF6FF7101EB0341F4
:1012800001F4FE0108444FF07F4101EB026101F0DF
:10129000FE41084444F23841C5F602010860FFE708
:1012A00044F22C41C5F602010091086820F0C0000C
:1012B000049A526910430860086820F02000049ADC
:1012C000926910430860086820F01000086044F23A
:1012D0003C42C5F6020210684FF6F8739843049B2F
:1012E000DB6940EAC3001060086840F01000086045
:1012F000039848B9FFE744F22C41C5F6020108689B
:1013000040F40020086016E00398012809D1FFE7A7
:1013100044F22C41C5F60201086840F480100860D0
:1013200008E044F22C41C5F60201086840F40010C0
:101330000860FFE7FFE744F20041C5F602010868D4
:1013400040F080600860F7F777F90290FFE744F219
:101350000040C5F60200006800F000610020B0EB1C
:10136000D16F0CD1FFE7F7F767F90299401A03280C
:1013700004D3FFE703208DF8170006E0E7E7FFE757
:101380009DF807008DF81700FFE79DF8170006B0DD
:1013900080BD00000000000080B586B0049003917D
:1013A00000208DF8070044F22840C5F602000068CE
:1013B00000F00300032804D1FFE701208DF8170097
:1013C000CBE044F20041C5F60201086820F08050ED
:1013D0000860F7F731F90290FFE744F20040C5F6E4
:1013E0000200006800F000510020B0EB517F0CD0EB
:1013F000FFE7F7F721F90299401A032804D3FFE722
:1014000003208DF81700A8E0E7E7FFE744F2284142
:10141000C5F60201086820F07C70049A126840EA60
:101420000250086004994868D1F808C0CB680A697E
:1014300001386FF35F204FF60061CFF6FF7101EBCB
:101440004C2189B208440021CFF6FF7101EB034122
:1014500001F4FE0108444FF07F4101EB026101F00D
:10146000FE41084444F24041C5F602010860FFE72E
:1014700044F22C41C5F602010091086820F4406056
:10148000049A526910430860086820F40070049AB6
:10149000926910430860086820F48070086044F284
:1014A0004442C5F6020210684FF6F8739843049B55
:1014B000DB6940EAC3001060086840F4807008608F
:1014C000039848B9FFE744F22C41C5F602010868C9
:1014D00040F48000086016E00398012809D1FFE776
:1014E00044F22C41C5F60201086840F4000008608F
:1014F00008E044F22C41C5F60201086840F0807013
:101500000860FFE7FFE744F20041C5F60201086802
:1015100040F080500860F7F78FF80290FFE744F240
:101520000040C5F60200006800F000510020B0EB5A
:10153000517F0CD1FFE7F7F77FF80299401A032893
:1015400004D3FFE703208DF8170006E0E7E7FFE785
:101550009DF807008DF81700FFE79DF8170006B00B
:1015600080BD00000000000000000000000000003E
:10157000074B19680868B0E8F04F80F30988BFF39B
:101580006F8F4FF0000080F31188704700BF00BFDD
:10159000D04F02240000000080B584B003908DF885
:1015A0000B10039890F81E1143F6AC00C2F20040F5
:1015B000019081709DF80B1000F8051F0121F0F7D4
:1015C0001FFC0199ADF80800BDF8080088719DF86E
:1015D0000900C871039800680A223223FDF758F900
:1015E00004B080BD0000000080B588B00690059171
:1015F000ADF812208DF81130BDF81200892804DBF7
:10160000FFE700208DF81F0042E0BDF8120009300E
:10161000ADF80E0045F2D900C2F20240029042211C
:10162000017041709DF811108170BDF812200146C3
:1016300001F8032F01919DF8131001710599BDF870
:1016400012200530EFF70BF80198BDF81210F0F7F3
:10165000D7FB0299ADF80C009DF80C00BDF81220E4
:101660000A445071BDF8120042182B209071BDF849
:1016700012200A44D07106980068BDF81220083282
:1016800092B26423FDF704F901208DF81F00FFE7F3
:101690009DF81F0008B080BD84B0039002910192B4
:1016A000009302980078012808D1FFE7039800789A
:1016B00020B9FFE701990120087003E0019900209B
:1016C0000870FFE70298007848B9FFE703980078B0
:1016D000012804D1FFE700990120087003E0009978
:1016E00000200870FFE7039800780299087004B0A2
:1016F000704700000000000082B0012001900198B6
:1017000080F3138804F0A4F880B582B00190FFE75D
:10171000012004F0F1FFFBE780B584B00390FFE700
:1017200045F2C600C2F202400078012803D1FFE76B
:10173000FFF7E2FFFFE744F6CD70C2F20240007807
:10174000032829D1FFE74FF4FA6004F0D5FF44F2F3
:101750004010C2F2024090ED010A9FED361AB4EE3D
:10176000410AF1EE10FA10DDFFE740F60040C5F641
:1017700002000190012202921146F6F73DFF019806
:10178000029A1021F6F738FFFFE744F6CD71C2F256
:10179000024100200870FFE745F2C500C2F2024096
:1017A0000078012821D1FFE7EEF73EFE46F267619F
:1017B000C6F2666150FB01F2901000EBD27050FB54
:1017C00001F2911001EBD27101EB8101A0EB41001C
:1017D000013045F26C01C2F20241086045F2C501D8
:1017E000C2F2024100200870FFE745F2D700C2F2C2
:1017F00002400078012804D1FFE7002004F0CCFE6D
:1018000003E0012004F0C8FEFFE745F2D800C2F271
:1018100002400078012804D1FFE7012004F058F8C5
:1018200003E0002004F054F8FFE74FF47A7004F06E
:1018300063FF75E76666364180B582B0019002F0BD
:101840003FFCFFE7012004F057FFFBE7000000002A
:1018500080B582B0019002F09BFCFFE745F2C40026
:10186000C2F20240007888B9FFE744F2CD11C2F21B
:1018700002410320087040F2DC5004F03DFF45F2C5
:10188000C401C2F2024101200870FFE704F0BCFC71
:1018900000EE100AB8EEC00A44F6A060C2F20240A0
:1018A000009080ED010A04F0EFFD0146009800EE83
:1018B000101AB8EEC00A80ED000A44F24010C2F2DD
:1018C0000240007C01281ED1FFE744F2CC10C2F296
:1018D00002400078B8B9FFE744F2CD11C2F20241EC
:1018E000052008704FF4FA6004F006FF45F271011C
:1018F000C2F202410A20087044F2CC11C2F2024145
:1019000001200870FFE7FDF747FC04F069FF01467E
:1019100044F6CC70C2F202400170007804280DD168
:10192000FFE744F2CE11C2F202410120887044F276
:10193000CD11C2F202410620087006E044F2CE1139
:10194000C2F2024100208870FFE744F2CE10C2F2DA
:101950000240407870B9FFE744F2CE10C2F2024074
:10196000807838B9FFE744F2CD11C2F2024100207D
:101970000870FFE744F67460C2F20240807804F019
:1019800007FC0A2004F0B8FE68E700000000000031
:1019900080B582B00190FFE743F62440C2F20240D6
:1019A0000068012803D1FFE700F02EFB0AE044F6AF
:1019B000A860C2F20240007818B9FFE705F098FC71
:1019C000FFE7FFE70A2004F097FEE5E700000000CC
:1019D00080B582B04FF0500080F31188BFF36F8F55
:1019E000BFF34F8F009006F0DBFA40B1FFE74EF6F1
:1019F0000451CEF200014FF080500860FFE7002054
:101A00000190019880F3118802B080BD00000000B1
:101A100080B5A0B00DA84C21EEF766FE0020019025
:101A20000C900B900A9009900890079006900590F2
:101A30000220F6F761FFFFE70020049040F22C40FF
:101A4000C5F60000016821F001010160006800F0A6
:101A50000100049044F61800C5F60200016841F444
:101A600040410160006800F4404004900498FFE7A2
:101A7000FFE744F61800C5F60200006800F40050C5
:101A8000B0F5005F01D0FFE7F3E7FFE744F2F44071
:101A9000C5F60200016841F002010160006800F033
:101AA000020003900398FFE7FFE70020029044F64E
:101AB0001800C5F60200016841F440410160006869
:101AC00000F44040029040F22C40C5F6000001684E
:101AD00041F001010160006800F0010002900298ED
:101AE000FFE7FFE744F61800C5F60200006800F4BF
:101AF0000050B0F5005F01D0FFE7F3E701200D9043
:101B00004FF480300E900220169017900521189106
:101B1000C02119911A901B901C9008201D90002044
:101B20001E901F900DA8F9F7CFFF18B1FFE7F0F74F
:101B30006BFFFFE73F2005900320069000200790F1
:101B400008200890402009900A904FF480610B9182
:101B50000C9005A80421F9F7B7F918B1FFE7F0F7E1
:101B600053FFFFE720B080BD81B04EF68851CEF222
:101B70000001086840F47000086042F20000C5F2FD
:101B80000020006800F00F0006280AD8FFE742F2A4
:101B90000001C5F200210868072262F30300086013
:101BA000FFE744F20041C5F60201086840F0010079
:101BB000086044F21042C5F6020200201060086876
:101BC0004EF67F52CEF6F6221040086042F2000038
:101BD000C5F20020006800F00F0008280AD3FFE7D4
:101BE00042F20001C5F200210868072262F30300F7
:101BF0000860FFE744F21841C5F60201002000909A
:101C0000086044F21C41C5F60201086044F220411C
:101C1000C5F60201086044F22842C5F6020240F20D
:101C20000021C0F20221116044F22C42C5F60202EA
:101C30000021C0F2FF11116044F23042C5F60202E9
:101C400040F28021C0F20111116044F23442C5F625
:101C50000202106044F23842C5F60202116044F2FA
:101C60003C42C5F60202106044F24042C5F6020250
:101C7000116044F24441C5F60201086044F200429A
:101C8000C5F60202116821F48021116044F260411E
:101C9000C5F60201086041F20001C5F6004109687D
:101CA000B0EB517F07D1FFE748F20811C5F20011F0
:101CB00001200860FFE744F20001C5F2002143F271
:101CC000D200086001B0704780B544F62C10C2F213
:101CD0000240FBF799F880BD80B544F67810C2F257
:101CE0000240FBF791F880BD80B544F6C410C2F203
:101CF0000240FBF789F803F007F880BD0000000000
:101D000080B544F61020C2F20240FBF77DF803F0E4
:101D1000FFF880BD0000000080B544F65C20C2F2F0
:101D20000240FBF771F880BD80B544F6A820C2F2EE
:101D30000240FBF769F844F6E000C2F20240FBF70C
:101D400063F880BD0000000083B00290019102980A
:101D50000068009002980021C4F20101884225D059
:101D6000FFE70298B0F1804F20D0FFE7029840F2E1
:101D70000041C4F20001884218D0FFE7029840F603
:101D80000001C4F20001884210D0FFE7029840F63B
:101D90000041C4F20001884208D0FFE7029840F2F7
:101DA0000041C4F2010188420AD1FFE7009820F007
:101DB0007000009001984168009808430090FFE788
:101DC00002980021C4F2010188423DD0FFE7029849
:101DD000B0F1804F38D0FFE7029840F20041C4F2E2
:101DE0000001884230D0FFE7029840F60001C4F2BB
:101DF0000001884228D0FFE7029840F60041C4F273
:101E00000001884220D0FFE7029840F20041C4F26E
:101E10000101884218D0FFE7029844F20001C4F2A1
:101E20000101884210D0FFE7029844F20041C4F259
:101E30000101884208D0FFE7029844F60001C4F28D
:101E4000010188420AD1FFE7009820F44070009019
:101E50000198C168009808430090FFE7009820F0BF
:101E60008000019949690843009000980299086030
:101E7000019880680299C862019800680299886296
:101E800002980021C4F20101884220D0FFE70298A5
:101E900040F20041C4F20101884218D0FFE70298E5
:101EA00044F20001C4F20101884210D0FFE7029819
:101EB00044F20041C4F20101884208D0FFE70298D1
:101EC00044F60001C4F20101884205D1FFE7019800
:101ED000006902990863FFE70299012048610298AE
:101EE0000069C00730B1FFE70299086920F00100DE
:101EF0000861FFE703B0704785B004900391029238
:101F00000193049880680090009820F47F4000902E
:101F100003980299019A41EA02210143009808437B
:101F2000009000980499886005B070470000000098
:101F300083B00290019102988068009000984FF65B
:101F40008F71CFF6CF710840009001980099084337
:101F500040F00700009000980299886003B0704735
:101F600085B00490039102920498006A009004994D
:101F7000086A20F0010008620498806901900198C5
:101F800020F0F00001900299019840EA01100190C0
:101F9000009820F00A0000900399009808430090F0
:101FA00001980499886100980499086205B0704707
:101FB00085B00490039102920498006A00900499FD
:101FC000086A20F010000862049880690190019866
:101FD00020F4704001900299019840EA013001908C
:101FE000009820F0A00000900399009840EA0110AA
:101FF000009001980499886100980499086205B0DE
:10200000704700000000000080B582B043F6234016
:10201000C2F202400078012807D1FFE743F62341CE
:10202000C2F2024100200870FFE743F62440C2F2EA
:102030000240006801284BD1FFE743F62840C2F276
:1020400002400068012842D1FFE701200190FFE72C
:1020500001980C2813DCFFE7019A40F67830C2F2B1
:10206000004000EB4200C08B44F22621C2F2024144
:1020700021F81200FFE7019801300190E8E743F6EC
:102080002C41C2F202410020086043F62841C2F20E
:102090000241086043F62441C2F20241086040F266
:1020A0000101C2F20041087043F65421C2F200411E
:1020B000087043F6FC02C2F200420121116040F2B6
:1020C0000001C2F200410870EFF732FEFFE7FFE7C0
:1020D00002B080BD0000000080B582B0ADF80600FF
:1020E00041F22441C4F200010020086044F65C2063
:1020F000C2F20240FAF778FCFFE741F22440C4F252
:1021000000000068BDF80610884201D2FFE7F4E73E
:1021100044F65C20C2F20240FAF766FD02B080BDD0
:1021200080B596B0002002900190009041F20041ED
:10213000C4F200010391EF21049105904FF6FF7066
:1021400006908020099003A8FAF722FB18B1FFE758
:10215000F0F75AFCFFE700200090029003A86946C0
:10216000FAF76AFA18B1FFE7F0F74EFCFFE716B08E
:1021700080BD00000000000080B582B0ADF8060010
:1021800040F22441C4F201010020086044F6A82076
:10219000C2F20240FAF728FCFFE740F22440C4F202
:1021A00001000068BDF80610884201D2FFE7F4E79D
:1021B00044F6A820C2F20240FAF716FD02B080BD34
:1021C00080B596B0002002900190009041F200414D
:1021D000C4F200010391EF21049105904FF6FF70C6
:1021E00006908020099003A8FAF7D2FA18B1FFE709
:1021F000F0F70AFCFFE700200090029003A8694670
:10220000FAF71AFA18B1FFE7F0F7FEFBFFE716B08E
:1022100080BD00000000000080B544F6B040C2F26E
:102220000240FBF73DFB01F093FD80BD0000000084
:1022300080B544F64450C2F20240FBF731FB02F095
:10224000CBFB80BD0000000080B544F6D850C2F240
:102250000240FBF725FB02F03FFF80BD00000000BD
:1022600082B001900198406E40B9FFE701990120CA
:10227000A1F86A000199A1F8680032E010208DF8F9
:1022800003008DF80200019800688068C0F3426086
:102290008DF80100019800688068400F8DF80000FB
:1022A0009DF802009DF8002049F23023C0F611038A
:1022B000995C484349F22821C0F611018A5CB0FBC1
:1022C000F2F0019AA2F86A009DF803009DF801203F
:1022D0009B5C5843895CB0FBF1F00199A1F8680060
:1022E000FFE702B07047000081B00090009890F8BE
:1022F0002800000700280BD5FFE700980068406819
:1023000020F40040009A1168926B10434860FFE788
:10231000009890F82800C00758B1FFE700980068BF
:10232000406820F40030009A1168D26A1043486077
:10233000FFE7009890F82800800700280BD5FFE7FA
:1023400000980068406820F48030009A1168126B91
:1023500010434860FFE7009890F8280040070028E5
:102360000BD5FFE700980068406820F48020009AB1
:102370001168526B10434860FFE7009890F82800FE
:10238000C00600280BD5FFE700980068806820F49D
:102390008050009A1168D26B10438860FFE7009864
:1023A00090F82800800600280BD5FFE70098006809
:1023B000806820F40050009A1168126C1043886005
:1023C000FFE7009890F82800400600281CD5FFE79A
:1023D00000980068406820F48010009A1168526CE0
:1023E000104348600098406CB0F5801F0BD1FFE7A8
:1023F00000980068406820F4C000009A1168926C50
:1024000010434860FFE7FFE7009890F828000006B7
:1024100000280BD5FFE700980068406820F40020F2
:10242000009A1168D26C10434860FFE701B0704712
:1024300080B588B0069006990020C1F89000F6F7A4
:10244000FBF80590069800680068000700282FD563
:10245000FFE70698059B6A466FF07E4111604FF4D6
:102460000011002200F090FF08B3FFE7FFE7FFE74D
:102470000698006850E8000F20F080000490FFE705
:1024800004990698026842E800100028F0D1FFE79E
:10249000FFE706992020C1F88800FFE70699002091
:1024A00081F88400FFE703208DF81F005FE0FFE75D
:1024B0000698006800684007002842D5FFE70698A4
:1024C000059B6A466FF07E4111604FF48001002247
:1024D00000F05AFFA0B3FFE7FFE7FFE706980068A8
:1024E00050E8000F20F490700390FFE703990698DE
:1024F000026842E800100028F0D1FFE7FFE7FFE79D
:10250000FFE70698006850E8020F20F001000290F3
:10251000FFE702990698026842E802100028F0D10D
:10252000FFE7FFE706992020C1F88C00FFE7069936
:10253000002081F88400FFE703208DF81F0016E0DB
:10254000FFE706992020C1F888000699C1F88C00A1
:1025500006990020C86606990867FFE706990020DB
:1025600081F88400FFE700208DF81F00FFE79DF849
:102570001F0008B080BD000080B582B001900198B6
:10258000806B009000990020A1F85E000099A1F8EE
:1025900056000098FBF780F902B080BD00000000F3
:1025A00080B584B003900398806B02900298D0F8B5
:1025B000880001900298D0F88C0000900298006882
:1025C0008068000600280CD5FFE70198212808D173
:1025D000FFE702990020A1F85600029800F078F970
:1025E000FFE7029800688068400600280CD5FFE7E6
:1025F0000098222808D1FFE702990020A1F85E0088
:10260000029800F0F1F8FFE70299D1F8900040F04D
:102610001000C1F890000298FBF73EF904B080BDAD
:1026200080B586B005900598806B04900598C069C8
:10263000B0F5807F5BD0FFE704990020A1F85E0031
:10264000FFE7FFE70498006850E8000F20F480706F
:102650000390FFE703990498026842E800100028FD
:10266000F0D1FFE7FFE7FFE7FFE70498006850E8D5
:10267000020F20F001000290FFE70299049802681F
:1026800042E802100028F0D1FFE7FFE7FFE7FFE78D
:102690000498006850E8020F20F040000190FFE726
:1026A00001990498026842E802100028F0D1FFE77F
:1026B000FFE704992020C1F88C000498C06E01281F
:1026C00014D1FFE7FFE7FFE70498006850E8000F28
:1026D00020F010000090FFE700990498026842E89B
:1026E00000100028F0D1FFE7FFE7FFE7FFE70499BC
:1026F000002008670498C06E012806D1FFE70498FF
:10270000B0F85C10FAF7ECFE03E00498FCF7B8F8B8
:10271000FFE706B080BD000080B582B0019001984F
:10272000806B00900099012008670098C06E012816
:1027300007D1FFE70098B0F85C104908FAF7D0FE1F
:1027400003E00098FCF7A0F8FFE702B080BD0000AE
:1027500080B584B003900398806B02900398C069A1
:10276000B0F5807F2BD0FFE702990020A1F856003A
:10277000FFE7FFE70298006850E8020F20F08000B2
:102780000190FFE701990298026842E802100028D0
:10279000F0D1FFE7FFE7FFE7FFE70298006850E8A6
:1027A000000F40F040000090FFE700990298026897
:1027B00042E800100028F0D1FFE7FFE703E00298AD
:1027C000FCF786F9FFE704B080BD000000000000C0
:1027D00080B582B001900198806B00900098FCF762
:1027E0007BF902B080BD000084B00390FFE7FFE7F3
:1027F0000398006850E8000F20F490700290FFE703
:1028000002990398026842E800100028F0D1FFE71F
:10281000FFE7FFE7FFE70398006850E8020F4FF675
:10282000FE71CEF6FF7108400190FFE70199039811
:10283000026842E802100028EDD1FFE7FFE70398A5
:10284000C06E012814D1FFE7FFE7FFE70398006897
:1028500050E8000F20F010000090FFE70099039867
:10286000026842E800100028F0D1FFE7FFE7FFE729
:1028700003992020C1F88C0003990020C8660399B1
:10288000486704B07047000080B582B00190FFE750
:10289000FFE70198006850E8000F20F0400000902A
:1028A000FFE700990198026842E800100028F0D183
:1028B000FFE7FFE701992020C1F888000199002077
:1028C00088670198FCF704F902B080BD00000000A1
:1028D00083B00290FFE7FFE70298006850E8000F1E
:1028E00020F0C0000190FFE701990298026842E8D9
:1028F00000100028F0D1FFE7FFE7FFE7FFE70298AD
:10290000006850E8020F20F400000090FFE70099F3
:102910000298026842E802100028F0D1FFE7FFE7C2
:1029200002992020C1F8880003B070470000000021
:1029300080B59CB01B9000208DF85F001B9800684C
:1029400040F60041C5F60001884201D1FFE700E0F2
:10295000FFE71B9988680B694A69C96918431043E6
:1029600008431A901B980068006846F6F311CCF6ED
:10297000FF7108401A9908431B99096808601B9861
:102980000068406820F440501B9A1168D2681043D8
:1029900048601B9880691A901B98006840F60041B7
:1029A000C5F60001884206D0FFE71B98016A1A9815
:1029B00008431A90FFE71B98006880684FF2FF41B8
:1029C000C1F2FF1108401A9908431B9909688860F1
:1029D0001B980068C06A20F00F001B9A1168526AA9
:1029E0001043C862FFE71B98006841F20001C4F27F
:1029F0000101884240F04180FFE744F25440C5F6AF
:102A00000200006800F0380001460E9128282FD8F7
:102A10000E99DFE801F0152D2D2D2D2D2D2D192DC1
:102A20002D2D2D2D2D2D1D2D2D2D2D2D2D2D212DF2
:102A30002D2D2D2D2D2D252D2D2D2D2D2D2D2900FF
:102A400001208DF8650017E004208DF8650013E083
:102A500008208DF865000FE010208DF865000BE070
:102A600020208DF8650007E040208DF8650003E028
:102A700080208DF86500FFE7D6E11B98006844F2DE
:102A80000041C4F2000188422ED1FFE744F25440D5
:102A9000C5F60200006800F0070001460D91052808
:102AA0001DD80D99DFE801F003070B0F1317002065
:102AB0008DF8650017E004208DF8650013E008200C
:102AC0008DF865000FE010208DF865000BE02020E8
:102AD0008DF8650007E040208DF8650003E0802058
:102AE0008DF86500FFE79EE11B98006844F6000141
:102AF000C4F2000188422ED1FFE744F25440C5F6EB
:102B00000200006800F0070001460C9105281DD85E
:102B10000C99DFE801F003070B0F131700208DF865
:102B2000650017E004208DF8650013E008208DF89B
:102B300065000FE010208DF865000BE020208DF877
:102B4000650007E040208DF8650003E080208DF8E7
:102B50006500FFE766E11B98006844F60041C4F297
:102B6000000188422ED1FFE744F25440C5F602002E
:102B7000006800F0070001460B9105281DD80B994D
:102B8000DFE801F003070B0F131700208DF8650035
:102B900017E004208DF8650013E008208DF865002B
:102BA0000FE010208DF865000BE020208DF8650007
:102BB00007E040208DF8650003E080208DF8650077
:102BC000FFE72EE11B98006845F20001C4F2000106
:102BD00088422ED1FFE744F25440C5F60200006857
:102BE00000F0070001460A9105281DD80A99DFE880
:102BF00001F003070B0F131700208DF8650017E095
:102C000004208DF8650013E008208DF865000FE0C2
:102C100010208DF865000BE020208DF8650007E09E
:102C200040208DF8650003E080208DF86500FFE707
:102C3000F6E01B98006841F20041C4F201018842AD
:102C400040F04180FFE744F25440C5F602000068BE
:102C500000F038000146099128282FD80999DFE8AB
:102C600001F0152D2D2D2D2D2D2D192D2D2D2D2D29
:102C70002D2D1D2D2D2D2D2D2D2D212D2D2D2D2DA0
:102C80002D2D252D2D2D2D2D2D2D290001208DF8BB
:102C9000650017E004208DF8650013E008208DF82A
:102CA00065000FE010208DF865000BE020208DF806
:102CB000650007E040208DF8650003E080208DF876
:102CC0006500FFE7ABE01B98006847F60001C4F21F
:102CD000000188422ED1FFE744F25440C5F60200BD
:102CE000006800F007000146089105281DD80899E2
:102CF000DFE801F003070B0F131700208DF86500C4
:102D000017E004208DF8650013E008208DF86500B9
:102D10000FE010208DF865000BE020208DF8650095
:102D200007E040208DF8650003E080208DF8650005
:102D3000FFE773E01B98006847F60041C4F200010A
:102D400088422ED1FFE744F25440C5F602000068E5
:102D500000F007000146079105281DD80799DFE814
:102D600001F003070B0F131700208DF8650017E023
:102D700004208DF8650013E008208DF865000FE051
:102D800010208DF865000BE020208DF8650007E02D
:102D900040208DF8650003E080208DF86500FFE796
:102DA0003BE01B98006840F60041C5F600018842F0
:102DB0002ED1FFE744F25840C5F60200006800F04B
:102DC00007000146069105281DD80699DFE801F0A5
:102DD00003070B0F131702208DF8650017E004207E
:102DE0008DF8650013E008208DF865000FE01020D5
:102DF0008DF865000BE020208DF8650007E040208D
:102E00008DF8650003E080208DF86500FFE703E0A2
:102E100080208DF86500FFE7FFE7FFE7FFE7FFE7AA
:102E2000FFE7FFE7FFE7FFE7FFE71B98006840F6D3
:102E30000041C5F60001884240F0B480FFE79DF8EC
:102E4000650001460591022814D0FFE70598042883
:102E500014D0FFE70598082816D0FFE7059810283A
:102E600018D0FFE70598202835D0FFE705984028BF
:102E700037D03AE0F5F794FD0F903CE013A8F5F752
:102E8000FBFE14980F9036E010A8F6F74DF8119855
:102E90000F9030E044F20040C5F60200006800F0F8
:102EA00020010020B0EB511F0ED0FFE744F200409C
:102EB000C5F602000068C0F3C10149F20000C0F28B
:102EC000D030C8400F9005E049F20000C0F2D03089
:102ED0000F90FFE70FE040F60010C0F23D000F90AA
:102EE00009E04FF400400F9005E000200F90012012
:102EF0008DF85F00FFE70F98002852D0FFE70F988A
:102F00001B994A6A49F23821C0F6110131F81210B2
:102F1000B0FBF1F0169016981B99496801EB41013E
:102F2000884207D3FFE716981B994968B0EB013F29
:102F300004D9FFE701208DF85F0031E00F981B995D
:102F40004A6803924A6A49F23821C0F6110131F801
:102F50001220002304931946EDF7A0FA039A049B6C
:102F6000090241EA1061000210EB520041F1000138
:102F7000EDF794FA18901898B0F5407F0BD3FFE75F
:102F800018990020B0EB115F05D1FFE718981B9945
:102F90000968C86003E001208DF85F00FFE7FFE7E4
:102FA000FFE746E11B98C069B0F5004F40F0A880EC
:102FB000FFE79DF8650001460291402800F263801A
:102FC0000299DFE801F021256060296060602F60D0
:102FD000606060606060356060606060606060601C
:102FE00060606060606056606060606060606060EB
:102FF00060606060606060606060606060606060D1
:103000006060606060605C00F8F7AEFB0F9040E0CD
:10301000F8F7BEFB0F903CE013A8F5F72DFE1498CF
:103020000F9036E010A8F5F77FFF11980F9030E071
:1030300044F20040C5F60200006800F020010020C4
:10304000B0EB511F0ED0FFE744F20040C5F602007E
:103050000068C0F3C10149F20000C0F2D030C8409E
:103060000F9005E049F20000C0F2D0300F90FFE76A
:103070000FE040F60010C0F23D000F9009E04FF461
:1030800000400F9005E000200F9001208DF85F00B8
:10309000FFE70F9898B3FFE70F981B9A5168536AA0
:1030A00049F23822C0F6110232F81320B0FBF2F0D8
:1030B000400000EB5100B0FBF1F018901898102878
:1030C00018D3FFE7BDF86200A0B9FFE7189820F019
:1030D0000F00ADF86600189800F00E01BDF866000C
:1030E00040EA5100ADF86600BDF866001B9909681A
:1030F000C86003E001208DF85F00FFE7FFE797E07D
:103100009DF8650001460191402800F26380019915
:10311000DFE801F021256060296060602F60606059
:1031200060606060356060606060606060606060CA
:103130006060606056606060606060606060606099
:10314000606060606060606060606060606060607F
:10315000606060605C00F8F707FB0F9040E0F8F7F4
:1031600017FB0F903CE013A8F5F786FD14980F901D
:1031700036E010A8F5F7D8FE11980F9030E044F231
:103180000040C5F60200006800F020010020B0EB0E
:10319000511F0ED0FFE744F20040C5F60200006860
:1031A000C0F3C10149F20000C0F2D030C8400F9016
:1031B00005E049F20000C0F2D0300F90FFE70FE0C9
:1031C00040F60010C0F23D000F9009E04FF40040BF
:1031D0000F9005E000200F9001208DF85F00FFE7C1
:1031E0000F9820B3FFE70F981B9A5168536A49F272
:1031F0003822C0F6110232F81320B0FBF2F000EBD7
:103200005100B0FBF1F01890189810280AD3FFE78E
:10321000BDF8620030B9FFE7BDF860001B9909688E
:10322000C86003E001208DF85F00FFE7FFE7FFE7DC
:10323000FFE71B990120A1F86A001B99A1F868001B
:103240001B99002048671B9988679DF85F001CB098
:1032500080BD00000000000080B588B00690059198
:10326000ADF81220059806998865BDF812000699F8
:10327000A1F85C0006990020C1F890000699222070
:10328000C1F88C000698D0F88000B0B3FFE706982C
:10329000D0F8801042F22160C0F61100C863069891
:1032A000D0F8801042F21970C0F611000864069838
:1032B000D0F8801042F2A150C0F61100C864069800
:1032C000D0F880100020086506980168826DD0F85B
:1032D00080002431BDF81230F4F76EF960B1FFE7D9
:1032E00006991020C1F8900006992020C1F88C00A2
:1032F00001208DF81F0042E0FFE706980069A0B1A9
:10330000FFE7FFE7FFE70698006850E8000F40F48A
:1033100080700390FFE703990698026842E8001066
:103320000028F0D1FFE7FFE7FFE7FFE7FFE7069898
:10333000006850E8020F40F001000290FFE7029998
:103340000698026842E802100028F0D1FFE7FFE784
:10335000FFE7FFE70698006850E8020F40F04000E2
:103360000190FFE701990698026842E802100028E0
:10337000F0D1FFE7FFE700208DF81F00FFE79DF881
:103380001F0008B080BD000080B586B0DDF820C009
:10339000049003918DF80B200193FFE704980068D7
:1033A000C06903990840401AB0FA80F040099DF8BE
:1033B0000B10884266D1FFE708980130002860D0E2
:1033C000FFE7F5F739F90199401A0899884203D8BF
:1033D000FFE7089820B9FFE703208DF8170055E0B4
:1033E0000498006800684007002849D5FFE7039863
:1033F000802845D0FFE70398402841D0FFE7049894
:103400000068C06900F008010120B0EBD10F16D1AF
:10341000FFE7049801680820009008620498FFF70D
:10342000E3F900980499C1F89000FFE7049900209F
:1034300081F88400FFE701208DF8170026E004984A
:103440000068C06900F400610120B0EBD12F16D1F3
:10345000FFE7049801684FF4006008620498FFF7E2
:10346000C3F904992020C1F89000FFE704990020D7
:1034700081F88400FFE703208DF8170006E0FFE7DE
:10348000FFE78BE700208DF81700FFE79DF8170096
:1034900006B080BD0000000080B544F6F420C2F202
:1034A0000240FAF7FDF901F077F880BD0000000056
:1034B00080B544F68830C2F20240FAF7F1F901F023
:1034C0007BF980BD0000000080B544F61C40C2F2CC
:1034D0000240FAF7E5F900F067FE80BD0000000049
:1034E000FFE7FEE70000000080B58CB00A900020E6
:1034F00004900A98000D802803D8FFE7012002906D
:1035000002E002200290FFE70A98F0F729F8019004
:103510000198082804D3FFE701208DF82F0037E039
:1035200042F21401C5F200210020C1F2EE700860E1
:1035300042F21411C5F200210860F4F711FE8DF873
:103540000F009DF80F0028B1FFE79DF80F008DF8E0
:103550002F001DE00020059002980690019807902A
:10356000012008902020099005A804A9F4F728FC60
:103570008DF80F009DF80F0018B1FFE7EFF744FA40
:10358000FFE7F4F709FD9DF80F008DF82F00FFE726
:103590009DF82F000CB080BD80B584B002900191E1
:1035A000F4F7DEFD8DF803009DF8030028B1FFE776
:1035B0009DF803008DF80F002DE09DF808008007AE
:1035C00038B1FFE743F69021C2F2004101200860C4
:1035D0000CE09DF80400800738B1FFE743F6902126
:1035E000C2F2004102200860FFE7FFE70299019A5A
:1035F0000120F4F7FDFC8DF803009DF8030043F66D
:103600008C21C2F200410870F4F7C6FC9DF803005B
:103610008DF80F00FFE79DF80F0004B080BD00009B
:1036200081B000900098006801B070470000000071
:1036300081B044F25810C2F20240017801310170A9
:10364000007814281CDCFFE744F24010C2F202406C
:10365000408800EE100AB8EEC00A9FED371A20EE3F
:10366000010A9FED361A80EE011A44F25C10C2F294
:10367000024090ED000A30EE010A80ED000AFFE7FB
:1036800044F25810C2F202400078142852D1FFE7E9
:1036900044F25C10C2F2024090ED000AB3EE041A4C
:1036A00080EE010A8DED000A9DED000AB8EE041AC5
:1036B00030EE010A9FED221A80EE010A44F240101A
:1036C000C2F2024080ED030A90ED030AB2EE041A42
:1036D000B4EE410AF1EE10FA09DDFFE744F24011C1
:1036E000C2F202410020C4F22010C860FFE744F299
:1036F0004010C2F2024090ED030ABAEE041AB4EE92
:10370000410AF1EE10FA09DAFFE744F24011C2F281
:1037100002410020CCF22010C860FFE744F25811AB
:10372000C2F202410020087044F25C11C2F2024170
:103730000860FFE701B070473333534000FF7F4715
:10374000CDCCCC3D0000000081B044F24010C2F26C
:103750000240018800EE101AB8EEC00A9FED351A3B
:1037600020EE010A9FED341A80EE010A9FED331A14
:1037700020EE010A8DED000A43F6E801C2F2004195
:1037800091ED000A43F6EC02C2F2004292ED001AFB
:1037900030EE010A81ED000A91ED000A43F6F001D6
:1037A000C2F2004191ED001A30EE011A80EE010ADA
:1037B00044F67861C2F2024181ED000A90ED050AFB
:1037C000B7EE001AB4EE410AF1EE10FA07DAFFE79D
:1037D000009844F24011C2F20241486114E044F200
:1037E0004010C2F2024090ED050A44F67861C2F240
:1037F000024191ED001A9DED002A32EE402AA1EE21
:10380000020A80ED050AFFE744F67860C2F2024042
:1038100090ED001AB7EE000A30EE410A43F6E800D8
:10382000C2F2004090ED001A20EE010A80ED000A7D
:1038300001B070473333534000FF7F475B79C2408C
:1038400080B582B044F26010C2F2024001780131CA
:103850000170007896281CDCFFE744F24010C2F2A9
:103860000240008800EE100AB8EEC00A9FED3A1A36
:1038700020EE010A9FED391A80EE011A44F264101D
:10388000C2F2024090ED000A30EE010A80ED000A1B
:10389000FFE744F26010C2F202400078962858D147
:1038A000FFE744F26410C2F2024090ED000A9FED7F
:1038B0002C1A80EE010A9FED2B1A20EE010A44F229
:1038C0004010C2F2024080ED010A90ED010A9FED26
:1038D000261AB4EE410AF1EE10FA0ADDFFE744F2CF
:1038E0004011C2F2024146F26660C4F246104860DE
:1038F000FFE744F24010C2F2024090ED010AB2EE3E
:10390000041AB4EE410AF1EE10FA09DAFFE744F2C4
:103910004011C2F202410020C4F220104860FFE7CB
:1039200044F24010C2F20240019090ED010A00F012
:1039300033F801990872FFF707FF44F26011C2F2F1
:1039400002410020087044F26411C2F20241086092
:10395000FFE702B080BD00BF3333534000FF7F4715
:10396000000016435B79C2406666464100000000D5
:1039700080B5FFF75DFE00F0CBF840F20000C2F228
:10398000004000781B2803D1FFE7FFF759FFFFE74E
:1039900080BD00000000000084B002A8009080ED0F
:1039A000000A90ED000A9FED521AB4EE410AF1EEC2
:1039B00010FA04DBFFE764208DF80F0094E0009814
:1039C00090ED000AB2EE041AB4EE410AF1EE10FADC
:1039D00004DCFFE700208DF80F0085E0009890EDF3
:1039E000000AB2EE081AB4EE410AF1EE10FA13DB47
:1039F000FFE7009890ED000ABAEE081A30EE010ACF
:103A00009FED421A20EE010ABDEEC00A10EE100A28
:103A100055308DF807004FE0009890ED000A9FEDBB
:103A2000351AB4EE410AF1EE10FA13DBFFE7009805
:103A300090ED000A9FED331A30EE010A9FED321A25
:103A400020EE010ABDEEC00A10EE100A32308DF8E9
:103A5000070030E0009890ED000A9FED271AB4EEC1
:103A6000410AF1EE10FA13DBFFE7009890ED000A2F
:103A70009FED221A30EE010A9FED211A20EE010A75
:103A8000BDEEC00A10EE100A14308DF8070011E0E8
:103A9000009890ED000ABAEE041A30EE010AB3EE77
:103AA000091A20EE010ABDEEC00A10EE100A8DF8C8
:103AB0000700FFE7FFE7FFE79DF90700652804DB44
:103AC000FFE764208DF80700FFE79DF90700B0F1DC
:103AD000FF3F04DCFFE700208DF80700FFE79DF8BB
:103AE00007008DF80F00FFE79DF90F0004B0704745
:103AF0006666464166663641CDCC2C41CDCC2CC1A4
:103B000000004842666636C1EC5169420000164228
:103B100044F24010C2F2024090ED030A9FED0B1AEE
:103B2000B4EE410AF1EE10FA07DDFFE744F240116E
:103B3000C2F202410120087406E044F24011C2F2D0
:103B4000024100200874FFE7704700BFCDCCCC3D98
:103B500080B544F26420C2F2024044F24011C2F245
:103B600002410222F0F788FE80BD00000000000044
:103B700080B58CB000200090ADF82C000A90099020
:103B8000ADF8200007900690ADF814000490039063
:103B90000290FFE7029804281BDCFFE7029A44F238
:103BA0000820C2F2024000EB4200408806A921F83A
:103BB0001200029A44F24420C2F2024000EB42009A
:103BC000408803A921F81200FFE702980130029013
:103BD000E0E744F22620C2F20240418801F500618C
:103BE000ADF82410818801F50061ADF82610C18878
:103BF00001F50061ADF82810018901F50061ADF80B
:103C00002A10408900F50060ADF82C0045F27000E4
:103C1000C2F20240007838B9FFE7012009A906AADC
:103C200003ABEEF7F9FEFFE700200190FFE70198F4
:103C300004281BDCFFE7019A44F20820C2F202408C
:103C400000EB4200808906A921F81200019A44F293
:103C50004420C2F2024000EB4200808903A921F80F
:103C60001200FFE7019801300190E0E744F22620BE
:103C7000C2F20240818901F50061ADF82410C189CA
:103C800001F50061ADF82610018A01F50061ADF87B
:103C90002810418A01F50061ADF82A10808A00F5EC
:103CA0000060ADF82C0045F27000C2F202400078CE
:103CB00038B9FFE7022009A906AA03ABEEF7ACFE6C
:103CC000FFE744F6A860C2F20240007801281DD048
:103CD000FFE744F22620C2F20240C08A00F50060ED
:103CE000ADF8240044F20820C2F20240C08AADF8C8
:103CF000180044F24420C2F20240C08AADF80C0021
:103D000009A806A903AAEEF7A3FFFFE70CB080BD40
:103D100080B544F6AC63C2F2024344F6B040C2F24E
:103D20000240186044F24030C2F202405860002065
:103D300083F81C01186893F81C118A2211FB0231C8
:103D400008318922F9F774FB80BD000000000000F3
:103D5000704700000000000080B584B040F20040D1
:103D6000C5F6020001904021029100220392F4F76F
:103D700043FC00F059FF0198039A8021F4F73CFCC2
:103D800002200090FEF7F8F9019802990122F4F759
:103D900033FC0098FEF7F0F901980299039AF4F7C2
:103DA0002BFC04B080BD000080B582B040F2004022
:103DB000C5F602000090402101220192F4F71CFC9C
:103DC0000098019A8021F4F717FCFEF7F9F902B088
:103DD00080BD00000000000080B586B040F20040C9
:103DE000C5F6020003904021049100220592F4F7E9
:103DF00003FC00F019FF0398802101220192F4F7DF
:103E0000FBFB02200290FEF7B7F9019A0398049990
:103E1000F4F7F2FB0298FEF7AFF903980499059ABC
:103E2000F4F7EAFB06B080BD80B584B08DF80F00D2
:103E3000002002908DF80D0000F0DEFE02988DF853
:103E40000E00FFE79DF80E0007282DDCFFE740F28B
:103E50000040C5F602000190402100910022F4F7D5
:103E6000CBFB0220FEF788F9009901980122F4F7B4
:103E7000C3FB01989DF80D1049008DF80D108021AD
:103E8000F4F7A2FB30B1FFE79DF80D0001308DF88B
:103E90000D00FFE70220FEF76FF9FFE79DF80E0027
:103EA00001308DF80E00CDE79DF80F0018B9FFE73F
:103EB000FFF792FF02E0FFF74FFFFFE79DF80D00CD
:103EC00004B080BD0000000080B586B08DF81700FA
:103ED00000F0AAFE40F20040C5F602004021002298
:103EE0000492F4F789FB04988DF81600FFE79DF81B
:103EF000160007283EDCFFE79DF817100020B0EB06
:103F0000D11F09D0FFE740F20040C5F60200802132
:103F10000122F4F771FB08E040F20040C5F6020010
:103F200080210022F4F768FBFFE79DF817004000AE
:103F30008DF8170002200390FEF71EF940F20040B2
:103F4000C5F602000190402102910122F4F754FBD2
:103F50000398FEF711F9019802990022F4F74CFB3F
:103F60000398FEF709F9FFE79DF8160001308DF878
:103F70001600BCE706B080BD80B586B000F054FEE8
:103F800040F20040C5F60200039080210191012219
:103F90000092F4F731FB009A039840210491F4F762
:103FA0002BFB04200290FEF7E7F80199039800220A
:103FB0000592F4F721FB0298FEF7DEF803980499C6
:103FC000059AF4F719FB06B080BD00000000000060
:103FD00080B586B000F028FE40F20040C5F6020031
:103FE00002904021019100220092F4F705FB009A13
:103FF000029880210391F4F7FFFA04200590FEF760
:10400000BBF80199029801220492F4F7F5FA02989C
:104010000399049AF4F7F0FA0598FEF7ADF806B0A4
:1040200080BD00000000000080B586B000208DF843
:10403000160000F0E1FD40F20040C5F602000290DB
:10404000802101220392F4F7D7FA02200490FEF7B0
:1040500093F80298039A4021F4F7CEFA0498FEF7F9
:104060008BF8FFE740F20040C5F602008021F4F72C
:10407000ABFA88B1FFE79DF8160001308DF8160005
:104080009DF81600FB2806DBFFE7FFF7A1FF0120E4
:104090008DF817000DE0E5E740F20040C5F602009C
:1040A000402100220192F4F7A7FA01988DF8170039
:1040B000FFE79DF8170006B080BD0000000000007B
:1040C00080B588B043F62441C2F202410120049039
:1040D0000860EFF3108072B60690FBF76DFCFFF7F7
:1040E00017FE00F009FE00F0B7FD62B60020079051
:1040F000079880F3138800F067F9FFF729FDEDF7C3
:1041000077FE4FF47A7002F0F7FA04988DF81700F2
:10411000FFE79DF817000C280FDCFFE7142002F0E2
:10412000EBFA9DF81700002103F0BEFAFFE79DF8B7
:10413000170001308DF81700EBE7012000210191F5
:1041400003F0B2FA0199022003F0AEFA01990320BC
:10415000039003F0A9FA0199062003F0A5FA01994A
:10416000072003F0A1FA0199082003F09DFA6420CA
:10417000029002F0C1FA01F023FD029802F0BCFAAD
:10418000039845F29A01C2F20241087008B080BD5E
:1041900080B54FF47A7002F0AFFAFAF7A1FF03F09E
:1041A000A3FA80BD0000000080B582B043F6404015
:1041B000C2F2024000680068C06900F010010020EF
:1041C000B0EB111F00F0FC80FFE743F64040C2F265
:1041D000024001680A6810211162406800681021DD
:1041E000C4F20201884200F0C280FFE743F640407B
:1041F000C2F20240406800682821C4F202018842ED
:1042000000F0B580FFE743F64040C2F2024040684C
:1042100000684021C4F20201884200F0A880FFE754
:1042200043F64040C2F20240406800685821C4F2A0
:104230000201884200F09B80FFE743F64040C2F253
:104240000240406800687021C4F20201884200F018
:104250008E80FFE743F64040C2F2024040680068AB
:104260008821C4F20201884200F08180FFE743F612
:104270004040C2F2024040680068A021C4F202013E
:10428000884274D0FFE743F64040C2F202404068E3
:104290000068B821C4F20201884268D0FFE743F603
:1042A0004040C2F202404068006840F21041C4F24F
:1042B000020188425BD0FFE743F64040C2F2024071
:1042C0004068006840F22841C4F2020188424ED0A2
:1042D000FFE743F64040C2F202404068006840F207
:1042E0004041C4F20201884241D0FFE743F640401A
:1042F000C2F202404068006840F25841C4F2020134
:10430000884234D0FFE743F64040C2F202404068A2
:10431000006840F27041C4F20201884227D0FFE7F2
:1043200043F64040C2F202404068006840F28841D3
:10433000C4F2020188421AD0FFE743F64040C2F2BD
:1043400002404068006840F2A041C4F20201884285
:104350000DD0FFE743F64040C2F2024040680068DB
:1043600040F2B841C4F20201884209D1FFE743F6A6
:104370004040C2F20240406800684068019008E096
:1043800043F64040C2F20240406800684068019035
:10439000FFE70198C0F13C0143F64040C2F2024001
:1043A000009080F89E100068F9F7D6F9009800F0A8
:1043B00097FE0099086862313C22FAF711FAFFE78C
:1043C00002B080BD0000000080B586B043F680508A
:1043D000C2F2024044F6F42CC2F2024CC0F800C013
:1043E00044F21061C2F20241416043F62060C2F221
:1043F0000240C0F800C0416043F6C063C2F202430D
:1044000044F68832C2F202421A6044F20070C2F2EC
:104410000240586043F66073C2F202431A6058606B
:1044200043F6E043C2F20243C3F800C0596044F2CD
:10443000A001C2F202410A60486043F64041C2F264
:10444000024144F61C40C2F20240086044F2F0709F
:10445000C2F20240486044F20001C2F2024144F656
:104460004450C2F20240086044F23040C2F20240BE
:10447000486000200590FFE705980C281DDCFFE749
:10448000059A44F24421C2F202414FF4FA6021F845
:104490001200059A44F22621C2F20241002021F8BE
:1044A0001200059A44F20821C2F2024121F81200DA
:1044B000FFE7059801300590DEE744F24421C2F29F
:1044C000024140F6B830C88244F22621C2F20241CD
:1044D00002910020039048808880C880088148812C
:1044E0008881C881088248828882C88208830490B3
:1044F000FFE704980E2810DCFFE7049800EB80012A
:1045000043F60A30C2F2024000EB8101002008822B
:10451000FFE7049801300490EBE743F6E041C2F274
:10452000024108680268106840F01000106051F8FD
:10453000620B3C220192FAF753F9019A44F2A0016E
:10454000C2F2024108680368186840F01000186061
:1045500051F8620BFAF744F9019A43F64041C2F26E
:10456000024108680368186840F01000186051F8AC
:10457000620BFAF735F9019A44F20001C2F20241E6
:1045800008680368186840F01000186051F8620B62
:10459000FAF726F906B080BD80B582B043F6E04058
:1045A000C2F2024000680068C06900F010010020FB
:1045B000B0EB111F00F0FC80FFE743F6E040C2F2D1
:1045C000024001680A6810211162406800681021E9
:1045D000C4F20201884200F0C280FFE743F6E040E7
:1045E000C2F20240406800682821C4F202018842F9
:1045F00000F0B580FFE743F6E040C2F202404068B9
:1046000000684021C4F20201884200F0A880FFE760
:1046100043F6E040C2F20240406800685821C4F20C
:104620000201884200F09B80FFE743F6E040C2F2BF
:104630000240406800687021C4F20201884200F024
:104640008E80FFE743F6E040C2F202404068006817
:104650008821C4F20201884200F08180FFE743F61E
:10466000E040C2F2024040680068A021C4F20201AA
:10467000884274D0FFE743F6E040C2F2024040684F
:104680000068B821C4F20201884268D0FFE743F60F
:10469000E040C2F202404068006840F21041C4F2BB
:1046A000020188425BD0FFE743F6E040C2F20240DD
:1046B0004068006840F22841C4F2020188424ED0AE
:1046C000FFE743F6E040C2F202404068006840F273
:1046D0004041C4F20201884241D0FFE743F6E04086
:1046E000C2F202404068006840F25841C4F2020140
:1046F000884234D0FFE743F6E040C2F2024040680F
:10470000006840F27041C4F20201884227D0FFE7FE
:1047100043F6E040C2F202404068006840F288413F
:10472000C4F2020188421AD0FFE743F6E040C2F229
:1047300002404068006840F2A041C4F20201884291
:104740000DD0FFE743F6E040C2F202404068006847
:1047500040F2B841C4F20201884209D1FFE743F6B2
:10476000E040C2F20240406800684068019008E002
:1047700043F6E040C2F202404068006840680190A1
:10478000FFE70198C0F13C0143F6E040C2F202406D
:10479000009080F89E100068F8F7DEFF009800F0A7
:1047A0009FFC0099086862313C22FAF719F8FFE78C
:1047B00002B080BD0000000080B582B044F2A000CD
:1047C000C2F2024000680068C06900F010010020D9
:1047D000B0EB111F00F0FC80FFE744F2A000C2F232
:1047E000024001680A6810211162406800681021C7
:1047F000C4F20201884200F0C280FFE744F2A00048
:10480000C2F20240406800682821C4F202018842D6
:1048100000F0B580FFE744F2A000C2F20240406819
:1048200000684021C4F20201884200F0A880FFE73E
:1048300044F2A000C2F20240406800685821C4F26D
:104840000201884200F09B80FFE744F2A000C2F220
:104850000240406800687021C4F20201884200F002
:104860008E80FFE744F2A000C2F202404068006878
:104870008821C4F20201884200F08180FFE744F2FF
:10488000A000C2F2024040680068A021C4F2020108
:10489000884274D0FFE744F2A000C2F202404068B0
:1048A0000068B821C4F20201884268D0FFE744F2F0
:1048B000A000C2F202404068006840F21041C4F219
:1048C000020188425BD0FFE744F2A000C2F202403E
:1048D0004068006840F22841C4F2020188424ED08C
:1048E000FFE744F2A000C2F202404068006840F2D4
:1048F0004041C4F20201884241D0FFE744F2A000E7
:10490000C2F202404068006840F25841C4F202011D
:10491000884234D0FFE744F2A000C2F2024040686F
:10492000006840F27041C4F20201884227D0FFE7DC
:1049300044F2A000C2F202404068006840F28841A0
:10494000C4F2020188421AD0FFE744F2A000C2F28A
:1049500002404068006840F2A041C4F2020188426F
:104960000DD0FFE744F2A000C2F2024040680068A8
:1049700040F2B841C4F20201884209D1FFE744F293
:10498000A000C2F20240406800684068019008E060
:1049900044F2A000C2F20240406800684068019002
:1049A000FFE70198C0F13C0144F2A000C2F20240CE
:1049B000009080F89E100068F8F7CEFE009800F096
:1049C0008FFB0099086862313C22F9F709FFFFE785
:1049D00002B080BD0000000080B582B044F200004B
:1049E000C2F2024000680068C06900F010010020B7
:1049F000B0EB111F00F0FC80FFE744F20000C2F2B0
:104A0000024001680A6810211162406800681021A4
:104A1000C4F20201884200F0C280FFE744F20000C5
:104A2000C2F20240406800682821C4F202018842B4
:104A300000F0B580FFE744F20000C2F20240406897
:104A400000684021C4F20201884200F0A880FFE71C
:104A500044F20000C2F20240406800685821C4F2EB
:104A60000201884200F09B80FFE744F20000C2F29E
:104A70000240406800687021C4F20201884200F0E0
:104A80008E80FFE744F20000C2F2024040680068F6
:104A90008821C4F20201884200F08180FFE744F2DD
:104AA0000000C2F2024040680068A021C4F2020186
:104AB000884274D0FFE744F20000C2F2024040682E
:104AC0000068B821C4F20201884268D0FFE744F2CE
:104AD0000000C2F202404068006840F21041C4F297
:104AE000020188425BD0FFE744F20000C2F20240BC
:104AF0004068006840F22841C4F2020188424ED06A
:104B0000FFE744F20000C2F202404068006840F251
:104B10004041C4F20201884241D0FFE744F2000064
:104B2000C2F202404068006840F25841C4F20201FB
:104B3000884234D0FFE744F20000C2F202404068ED
:104B4000006840F27041C4F20201884227D0FFE7BA
:104B500044F20000C2F202404068006840F288411E
:104B6000C4F2020188421AD0FFE744F20000C2F208
:104B700002404068006840F2A041C4F2020188424D
:104B80000DD0FFE744F20000C2F202404068006826
:104B900040F2B841C4F20201884209D1FFE744F271
:104BA0000000C2F20240406800684068019008E0DE
:104BB00044F20000C2F20240406800684068019080
:104BC000FFE70198C0F13C0144F20000C2F202404C
:104BD000009080F89E100068F8F7BEFD009800F085
:104BE0007FFA0099086862313C22F9F7F9FDFFE786
:104BF00002B080BD0000000080B586B000200590A6
:104C00000490039002900190802101910290012074
:104C1000039040F20040C5F6020001A9F3F7F0FA54
:104C200006B080BD0000000080B586B00020059071
:104C30000490039002900190802101911121029132
:104C400001210391049040F20040C5F6020001A941
:104C5000F3F7D6FA06B080BD80B544F61020C2F254
:104C60000240F7F73DFF44F67810C2F20240F7F732
:104C700037FF80BD0000000040F20000C2F200409B
:104C800000781B2808D0FFE744F2DE11C2F202418F
:104C900008880130088010E044F2DE11C2F20241BF
:104CA0000020088045F2CA01C2F20241088045F2A4
:104CB000CC01C2F202410880FFE744F2DE10C2F2EA
:104CC0000240008843F6C601C2F2004109888842CA
:104CD0000EDBFFE744F2DE11C2F202410020088041
:104CE00045F2CA01C2F20241088801300880FFE79C
:104CF000704700000000000080B544F6C410C2F206
:104D00000240F7F7EDFE80BD80B582B044F2DA10C4
:104D1000C2F20240018801310180008842F235115F
:104D2000884225DBFFE744F2FD10C2F20240007822
:104D3000F0B9FFE744F2DA11C2F2024142F2351053
:104D4000088045F29C00C2F2024090ED000AB5EEE8
:104D5000400AF1EE10FA03D1FFE7FCF7CDFC06E0C4
:104D600044F2FD11C2F2024101200870FFE7FFE7A3
:104D700044F6C410C2F202400068C068C0070028B0
:104D800000F09D80FFE740F66430C2F200400078FA
:104D9000012840F09480FFE743F62241C2F202412D
:104DA0000120087040F67430C2F2004000780146DD
:104DB000019120B1FFE70198012845D077E044F246
:104DC0006C10C2F2024001780131017000780128B4
:104DD00023D1FFE743F62440C2F2024000680128D5
:104DE0000FD0FFE744F2FE10C2F202400078012823
:104DF00007D1FFE744F2CB10C2F20240007840B185
:104E0000FFE744F6A860C2F202400078012803D10F
:104E1000FFE7FEF7ADFEFFE715E044F26C10C2F2CB
:104E20000240007802280DD1FFE740F67431C2F24B
:104E300000410120087044F26C11C2F202410020CE
:104E40000870FFE7FFE733E044F26B10C2F2024064
:104E50000078B8B9FFE744F26A11C2F2024108785B
:104E60000130087045F27000C2F20240007840B98B
:104E7000FFE744F26A10C2F202400078EDF75CFFEF
:104E8000FFE7FFE744F26A10C2F2024000780C2804
:104E90000CD1FFE744F26A11C2F20241002008700F
:104EA00040F67431C2F200410870FFE700E0FFE70E
:104EB00043F62241C2F2024100200870FFE740F6AB
:104EC0007530C2F200400078012809D1FFE740F6B2
:104ED0007531C2F200410020087000F00DFFFFE7BD
:104EE00044F26812C2F202421088411C1180642808
:104EF00009D1FFE700F0DCFD44F26811C2F2024183
:104F000000200880FFE702B080BD00000000000024
:104F100081B044F61020C2F202400068C068C007A9
:104F2000002800F0D680FFE743F62440C2F202409A
:104F30000068012840F0CC80FFE743F63041C2F220
:104F4000024108680130086045F2C000C2F2024028
:104F5000006844F67C61C2F20241096888421BD1B4
:104F6000FFE743F62C40C2F202400068012813D14B
:104F7000FFE743F62840C2F20240006801280BD048
:104F8000FFE743F63040C2F20240006845F2C0013C
:104F9000C2F2024108609AE045F2C000C2F202404B
:104FA000006844F67C61C2F202410968884200F060
:104FB0008D80FFE743F62C40C2F2024000680128D2
:104FC00040F08480FFE743F62840C2F202400068C8
:104FD00001287BD0FFE743F63040C2F20240006870
:104FE00045F2C001C2F202410968401A40F6703130
:104FF000C2F200410968884217DDFFE743F6284105
:10500000C2F202410120086044F6A861C2F20241E6
:105010000020087045F2C000C2F20240006844F669
:105020007C61C2F2024108604FE043F63040C2F2B8
:105030000240006845F2C001C2F202410968401A0C
:10504000002841D4FFE743F63040C2F20240006836
:1050500045F2C001C2F202410968401A40F67031BF
:10506000C2F20041096888422EDCFFE70020009070
:10507000FFE700980D2826DCFFE7009A02EB82018B
:1050800043F60A30C2F2024000EB8100C08843F6CA
:105090003041C2F20241096845F2C003C2F2024344
:1050A0001B68C91AC1EBC10340F67831C2F2004156
:1050B00001EB830101EB420121F81A0CFFE7009894
:1050C00001300090D5E7FFE7FFE7FFE7FFE7FFE7E5
:1050D000FFE701B0704700007047000000000000CB
:1050E00083B0029000208DF807008DF8060002982A
:1050F00090F89E00052801DCFFE7B5E002208DF85E
:105100000700FFE79DF80700029991F89E1001390A
:10511000884212DAFFE702989DF80710084490F8D9
:1051200062109DF8060008448DF80600FFE79DF820
:10513000070001308DF80700E4E79DF80600C04342
:105140008DF80600029890F864008DF805009DF82F
:1051500005000E2801DBFFE786E0029890F8620068
:10516000FF2840F08180FFE7029890F86300FF2855
:105170007AD1FFE7029890F865000C2874D1FFE718
:1051800002989DF80710084490F862009DF80610F8
:10519000884269D1FFE7029991F8670091F8681099
:1051A00040EA01209DF8051001EB810243F60A3127
:1051B000C2F20241009101EB8202138AC01AA0F5EB
:1051C0000060D0809DF8053003EB830001EB800088
:1051D000C08845F27A02C2F2024222F81300029A13
:1051E00092F8690092F86A2040EA02209DF80520B2
:1051F00002EB820201EB82021081029A92F86B00AC
:1052000092F86C2040EA02209DF8052002EB820211
:1052100001EB8202D081029890F86D009DF8052084
:1052200002EB820201EB82029081029890F86E00FC
:105230009DF8052002EB820201EB82025081029868
:1052400090F86F009DF8052002EB820201EB8202CC
:105250009074029890F870009DF8052002EB82028D
:1052600001EB8201C874FFE703B070470000000043
:1052700080B588B006900020059001200490FFE7DB
:1052800004980C2860DCFFE7049A44F22620C2F25E
:10529000024030F912000699496843F6FC03C2F255
:1052A00000431B68C3EBC30301EB830131F9121008
:1052B00045F29A02C2F202421278891A884210DC40
:1052C000FFE745F29A00C2F202400378049A44F2E2
:1052D0002621C2F2024131F81200184421F81200CE
:1052E0002DE0049A44F22620C2F2024030F9120066
:1052F0000699496843F6FC03C2F200431B68C3EBFE
:10530000C30301EB830131F9121045F29A02C2F294
:10531000024212781144884210DBFFE745F29A00FE
:10532000C2F202400378049A44F22621C2F20241FA
:1053300031F81200C01A21F81200FFE7FFE7FFE77B
:105340000498013004909BE701208DF80F00FFE7DF
:105350009DF80F000C2827DCFFE70698406843F60D
:10536000FC01C2F200410968C1EBC10100EB810000
:105370009DF80F2000EB420130F91200B1F91C102A
:10538000401A00F091FA9DF80F2044F2E411C2F2A5
:10539000024101EB420121F8020CFFE79DF80F00EA
:1053A00001308DF80F00D3E701208DF80E00FFE7E4
:1053B0009DF80E000C2821DCFFE79DF80E1044F24A
:1053C000E410C2F2024000EB410030F9020C0599F2
:1053D00088420CDDFFE79DF80E1044F2E410C2F2A3
:1053E000024000EB410030F9020C0590FFE7FFE7B7
:1053F0009DF80E0001308DF80E00D9E743F6C60186
:10540000C2F20041AA20088045F2CA00C2F202405E
:10541000008845F2CC01C2F202410988884200F0BE
:105420009280FFE745F2CA00C2F20240008845F2CE
:10543000CC01C2F20241088043F6FC00C2F20040F7
:1054400000680699497A0139884231DAFFE743F664
:10545000FC01C2F20041086801300860012002909E
:10546000FFE702980C2822DCFFE7029A48F68051F9
:10547000C2F20241002088540698406843F6FC01BD
:10548000C2F200410968C1EBC10100EB8100029A40
:1054900000EB420030F81C0C44F22621C2F202411B
:1054A00021F81200FFE7029801300290D9E749E0A5
:1054B00043F6FC00C2F2004000680699497A0139BF
:1054C00088423ED1FFE701200190FFE701980C28B8
:1054D00019DCFFE70698406843F6FC01C2F2004180
:1054E0000968C1EBC10100EB8100019A30F812009C
:1054F00044F22621C2F2024121F81200FFE701988E
:1055000001300190E2E70698028843F65421C2F286
:105510000041012088540090FFE700980C280CDC23
:10552000FFE7009A48F68051C2F2024100208854F9
:10553000FFE7009801300090EFE701208DF81F0091
:1055400005E0FFE7FFE700208DF81F00FFE79DF86B
:105550001F0008B080BD000086B0049001200390B9
:10556000FFE703980C2862DCFFE7039A44F2262049
:10557000C2F2024030F91200049943F6FC03C2F271
:1055800000431B68C3EBC30301EB830101EB420142
:10559000B1F9021045F29A02C2F202421278891A57
:1055A000884210DCFFE745F29A00C2F2024003781D
:1055B000039A44F22621C2F2024131F81200184443
:1055C00021F812002EE0039A44F22620C2F2024093
:1055D00030F91200049943F6FC03C2F200431B6841
:1055E000C3EBC30301EB830101EB4201B1F90210EC
:1055F00045F29A02C2F2024212781144884210DB4C
:10560000FFE745F29A00C2F202400378039A44F29F
:105610002621C2F2024131F81200C01A21F812000C
:10562000FFE7FFE7FFE703980130039099E745F2B2
:10563000CA00C2F20240008845F2CC01C2F2024127
:105640000988884200F09680FFE745F2CA00C2F25E
:105650000240008845F2CC01C2F20241088043F6C4
:10566000FC00C2F2004000680499B1F8C418013986
:10567000884233DAFFE743F6FC01C2F200410868D2
:105680000130086001200290FFE702980C2821DC1D
:10569000FFE7029A48F68051C2F202410020885486
:1056A000049843F6FC01C2F200410968C1EBC10154
:1056B00000EB8100029A00EB420030F81A0C44F231
:1056C0002621C2F2024121F81200FFE702980130C0
:1056D0000290DAE700208DF817004FE043F6FC0057
:1056E000C2F2004000680499B1F8C4180139884238
:1056F0003ED1FFE701200190FFE701980C2819DC5B
:10570000FFE7049843F6FC01C2F200410968C1EBCF
:10571000C10100EB8100019A00EB4200408844F295
:105720002621C2F2024121F81200FFE70198013060
:105730000190E2E70498028843F65421C2F2004146
:10574000012088540090FFE700980C280CDCFFE74C
:10575000009A48F68051C2F2024100208854FFE7C7
:10576000009801300090EFE701208DF8170005E068
:10577000FFE7FFE700208DF81700FFE79DF817000F
:1057800006B070470000000081B0ADF80200BDF91E
:10579000020000280ED4FFE7BDF9021001F01F023D
:1057A000012090404A094EF20011CEF2000141F86A
:1057B0002200FFE701B070474EF60C50CEF2000019
:1057C0000068C0F30220704782B0ADF80600009177
:1057D000BDF9060000280AD4FFE700980001BDF9D2
:1057E00006104EF20042CEF2000288540BE0009800
:1057F0000001BDF8061001F00F014EF61452CEF272
:1058000000028854FFE702B070470000000000006B
:1058100083B00290029800F0070000904EF60C5101
:10582000CEF200010868019001984FF6FF02104087
:1058300001900198009A40EA02200022C0F2FA5238
:10584000104301900198086003B070470000000009
:10585000BFF34F8F4EF60C51CEF20001086800F4F2
:10586000E0600422C0F2FA5210430860BFF34F8F89
:10587000FFE700BFFDE70000BFF34F8F4EF60C516E
:10588000CEF20001086800F4E0600422C0F2FA528F
:1058900010430860BFF34F8FFFE700BFFDE7000034
:1058A00081B0009001B0704782B001900198B0F1D2
:1058B000FF3F04DCFFE701984042009002E00198BE
:1058C0000090FFE7009802B0704700000000000061
:1058D00080B582B08DF807009DF80700012809D136
:1058E000FFE740F60040C5F6020040210122F2F732
:1058F00083FE0EE09DF8070048B9FFE740F6004040
:10590000C5F6020040210022F2F776FE00E0FFE734
:10591000FFE702B080BD000080B58AB08DED080BB6
:105920008DED061B8DED042B9DED080BB1EE400BAC
:105930008DED000B9DED061B9DED040B20EE000B85
:10594000A1EE010B03F074FAB0EE401B9DED000BCD
:1059500003F08AF99FED041B20EE010B8DED020B85
:105960009DED020B0AB080BDF8C1631ADCA54C4066
:1059700080B588B08DED060B8DED041B8DED022BEF
:105980009DED040B9DED021B03F06EF99FED041BD2
:1059900020EE010B8DED000B9DED000B08B080BDDE
:1059A000F8C1631ADCA54C4080B586B08DED040BC0
:1059B0008DED021B9DED040B9DED021B03F054F9D0
:1059C0009FED051B20EE010B8DED000B9DED000BF7
:1059D00006B080BD00BF00BFF8C1631ADCA54C4013
:1059E00080B584B000208DF80F008DF80E00FFE721
:1059F00041F20000C5F602000121F2F7E5FD014683
:105A00000020029041B1FFE79DF80F100020C82947
:105A1000B8BF01200290FFE70298C00748B1FFE736
:105A20009DF80F0001308DF80F000120FCF754FBAA
:105A3000DEE79DF80F00C82804DBFFE701208DF8A2
:105A40000E002EE000208DF80F00FFE741F200006D
:105A5000C5F602000121F2F7B7FD014600200190D2
:105A600041B9FFE79DF80F100020F029B8BF0120D1
:105A70000190FFE70198C00748B1FFE79DF80F00CC
:105A800001308DF80F000120FCF726FBDEE79DF8C2
:105A90000F00F02804DBFFE701208DF80E00FFE780
:105AA000FFE79DF80E0004B080BD0000000000007C
:105AB00080B582B000F0D0FA552000F0DDFA002069
:105AC0008DF80500FFE79DF80500072817DCFFE7C4
:105AD00044F2FC10C2F20240017843F69420C2F274
:105AE000004000EBC1009DF80510405C00F0C4FAD6
:105AF000FFE79DF8050001308DF80500E3E7BE20C3
:105B000000F0BAFA00F0B4F88DF8040000F0B0F834
:105B10008DF803009DF803109DF8040040EA012071
:105B2000ADF80600BDF90600B0F1FF3F19DCFFE754
:105B3000BDF90600404200EE100AB8EEC00A9FED23
:105B40001F1A20EE010A44F2FC10C2F20240017852
:105B500043F69420C2F2004000EB810080ED040A7D
:105B600017E0BDF9060000EE100AB8EEC00A9FED7E
:105B7000131A20EE010A44F2FC10C2F2024001782E
:105B800043F69420C2F2004000EB810080ED040A4D
:105B9000FFE744F2FC10C2F20240017801310170CB
:105BA0000078022807D1FFE744F2FC11C2F202415B
:105BB00000200870FFE702B080BD00BF0000803DFC
:105BC00080B586B0FCF7ACFAFFE7FFE744F2E040AF
:105BD000C5F60200016841F010010160006800F0A4
:105BE000100000900098FFE7FFE7012001901121CD
:105BF000029103900220049041F20000C5F60200D9
:105C000001A9F2F7FDFA00F05BF8FFF7E9FE06B034
:105C100080BD00000000000080B584B000228DF837
:105C20000F2041F20000C5F602000190012102910F
:105C3000F2F7E2FC0220FCF74FFA0198029A1146B3
:105C4000F2F7DAFC0C20FCF747FA01980299F2F718
:105C5000BBFC20B1FFE701208DF80F00FFE73C20DF
:105C6000FCF73AFA9DF80F0004B080BD0000000078
:105C700080B582B000208DF805008DF80700FFE7A1
:105C80009DF80700072816DCFFE7FFF7C5FF8DF832
:105C900006009DF806009DF8071000FA01F19DF836
:105CA000050008438DF80500FFE79DF80700013067
:105CB0008DF80700E4E79DF8050002B080BD000004
:105CC00080B582B041F20000C5F6020000900121CB
:105CD00001910022F2F790FC40F2EE20FCF7FCF973
:105CE0000098019A1146F2F787FC0F20FCF7F4F9AF
:105CF00002B080BD0000000080B598B00020049084
:105D00008DF81F008DF81E008DF81D008DF81C0009
:105D10008DF81B008DF81A008DF819008DF8180009
:105D2000ADF816008DF81F00FFE79DF81F00012851
:105D30000DDCFFE79DF81F200DF1160102208854AD
:105D4000FFE79DF81F0001308DF81F00EDE70020F0
:105D50008DF81F008DF81900FFE79DF81F0001283E
:105D600000F36D81FFE7FFF7ABFF4FF4D270FCF754
:105D7000B3F9F02000F080F900208DF81E00FFE755
:105D80009DF81E003F2800F38A80FFE7FFF744FFDD
:105D90008DF81D00FFF740FF8DF81C009DF81D00D9
:105DA00068B9FFE79DF81C00012808D1FFE79DF8BE
:105DB0001E2008A900208854ECF7EAFD68E09DF851
:105DC0001D0001280CD1FFE79DF81C0040B9FFE73A
:105DD0009DF81E2008A901208854ECF7D9FD56E053
:105DE0009DF81D00002851D1FFE79DF81C000028F8
:105DF0004CD1FFE79DF819100DF11600405C022808
:105E000014D1FFE700200390ECF7C2FD03989DF842
:105E10001E2008A988549DF819200DF116018854F8
:105E20009DF8190001308DF819002EE09DF8191029
:105E30000DF11600405C01280FD1FFE70120029010
:105E4000ECF7A6FD02989DF81E2008A988549DF83D
:105E5000190001308DF8190016E09DF819100DF1A8
:105E60001600405C78B9FFE700200190ECF790FD48
:105E700001989DF81E2008A988549DF8190001304A
:105E80008DF81900FFE7FFE7FFE7FFE7FFE7FFE710
:105E9000FFE79DF81E0001308DF81E0070E700201E
:105EA0008DF81E00FFE79DF81E003F284ADCFFE743
:105EB00000208DF81800FFE79DF8180007283ADC4D
:105EC000FFE79DF81E009DF81810014408A8405CEB
:105ED000C007D0B1FFE79DF81F1043F69420C2F22F
:105EE000004000EBC1029DF81E10CB08D15C4908B0
:105EF000D1549DF81F1000EBC1019DF81E00C2088F
:105F0000885C40F0800088540EE09DF81F1043F636
:105F10009420C2F2004000EBC1019DF81E00C208AF
:105F2000885C40088854FFE7FFE79DF818000130BF
:105F30008DF81800C0E7FFE79DF81E0008308DF8C7
:105F40001E00B0E700208DF81B0001208DF819001D
:105F5000FFE79DF81900002864D4FFE79DF81910A9
:105F60000DF11600405C022801D1FFE754E09DF8D6
:105F700019100DF11600405C58B9FFE79DF81B00A1
:105F800038B9FFE79DF819200DF11601012088545A
:105F900048E09DF819100DF11600405C01280ED163
:105FA000FFE79DF8190030B1FFE79DF81B000130B5
:105FB0008DF81B0030E001208DF81A0032E09DF8CA
:105FC00019100DF11600405C18BBFFE79DF81B008F
:105FD000F8B1FFE79DF819200DF116010120885452
:105FE000FFE79DF81B00012812DBFFE79DF8190071
:105FF00001308DF819009DF819200DF116010220CD
:106000008854FFE79DF81B0001388DF81B00E8E776
:1060100008E0FFE7FFE7FFE79DF8190001388DF87A
:10602000190096E79DF81A00012801D1FFE706E064
:10603000FFE79DF81F0001308DF81F008DE69DF8E9
:106040001F00013043F69421C2F20041087618B0D7
:1060500080BD00000000000080B5FFF731FEFFF7B3
:10606000BFFCCC2000F008F8442000F005F8FFF752
:1060700027FEFFF7B5FC80BD80B586B08DF8170010
:1060800001208DF81600FFE79DF8160008283DDC7A
:10609000FFE79DF81700C007B0B1FFE741F200002D
:1060A000C5F602000390012104910022F2F7A4FA40
:1060B0000220FCF711F80398049A1146F2F79CFAB3
:1060C0003C20FCF709F815E041F20000C5F602009B
:1060D0000190012102910022F2F78EFA3C20FBF799
:1060E000FBFF0198029A1146F2F786FA0220FBF7AD
:1060F000F3FFFFE79DF8170040088DF81700FFE752
:106100009DF8160001308DF81600BDE706B080BD81
:1061100080B582B043F6C420C2F20240019090EDF7
:10612000020A90ED031A90ED042AB7EEC00AB7EE0A
:10613000C11AB7EEC22AFFF7EFFB0198B7EEC00B0A
:1061400080ED0A0A90ED020A90ED031A90ED042A00
:10615000B7EEC00AB7EEC11AB7EEC22AFFF708FCC5
:106160000198B7EEC00B80ED0B0A90ED020A90ED9E
:10617000031AB7EEC00AB7EEC11AFFF715FC019873
:10618000B7EEC00B80ED0C0A02B080BD000000002D
:1061900080B582B08DF807009DF80700012809D16D
:1061A000FFE740F60040C5F6020080210122F2F729
:1061B00023FA0EE09DF8070048B9FFE740F60040DB
:1061C000C5F6020080210022F2F716FA00E0FFE790
:1061D000FFE702B080BD000082B001900091FFE7B0
:1061E00047F61C00C4F2000000684006002801D4F5
:1061F000FFE7F5E79DF8040047F62801C4F2000127
:106200000860019802B0704781B043F60A30C2F2CC
:106210000240B0F9E20000F22A4000EE100AB8EEA7
:10622000C00B9FED071B80EE010B9FED071B20EEBF
:10623000010BBDEEC00B8DED000A009801B0704758
:10624000000000000000B040000000000080764028
:1062500084B08DF80B0001910199012008709DF820
:106260000B00013801460091192800F207810099BE
:10627000DFE811F01A0023002C0035003E00470033
:106280005000590062006B0074007D0086008F0092
:106290009800A100AA00B300BC00C500CE00D70042
:1062A000E000E900F200FB0001990320087040F2D1
:1062B000E470C2F200400390E3E00199032008700B
:1062C00040F65400C2F200400390DAE00199032046
:1062D000087040F6C400C2F200400390D1E001997A
:1062E0000320087040F6F420C2F200400390C8E09A
:1062F00001990320087040F68420C2F20040039008
:10630000BFE001990320087040F27470C2F20040AF
:106310000390B6E001990320087040F63410C2F2F1
:1063200000400390ADE001990320087040F6A410EE
:10633000C2F200400390A4E001990320087040F6E7
:106340001420C2F2004003909BE0019901200870E4
:1063500040F2F430C2F20040039092E00199012033
:10636000087040F26440C2F20040039089E0019955
:106370000120087040F24450C2F20040039080E0D7
:1063800001990120087040F2D440C2F2004003900D
:1063900077E001990120087040F21430C2F2004009
:1063A00003906EE001990120087040F22460C2F26F
:1063B0000040039065E001990120087040F28430AC
:1063C000C2F2004003905CE001990120087040F2A5
:1063D000B450C2F20040039053E0019902200870CB
:1063E00040F2C410C2F2004003904AE0019902203A
:1063F000087040F25410C2F20040039041E001994D
:106400000220087040F2E400C2F20040039038E03D
:1064100001990320087040F2A420C2F200400390CA
:106420002FE001990120087040F20470C2F2004090
:10643000039026E001990220087040F23420C2F255
:10644000004003901DE001990120087040F2040013
:10645000C2F20040039014E001990320087040F25A
:106460007400C2F2004003900BE001990220087012
:1064700040F29460C2F20040039002E000200390DA
:10648000FFE7039804B0704781B043F60A30C2F2C8
:106490000240B0F9F600A0F2151000EE100AB8EEB6
:1064A000C00B9FED071B80EE010B9FED071B20EE3D
:1064B000010BBDEEC00B8DED000A009801B07047D6
:1064C000000000000000B0400000000000807640A6
:1064D00084B0039002910399080346F2B702CBF20D
:1064E0000B6250FB02F000EB0131081200EBD1709F
:1064F000A0F22A4001900299080350FB02F000EB41
:106500000131081200EBD17000F2151000900198D3
:1065100010F1370F0CDCFFE7019810F5006F07DD75
:10652000FFE7019845F27601C2F20241088007E0D8
:1065300045F27601C2F202414FF6D6300880FFE7FD
:10654000009801280CDBFFE70098B0F50C7F07DA14
:10655000FFE7009845F27801C2F20241088007E0A7
:1065600045F27801C2F2024140F215100880FFE7BF
:1065700045F27600C2F20240008844F22621C2F2BF
:106580000241C88245F27800C2F2024000880883C6
:1065900004B070470000000080B582B08DF807009D
:1065A0009DF8070001280AD1FFE740F60040C5F634
:1065B00002004FF400610122F2F71EF80FE09DF88F
:1065C000070050B9FFE740F60040C5F602004FF45F
:1065D00000610022F2F710F800E0FFE7FFE702B0E9
:1065E00080BD00000000000080B586B00020009053
:1065F0000490F2F791F8FBF70BFA009862B6059059
:10660000059880F313884EF60851CEF200014FF042
:1066100001600860F8F784FFF8F746FEF9F7CCF957
:10662000F9F73EFBF9F710FAF9F7DAF8F9F7A0FAFB
:10663000F9F71AF9F9F754FAF9F7E6FAF9F78CF8D5
:10664000F8F7B2FDF9F740F9F9F76EF9F9F768F8DC
:10665000C820F1F791FB40F60040C5F6020001901A
:10666000012203921146F1F7C7FF0198039A102106
:10667000F1F7C2FF44F6E000C2F202400290F6F7E2
:10668000B3F902980068406AE9F7ACFF40F6B83009
:10669000F1F772FB039844F2D411C2F20241086090
:1066A000F8F79EFE00F03CF8FFE744F6D850C2F23F
:1066B00002404FF21451C0F6110117226423F8F77B
:1066C000E7F84FF47A70F1F757FBEEE700000000AF
:1066D00082B0ADF8060000200090BDF906008428C5
:1066E00007D0FFE7BDF90600009908440330009089
:1066F000FFE7009802B0704780B584B0039003981C
:106700000290029818B1FFE70298019002E0012080
:106710000190FFE7019801F0D7F9002004B080BD97
:1067200080B501F009FA002080BD000000000000E3
:10673000B0B590B00E900D910E98406938B3FFE758
:106740000E98806918B3FFE70E98016808914168B8
:106750000B91016909910D990A91B0F90800FFF7B1
:10676000B7FF0899099A0A9B84460B98DDF838E030
:10677000DEF81440DEF81850EE46CEF80850CEF899
:106780000440CEF800C001F0A3FB0C9020E00E986E
:106790000168049141680791018A05910D9906915C
:1067A000B0F90800FFF794FF0499059A069B844608
:1067B0000798EE460CACCEF80440CEF800C001F0CD
:1067C00037FB012803D0FFE700200F9003E0FFE72D
:1067D0000C980F90FFE70F9810B0B0BD00000000BC
:1067E00081B043F6C420C2F20240C16A45F29C0067
:1067F000C2F20240016090ED000A9FED281AB4EE4B
:10680000410AF1EE10FA20DBFFE745F29C00C2F2EC
:10681000024090ED000A9FED221AB4EE410AF1EE1B
:1068200010FA12DCFFE743F6F400C2F20040006801
:1068300090F86D00032804D1FFE703208DF80300D2
:1068400027E001208DF8030023E045F29C00C2F20E
:10685000024090ED000A9FED131AB4EE410AF1EEEA
:1068600010FA12DBFFE745F29C00C2F2024090ED05
:10687000000A9FED0A1AB4EE410AF1EE10FA04DCA8
:10688000FFE702208DF8030003E004208DF80300E9
:10689000FFE79DF8030001B0704700BF00004042D1
:1068A0000000F042000020C282B0ADF80400ADF854
:1068B0000210BDF9040050B1FFE7BDF90400B0F5C6
:1068C000FA7F04DDFFE701208DF8070011E0BDF934
:1068D000020050B1FFE7BDF9020010F5FA7F04DABB
:1068E000FFE701208DF8070003E003208DF8070083
:1068F000FFE79DF8070002B07047000000000000AD
:1069000080B584B043F6C420C2F20240C06A02904F
:106910009DED020A9FED231AB4EE410AF1EE10FA42
:106920000EDBFFE79DED020A9FED1F1AB4EE410A50
:10693000F1EE10FA04DCFFE702208DF80F002CE0E6
:106940009DED020A9FED181AB4EE410AF1EE10FA1D
:106950001FDBFFE79DED020A9FED141AB4EE410A1A
:10696000F1EE10FA15DCFFE743F60A30C2F20240FE
:10697000B0F85610ADF80610B0F8BA00ADF8040043
:10698000BDF90600BDF90410FFF78EFF8DF80F006A
:1069900003E001208DF80F00FFE79DF80F0004B021
:1069A00080BD00BF000020C2000040420000F04255
:1069B00080B584B00390029149F27800C2F202409F
:1069C0000068009044F6D070C2F2024000680430C3
:1069D00000F0DAFE88B9FFE744F6D070C2F2024058
:1069E0000068C16A012000FA01F248F67C51C2F247
:1069F000024108689043086000E0FFE70398013017
:106A000080B9FFE7029868B1FFE744F6D070C2F2A0
:106A100002400068011D49F25000C2F2024000F03D
:106A200047FF3DE00098039908440190019844F61F
:106A3000D071C2F202410968486001980099884209
:106A40000ED2FFE744F6DC70C2F20240006844F662
:106A5000D071C2F202410968043100F0F1FE1EE07B
:106A600044F6D470C2F20240006844F6D071C2F21B
:106A700002410968043100F0E3FE019849F21C016B
:106A8000C2F202410968884207D2FFE7019849F241
:106A90001C01C2F20241086000E0FFE7FFE7FFE7E8
:106AA00004B080BD0000000080B582B0019000F00D
:106AB0002BFF48F66C51C2F20241086801300860B1
:106AC00044F6D070C2F20240006898B9FFE701981E
:106AD00044F6D071C2F20241086048F66C50C2F22E
:106AE00002400068012803D1FFE700F0CDF900E083
:106AF000FFE71CE049F24400C2F202400068A0B97E
:106B0000FFE744F6D070C2F202400068C06A019903
:106B1000C96A884207D8FFE7019844F6D071C2F2EB
:106B20000241086000E0FFE700E0FFE7FFE748F60A
:106B30007851C2F202410868013008600198C16AC8
:106B4000012000FA01F248F67C51C2F202410868C5
:106B5000104308600199C86A00EB800244F6E070B7
:106B6000C2F2024000EB8200043100F0A1FE00F00E
:106B7000F7FE49F24400C2F202400068C8B1FFE7E4
:106B800044F6D070C2F202400068C06A0199C96A36
:106B900088420CD2FFE74EF60451CEF200014FF0CE
:106BA00080500860BFF34F8FBFF36F8F00E0FFE7A7
:106BB00000E0FFE702B080BD80B582B0FFE748F695
:106BC0007050C2F20240006808B3FFE700F09CFE7C
:106BD00049F26400C2F20240C068C06801900198A6
:106BE000043000F0D1FD48F66C51C2F20241086851
:106BF0000138086048F67051C2F202410868013855
:106C0000086000F0ADFE019800F006F8D7E702B08A
:106C100080BD00000000000080B582B000900098A8
:106C200090F8510040B9FFE70098006B00F0C0FEFB
:106C3000009800F0BDFE1CE0009890F8510001287B
:106C400004D1FFE7009800F0B3FE11E0009890F83F
:106C5000510002280BD0FFE74FF0500080F311885D
:106C6000BFF36F8FBFF34F8F0190FFE7FEE7FFE7A2
:106C7000FFE702B080BD000084B04FF47050009078
:106C800045F26110C2F2024001909DF804004007F5
:106C900088B1FFE7019807300190019820F00700C4
:106CA0000190019A45F26111C2F202410098891ADD
:106CB00008440090FFE701980290029949F24800C9
:106CC000C2F202400160002141600298009A104423
:106CD0000190019808380190019820F00700019078
:106CE000019A44F6D870C2F2024002600268516014
:106CF00002681160029903910199039A891A5160FF
:106D00000068039908600398406849F21801C2F2CC
:106D1000024108600398406848F6BC51C2F2024143
:106D2000086048F69051C2F202414FF000400860FE
:106D300004B070470000000080B582B00190FFE70A
:106D4000FFF73AFF44F6E070C2F202400068022802
:106D50000CD3FFE74EF60451CEF200014FF0805005
:106D60000860BFF34F8FBFF36F8F00E0FFE7E7E7E7
:106D700080B588B0DDF834C0DDF830C0DDF82CC057
:106D8000DDF828C006900591049203930C98006BDF
:106D9000049900EB810004380290029820F007006B
:106DA00002909DF80800400758B1FFE74FF05000EF
:106DB00080F31188BFF36F8FBFF34F8F0790FFE70A
:106DC000FEE70598F8B1FFE700200190FFE7019882
:106DD0000F2813D8FFE70598019A805C0C9911449D
:106DE00081F8340005980199405C08B9FFE705E097
:106DF000FFE7FFE7019801300190E8E70C990020D8
:106E000081F8430004E00C99002081F83400FFE78A
:106E10000A98072803D3FFE706200A9000E0FFE75F
:106E20000A980C99C8620A980C9948640C99002039
:106E3000009088640C98043000F0FAFC0C9818302C
:106E400000F0F6FC00980C9909610A99C1F107015C
:106E50000C9A91610C9949620C99C8640C9981F85B
:106E6000500002980699039A00F012FA0C990860F3
:106E70000B9820B1FFE70C980B99086000E0FFE742
:106E800008B080BD0000000080B584B000200390F1
:106E9000FFE70398062810D8FFE7039800EB80016E
:106EA00044F6E070C2F2024000EB810000F0A8FC62
:106EB000FFE7039801300390EBE748F69450C2F2E5
:106EC0000240019000F09CFC48F6A850C2F202403B
:106ED000029000F095FC49F23000C2F2024000F04E
:106EE0008FFC49F26400C2F2024000F089FC49F2D2
:106EF0005000C2F2024000F083FC0199029844F66F
:106F0000D472C2F20242116044F6DC71C2F2024154
:106F1000086004B080BD000083B0029049F24800D0
:106F2000C2F202400190FFE701980068029988428E
:106F300005D2FFE7FFE7019800680190F4E70198A8
:106F4000009000980199496808440299884209D143
:106F5000FFE7029842680199486810444860019828
:106F6000029000E0FFE702980090009802994968BB
:106F7000084401990968884220D1FFE70198006818
:106F800044F6D871C2F20241096888420DD0FFE789
:106F90000198006842680299486810444860019866
:106FA000006800680299086007E044F6D870C2F2F1
:106FB0000240006802990860FFE704E00198006859
:106FC00002990860FFE701980299884204D0FFE720
:106FD00002980199086000E0FFE703B070470000E5
:106FE00008480068006880F308884FF0000080F3CC
:106FF000148862B661B6BFF34F8FBFF36F8F00DFA7
:1070000000BF000008ED00E081B044F6D470C2F289
:1070100002400068006840B9FFE749F21C01C2F273
:1070200002414FF0FF3008600FE044F6D470C2F226
:1070300002400068C068C06800900098406849F24B
:107040001C01C2F202410860FFE701B07047000076
:1070500083B00020009043F60810C2F200400068A0
:10706000013058B1FFE74FF0500080F31188BFF3B3
:107070006F8FBFF34F8F0290FFE7FEE74FF0500096
:1070800080F31188BFF36F8FBFF34F8F0190FFE73D
:10709000009808B9FFE7FBE703B070470000000065
:1070A00080B58AB006900020029000F0ADFD44F655
:1070B000D870C2F20240006818B9FFE7FFF7DCFDA4
:1070C00000E0FFE7069848F69051C2F202410968D5
:1070D000084240F0C580FFE7069800B3FFE7069836
:1070E000083006909DF818004007B0B1FFE70698F9
:1070F00020F00700083006909DF81800400758B1AE
:10710000FFE74FF0500080F31188BFF36F8FBFF39C
:107110004F8F0990FFE7FEE700E0FFE700E0FFE7A1
:107120000698002800F09A80FFE7069848F6BC51C0
:10713000C2F202410968884200F29080FFE749F2FA
:107140004800C2F20240049000680590FFE70598ED
:107150004168069A00209142019007D2FFE7059806
:107160000068002818BF01200190FFE70198C007C0
:1071700030B1FFE705980490059800680590E6E7B0
:10718000059844F6D871C2F202410968884263D07A
:10719000FFE7049800680830029005980068049999
:1071A0000860059840680699401A112821D3FFE726
:1071B00005980699084403909DF80C00400758B1C3
:1071C000FFE74FF0500080F31188BFF36F8FBFF3DC
:1071D0004F8F0890FFE7FEE7059840680699401A30
:1071E000039948600698059948600398FFF794FE54
:1071F00000E0FFE70598426848F6BC50C2F2024042
:107200000168891A0160006849F21801C2F202415E
:10721000096888420BD2FFE748F6BC50C2F2024030
:10722000006849F21801C2F20241086000E0FFE77D
:1072300048F69050C2F2024002680599486810432F
:10724000486005990020086049F22401C2F2024119
:1072500008680130086000E0FFE700E0FFE700E0B9
:10726000FFE700F079FF9DF80800400758B1FFE7FD
:107270004FF0500080F31188BFF36F8FBFF34F8F33
:107280000790FFE7FEE702980AB080BD000000000B
:1072900083B0029001910092029804380290029902
:1072A0004FF080700860029804380290019820F036
:1072B000010002990860029804380290029947F28E
:1072C0005100C0F61100086002981438029000982E
:1072D0000299086002980438029002996FF0020047
:1072E0000860029820380290029803B070470000AE
:1072F00080B584B040F20000C2F200400078B8B916
:10730000FFE740F67030C2F20040016840F6783086
:10731000C2F20040A0F8C418F8F75EFF38B1FFE7EA
:1073200040F67830C2F20040F8F7C6FDFFE785E08E
:1073300040F20000C2F20040007843F6C401C2F2FD
:107340000041FEF785FF03900398002867D1FFE70F
:1073500043F6FC00C2F20040006801280FD0FFE7AE
:1073600043F6F400C2F200400068F8F7E9FC43F687
:10737000F800C2F200400068F8F79EFDFFE744F60F
:107380007261C2F202410020087044F2FF11C2F2A1
:107390000241087044F20021C2F20241087045F235
:1073A0007401C2F202410870FFF71AFA43F6C301F2
:1073B000C2F20041087045F27000C2F2024000784B
:1073C00060BBFFE743F6C300C2F20040007802282A
:1073D00024D0FFE745F27001C2F202410120019082
:1073E00008700F20FFF788F901980221029100F040
:1073F0005BF90299084600F057F90299032000F062
:1074000053F90299062000F04FF90299072000F085
:107410004BF90299082000F047F9FFE70EE043F628
:10742000C601C2F20041AA2008800398F8F7D0FDF7
:1074300020B1FFE70398F8F783FCFFE704B080BDB5
:1074400010B5B0B08C46864633983299CDF8BCE082
:107450008DF8BBC08DF8BA208DF8B9308DF8B81012
:107460008DF8B700002005902C902B902A90299041
:1074700028909DF8BB008DF8A0009DF8BA008DF80B
:10748000A1009DF8B9008DF8A2009DF8B8008DF814
:10749000A3009DF8B7008DF8A4009DF8A0309DF8DA
:1074A000A1009DF8A2209DF8A3C09DF8A4E0694624
:1074B000C1F80CE0C1F808C04A6008604FF23462BD
:1074C000C0F6110208A806908021E9F76BF805992B
:1074D00006982F9A82F81D112F990791E9F7A0F8C5
:1074E00006990246079892B20423FAF77DF830B065
:1074F00010BD000000000000F0B5B3B03C9E3B9D05
:107500003A9CDDF8E4E0DDF8E0C032963195309445
:10751000CDF8BCE0CDF8B8C02D932C922B912A90D9
:10752000ECF792F98DF8AC00F9F746FE8DED2C0AD8
:10753000ECF7F2F88DF8B400F7F7F2FA8DF8B50031
:10754000ECF7F2F88DF8BE00ECF706F98DF8BF0005
:10755000ECF72EF92E9043F69420C2F2004090ED05
:10756000050ABDEEC00A8DED310A00F045F88DF830
:10757000C8009DF8AC309DF8B4009DF8B5104FEAF6
:10758000C17C4FF2C051C0F611014FF2BA52C0F6A1
:107590001102BCF1000F18BF0A469DF8BEC09DF84D
:1075A000BFE02E9C319D9DF8C86069468E614D619B
:1075B0000C61C1F80CE0C1F808C04A6008604FF2E5
:1075C000D652C0F611020AA808908021E8F7EAFF17
:1075D00008982A9A002182F81D112A990991E9F741
:1075E0001FF808990246099892B20523F9F7FCFFA3
:1075F00033B0F0BD0000000081B045F29801C2F246
:1076000002410020087001208DF80300FFE79DF87B
:1076100003000C2823DCFFE79DF8030000EB80014A
:1076200043F60A30C2F2024000EB8100C07C78B120
:10763000FFE79DF8030045F29601C2F2024108708F
:1076400045F29801C2F20241087801300870FFE764
:10765000FFE79DF8030001308DF80300D7E745F2FE
:107660009800C2F202400078A0B1FFE745F2960010
:10767000C2F20240007800EB800143F60A30C2F209
:10768000024000EB8100C07C45F29701C2F202414A
:107690000870FFE745F29700C2F20240007801B09F
:1076A000704700000000000080B584B08DF80F0026
:1076B0008DF80E109DF80F00372101220192002352
:1076C000EBF7EAFB14200290FFF716F8019A9DF8F9
:1076D0000F009DF80E302121EBF7DEFB0298FFF73B
:1076E0000BF804B080BD000080B584B0002003908A
:1076F00002900190FFE7019831280CDCFFE7F7F7D3
:1077000083FCFEF705FD0120FEF7F6FFFFE7019879
:1077100001300190EFE700200090FFE70098132868
:1077200018DCFFE7F7F770FCFEF7F2FC43F6C42025
:10773000C2F2024090ED0B1A9DED020A30EE010AF2
:107740008DED020A0220FEF7D7FFFFE70098013017
:107750000090E3E79DED020AB3EE041A80EE010A01
:107760008DED030A039845F29C01C2F202410860C4
:10777000FFF7C6F843F6C301C2F20041087004B037
:1077800080BD00000000000082B0019001980069F7
:10779000009001984168806888600199486889680C
:1077A0004860009840680199884205D1FFE7019838
:1077B00080680099486000E0FFE7019900200861B7
:1077C00000990868013808600098006802B07047A6
:1077D00083B0029001910092029948F6C470C2F2FF
:1077E00002400860019948F6C050C2F202400860A9
:1077F00000998020086003B070470000000000007E
:1078000081B00090009901F10800486000994FF0A4
:10781000FF308860009901F10800C860009901F10B
:107820000800086100990020086001B0704700005E
:1078300081B0009000990020086101B070470000FD
:1078400084B0039002910298006800900098013083
:1078500020B9FFE703980069019010E00398083011
:107860000190FFE70198406800680099884205D8B8
:10787000FFE7FFE7019840680190F3E7FFE7019811
:1078800040680299486002984168886001980299AE
:1078900088600298019948600398029908610399E9
:1078A00008680130086004B0704700000000000064
:1078B00083B002900191029840680090009801996D
:1078C00048600098806801998860019800998968EB
:1078D00048600198009988600298019908610299AE
:1078E00008680130086003B0704700000000000025
:1078F000DFF80C00016841F470010160704700007E
:1079000088ED00E00000000082B04FF0500080F3EE
:107910001188BFF36F8FBFF34F8F019043F60810AC
:10792000C2F200400168013101600068012814D1F1
:10793000FFE74EF60450CEF200000068000658B192
:10794000FFE74FF0500080F31188BFF36F8FBFF354
:107950004F8F0090FFE7FEE7FFE702B0704700009F
:1079600082B043F60810C2F20040006858B9FFE741
:107970004FF0500080F31188BFF36F8FBFF34F8F2C
:107980000090FFE7FEE743F60810C2F200400168EE
:1079900001390160006830B9FFE7002001900198CB
:1079A00080F31188FFE702B070470000000000007C
:1079B00080B586B0039003980290039800285CD0AD
:1079C000FFE70298083802900298019001984068F9
:1079D00048F69051C2F20241096808420BD1FFE714
:1079E0004FF0500080F31188BFF36F8FBFF34F8FBC
:1079F0000590FFE7FEE70198006858B1FFE74FF0F8
:107A0000500080F31188BFF36F8FBFF34F8F049046
:107A1000FFE7FEE70198406848F69051C2F2024144
:107A20000968084227D0FFE70198006808BBFFE714
:107A300048F69050C2F202400268019948689043AB
:107A4000486000F0E1F80198426848F6BC51C2F283
:107A500002410868104408600198FFF75DFA49F296
:107A60002801C2F2024108680130086000F074FB8E
:107A700000E0FFE700E0FFE7FFE706B080BD0000A1
:107A80004EF21001CEF20001002008604EF2180202
:107A9000CEF20002106040F66830C2F2004000688A
:107AA00044F6D352C1F26202A0FB02024FF0FF3053
:107AB00000EB92104EF21402CEF20002106007208A
:107AC000086070470000000080B584B0029000207C
:107AD00001900298E0B1FFE748F67450C2F202400C
:107AE000006858B1FFE74FF0500080F31188BFF3F2
:107AF0006F8FBFF34F8F0390FFE7FEE700F084F82E
:107B000002980021FEF754FF00F026FB019000E0F0
:107B1000FFE7019860B9FFE74EF60451CEF200018D
:107B20004FF080500860BFF34F8FBFF36F8F00E0BE
:107B3000FFE704B080BD000080B58AB0002003904C
:107B40000690059006A805A904AAFFF741FE039B2D
:107B5000049A0599DDF818C06846C0F808C041606D
:107B6000036046F63950C0F611004FF25951C0F685
:107B7000110100F0ADF9014648F6C070C2F20240B2
:107B80000160006818B1FFE70120079002E00020C3
:107B90000790FFE70798012823D1FFE74FF0500037
:107BA00080F31188BFF36F8FBFF34F8F099049F2B5
:107BB0001C01C2F202414FF0FF30086049F244015B
:107BC000C2F202410120086049F27801C2F202418A
:107BD0000020086000F080F808B1FFE700E0FFE750
:107BE0000FE00798013058B9FFE74FF0500080F3DD
:107BF0001188BFF36F8FBFF34F8F0890FFE7FEE749
:107C0000FFE70AB080BD000048F67451C2F202419D
:107C1000086801300860704785B048F67450C2F2B9
:107C20000240006838B1FFE749F27C01C2F202412C
:107C3000012008604DE049F27C01C2F202410020BF
:107C4000086048F67C50C2F2024000680490049834
:107C5000B0FA80F08DF80F009DF80F00C0F11F0002
:107C60000190019800EB800144F6E070C2F20240FE
:107C700050F8210058B9FFE74FF0500080F3118809
:107C8000BFF36F8FBFF34F8F0290FFE7FEE70198BE
:107C900000EB800144F6E070C2F2024000EB81008C
:107CA0000090009948684068486000994868083129
:107CB000884205D1FFE70099486840684860FFE7BF
:107CC00000984068C06844F6D071C2F20241086072
:107CD000FFE705B07047000080B588B04EF6005051
:107CE000CEF2000000684CF27121C4F20F118842FC
:107CF0000BD1FFE74FF0500080F31188BFF36F8F77
:107D0000BFF34F8F0790FFE7FEE74EF60050CEF22D
:107D1000000000684CF27021C4F20F1188420BD1B0
:107D2000FFE74FF0500080F31188BFF36F8FBFF370
:107D30004F8F0690FFE7FEE74EF20040CEF20000C4
:107D4000039001780491FF21017000788DF80B00F9
:107D50009DF80B0000F0500048F66151C2F202415C
:107D6000087048F66451C2F2024107200860FFE73C
:107D70009DF80B00000600280DD5FFE748F664517A
:107D8000C2F202410868013808609DF80B0040000B
:107D90008DF80B00ECE748F66450C2F20240006830
:107DA00003280BD0FFE74FF0500080F31188BFF39A
:107DB0006F8FBFF34F8F0590FFE7FEE748F66451E2
:107DC000C2F20241086800020860086800F4E0603E
:107DD000086004984EF20041CEF2000108704EF6A1
:107DE0002051CEF20001086840F470000860086875
:107DF00040F070400860FFF743FE43F60811C2F2FE
:107E00000041002001900860FFF772FD4EF63471CA
:107E1000CEF20001086840F040400860FFF7E0F84B
:107E2000FFF7FAFEFFF714F9019808B080BD0000D3
:107E300070B58CB0DDF844C0DDF840C00B900A91FD
:107E4000ADF826200893BDF826008000FFF728F93A
:107E50000590059880B1FFE75420FFF721F90790BE
:107E6000079820B1FFE705980799086303E0059894
:107E7000FFF79EFDFFE702E000200790FFE707986D
:107E8000F0B1FFE70798002680F851600B980A9937
:107E9000BDF82620089BDDF840C0119C079DEE46EA
:107EA000CEF80C60CEF80850CEF80440CEF800C0F2
:107EB000FEF75EFF0798FEF7F7FD0120069003E04E
:107EC0004FF0FF300690FFE706980CB070BD000041
:107ED000B0B58EB0DDF850C0DDF84CC0DDF848C05C
:107EE0000A90099108920793139858B9FFE74FF049
:107EF000500080F31188BFF36F8FBFF34F8F0D9049
:107F0000FFE7FEE7149858B9FFE74FF0500080F301
:107F10001188BFF36F8FBFF34F8F0C90FFE7FEE721
:107F200054200490049854280BD0FFE74FF05000E1
:107F300080F31188BFF36F8FBFF34F8F0B90FFE774
:107F4000FEE70498149820B3FFE7139808B3FFE7FF
:107F5000149806901398069908630699022081F8F0
:107F600051000A980999089A079BDDF848C0069CB9
:107F7000EE460025CEF80C50CEF8084005ACCEF801
:107F80000440CEF800C0FEF7F3FE0698FEF78CFD25
:107F900002E000200590FFE705980EB0B0BD00009C
:107FA00080B586B00020029048F67450C2F20240BC
:107FB0000068002840F0C580FFE749F27801C2F26E
:107FC000024108680130019001980860019858BB8F
:107FD000FFE744F6D470C2F202400068006858B16E
:107FE000FFE74FF0500080F31188BFF36F8FBFF3AE
:107FF0004F8F0590FFE7FEE744F6D472C2F20242CB
:108000001068009044F6DC71C2F20241086810600A
:108010000098086049F22001C2F20241086801306C
:108020000860FEF7F1FF00E0FFE7019849F21C014C
:10803000C2F202410968884262D3FFE7FFE744F6D3
:10804000D470C2F202400068006840B9FFE749F20C
:108050001C01C2F202414FF0FF3008604FE044F6CD
:10806000D470C2F202400068C068C06804900498EE
:108070004068039001980399884207D2FFE703986C
:1080800049F21C01C2F20241086038E0FFE704989F
:108090000430FFF779FB0498806A28B1FFE7049861
:1080A0001830FFF771FB00E0FFE70498C16A012078
:1080B00000FA01F248F67C51C2F20241086810430E
:1080C00008600499C86A00EB800244F6E070C2F2CE
:1080D000024000EB82000431FFF7EAFB0498C06A1B
:1080E00044F6D071C2F202410968C96A884203D3DA
:1080F000FFE70120029000E0FFE7FFE79FE7FFE7CF
:1081000044F6D070C2F202400068C06A00EB800101
:1081100044F6E070C2F2024050F82100022803D376
:10812000FFE70120029000E0FFE749F27C00C2F285
:108130000240006818B1FFE70120029000E0FFE76D
:1081400007E049F22C01C2F20241086801300860E0
:10815000FFE7029806B080BD80B584B00020029091
:10816000019048F67450C2F20240006858B9FFE727
:108170004FF0500080F31188BFF36F8FBFF34F8F24
:108180000390FFE7FEE7FFF7BFFB48F67450C2F22B
:1081900002400168013901600068002840F09280C7
:1081A000FFE748F66C50C2F202400068002800F079
:1081B0008880FFE7FFE749F23000C2F20240006822
:1081C000E0B3FFE749F23000C2F20240C068C06885
:1081D000029002981830FFF7D7FA02980430FFF7A0
:1081E000D3FA0298C16A012000FA01F248F67C51E4
:1081F000C2F202410868104308600299C86A00EBA5
:10820000800244F6E070C2F2024000EB82000431CA
:10821000FFF74EFB0298C06A44F6D071C2F20241E9
:108220000968C96A884207D3FFE749F27C01C2F2B4
:1082300002410120086000E0FFE7BCE7029818B1A6
:10824000FFE7FEF7E1FEFFE749F22C00C2F2024031
:10825000006800900098E0B1FFE7FFE7FFF7A0FE9D
:1082600038B1FFE749F27C01C2F202410120086007
:1082700000E0FFE7009801380090FFE70098002831
:10828000ECD1FFE749F22C01C2F202410020086064
:1082900000E0FFE749F27C00C2F20240006870B1E2
:1082A000FFE7012001904EF60451CEF200014FF09D
:1082B00080500860BFF34F8FBFF36F8F00E0FFE780
:1082C000FFE700E0FFE7FFF74BFB019804B080BD3C
:1082D0005FEA400C08BF91F0000F4FEA8C234FEA91
:1082E000C12243EA51514FEA1C5018BF00F5F0403B
:1082F0004FEA300018BF41F000415FEA6C5C00F0CB
:108300002980BCF1FF3F08BF40F080407047130C4C
:1083100006BF12044FF0100C4FF0000C130E04BFF8
:1083200012020CF1080C130F04BF12010CF1040C23
:10833000930F04BF92000CF1020CD30F04BF520044
:108340000CF1010C11464FF00002A0F11F00A0EB50
:108350000C00704711F0004F08BF704731F000412A
:108360003FF4D5AF0B0C06BF09044FF0100C4FF0D3
:10837000000C0B0E04BF09020CF1080C0B0F04BF1C
:1083800009010CF1040C8B0F04BF89000CF1020CE5
:10839000CB0F04BF49000CF1010CCCF1200322FAF1
:1083A00003F341EA030102FA0CF2A0EB0C0000F126
:1083B0000100704723F07F4720F07F4C80EA0300E4
:1083C00000F00040ACEB070303F57C5303F1FF031F
:1083D0002DE9804909B44FEA144324EA03484FEADF
:1083E000154B25EA0B4E0FF2042606EB13273E78B9
:1083F00003FB0667C7F5000707FB06F64FEAD646FC
:1084000006F102064FEA543707FB066CCCF1005C1C
:108410004FEA1C472CEA074C0CFB06F507FB06F459
:1084200004EB15464FEA961649085FEA320234BF5C
:1084300000204FF000404FEAD13706FB07FC4FEA1F
:108440001C4C0CFB0BF7D21B03FB0CF761EB070179
:108450000CFB0EF7B0EB074072EB17420CFB08F772
:1084600034BFA2EB0742B2EB074261EB17414FEA80
:108470000C444FEA910706FB07FC4FEA1C4C0CFB2F
:108480000BF7B0EBC74072EB573203FB0CF734BF6E
:10849000A2EBC742B2EBC74261EB57310CFB0EF7C0
:1084A000B0EBC70072EB57720CFB08F734BFA2EBBE
:1084B000C702B2EBC70261EB57714FEA816141EA33
:1084C00092114FEA826242EA90124FEA806004EB16
:1084D000CC04039F4FEAD13706FB07FC4FEA1C4C44
:1084E0000CFB0BF7D21B03FB0CF761EB07010CFB3A
:1084F0000EF7B0EB074072EB17420CFB08F734BFE6
:10850000A2EB0742B2EB074261EB17414FEA8C55F1
:1085100004EB9C244FEA910706FB07FC4FEA1C4C36
:108520000CFB0BF7B0EBC74072EB573203FB0CF7B9
:1085300034BFA2EBC742B2EBC74261EB57310CFB31
:108540000EF7B0EBC70072EB57720CFB08F734BFA5
:10855000A2EBC702B2EBC70261EB57714FEA816130
:1085600041EA92114FEA826242EA90124FEA806039
:1085700015EB4C2544F100044FEAD13706FB07FC0C
:108580004FEA1C4C0CFB0BF7D21B03FB0CF761EB07
:1085900007010CFB0EF7B0EB074072EB17420CFB28
:1085A00008F734BFA2EB0742B2EB074261EB174179
:1085B0004FEA813141EA92414FEA823242EA9042E7
:1085C0004FEA80304FEA0C7615EB1C1544F100049D
:1085D00048EA03434EEA0B484FF0000EB2EB080C9A
:1085E00071EB030724BF624639464EEB0E0E4FF087
:1085F000000B0018524149414BEB0B0BB2EB080C3E
:1086000071EB03077BF1000B24BF624639464EEB4A
:108610000E0E4FF0000B0018524149414BEB0B0B73
:10862000B2EB080C71EB03077BF1000B24BF624631
:1086300039464EEB0E0E51EA020718BF46F001060E
:1086400016EB0E7655F1000254F1000103D5BDE89A
:108650008901BDE80088BDE88901BDE80048B61978
:10866000524141EB0101A3F10103704780807F7EFD
:108670007D7C7B7A79787776767574737271717098
:108680006F6E6E6D6C6C6B6A6A696868676666654A
:108690006464636362616160605F5F5E5E5D5D5CD8
:1086A0005C5B5B5A5A595958585757565655555549
:1086B0005454535352525251515050504F4F4F4EA9
:1086C0004E4D4D4D4C4C4C4B4B4B4A4A4A494949F7
:1086D0004848484747474746464645454544444439
:1086E0004443434343424242424141419C46002B62
:1086F00030D477002BD04FEA37071CB503B44FF0C6
:1087000010004FF01001BAF1000F06D0BCF1000FBD
:10871000DCBF40F0080040F008014FF000000FBC43
:10872000BDE810400BF1010BBBF1010F08BF5FEA80
:10873000170722BF12F1010211F101014FF00041B0
:1087400043F1000300F0004043EA00007047F9D312
:108750005708D0E746EA06464FEA164613F1400F9F
:108760001FDD13F1200FDFBF16430A46002120331F
:108770005B42BED0C3F1200746EA06464FEA1646E2
:1087800002FA07F746EA070622FA03F2C3F12007C6
:1087900001FA07F742EA070221FA03F14FF000035A
:1087A000A7E746EA020646EA06464FEA164646EAC2
:1087B0000106BCBF46EA0646360C4FF000034FF0F8
:1087C00000024FF0000194E72DE9804C70B49A4606
:1087D000934691E8380007C831EA400C48BF34EAB4
:1087E000430C03D5FFF7E6FDFFF780FFF0BCBDE8C3
:1087F000008C2DE9804C70B49A46934691E838007D
:1088000007C810F0804F08BF13F0804F03D100F06D
:1088100005F8FFF76BFFF0BCBDE8008C20F07F4748
:1088200023F07F4C80EA030000F0004007EB0C03CC
:10883000A3F57C53A3F1FE0392F0000F00F0B38088
:1088400095F0000F00F077802DE901494FEA1140C3
:1088500021EA00484FEA144624EA064700FB06FCDA
:1088600008FB06F607FB08F818EB06484CEB164C1D
:1088700000FB07F718EB07484CEB17404FEA124B89
:1088800022EA0B4E4FEA154625EA06470BFB06FC8B
:108890000EFB06F607FB0EFE1EEB064E4CEB164CCF
:1088A0000BFB07F71EEB074E4CEB174B18EB0B08B7
:1088B00040F1000018EB0E0B58EB000840F10000EF
:1088C0008F1A4FF000014FF000063CBFC943661BF2
:1088D00014BFB5EB040C00213CBFC943F61B4FEAA3
:1088E000174427EA04454FEA1C472CEA074C04FBCF
:1088F000076205FB07F70CFB05F616EB074642EB94
:10890000174204FB0CFC16EB0C4642EB1C421BEB23
:10891000060658EB020241414EEA8E0E46EA9E06DA
:1089200001D5BDE80189B619524141EB0101A3F11E
:108930000103BDE801894FEA144524EA05464FEAE0
:10894000114721EA074C05FB07F406FB07F70CFB70
:1089500006F111EB074144EB174405FB0CFC11EB4E
:108960000C4144EB1C444FEA124722EA074C05FB3A
:1089700007F206FB07F70CFB06F616EB074642EB81
:10898000174205FB0CFC16EB0C4642EB1C456A1823
:1089900054F1000148BF7047B619524141EB010143
:1089A000A3F10103704795F0000F37D04FEA114251
:1089B00021EA02464FEA144724EA074C02FB07F17A
:1089C00006FB07F70CFB06F414EB074441EB1741D9
:1089D00002FB0CFC14EB0C4441EB1C414FEA154725
:1089E00025EA074C02FB07F506FB07F70CFB06F62A
:1089F00016EB074645EB174502FB0CFC16EB0C4645
:108A000045EB1C42121951F1000148BF7047B619DD
:108A1000524141EB0101A3F1010370474FEA1445B4
:108A200024EA05464FEA114721EA074C05FB07F106
:108A300006FB07F70CFB06F212EB074241EB17416E
:108A400005FB0CFC12EB0C4251EB1C414FF00006F5
:108A500048BF7047921841EB0101A3F10103704731
:108A600003B401984100009850EAC12018BF0420C7
:108A70004A0D18BF40F0010040F2FF72B2EB515FA7
:108A800008BF40F00200012808BF052002B070476F
:108A900070B565482DED020B2DED048B059D25F07D
:108AA0000044A04218DC6148844202DC0AD10498E8
:108AB00040B19DED040BBDEC048B02B0BDE87040ED
:108AC00000F021BA002DCCBF9FED590B9FED5A0B42
:108AD000BDEC048B02B070BD5948A04215DD594869
:108AE000A042D8BF4FF0FF3455DD9DED040B51EC93
:108AF000100BFFF7B5FF042808BF00F00DFA9DED3D
:108B0000040BBDEC048B02B070BD9DED040B51EC69
:108B1000100B00F01CFACDE904014B48B7EE000B36
:108B2000A0421CDD4948A0420BDD9DED042B002432
:108B3000B0EE001B12EE010B32EE011B80EE012B9A
:108B400027E09DED041B012431EE401B9DED042B1D
:108B500032EE000B81EE002B8DED042B1BE03C4828
:108B6000A0420FDD9DED042B0224B7EE081B32EE70
:108B7000412B9DED043B03EE010B82EE001B8DEDBE
:108B8000041B08E09DED040B0324BFEE001B81EEE7
:108B9000002B8DED042B9DED040B20EE009B29EEA8
:108BA000098BB0EE480B2B480621784400F073F98E
:108BB00020EE099BB0EE480B27480521784400F0D1
:108BC0006AF920EE080B002C0BDA39EE001B9DED44
:108BD000040B9DED042B02EE410BBDEC048B02B0A7
:108BE00070BD1E48784400EBC40090ED001B39EEC8
:108BF000000B9DED042B12EE001B9DED040B31EEDE
:108C0000400B1748784400EBC40090ED001B31EE98
:108C1000400B002DB8BFB1EE400BBDEC048B02B091
:108C200070BD000000000000000010440000F07F54
:108C3000182D4454FB21F93F182D4454FB21F9BF52
:108C40000000DC3F0000203E0000F33F0000E63F54
:108C500000800340E2040000A8040000600400005B
:108C6000200400000000000070B5614E2DED040BE3
:108C70002DED028B82B0DDF81CC0DDE905235C42DE
:108C80002CF000411C4341EAD474049D22F00040C2
:108C9000B44205D86C422C4340EAD474B4420BD998
:108CA0009DED061B9DED040B02B0BDEC028B04B0E4
:108CB000BDE8704000F02AB9ACF14054A4F17F64E3
:108CC0001C430BD0022404EAAC7444EAD27405437A
:108CD0009FED498B9FED4A2B0DD016E09DED040BC7
:108CE00051EC100B00F02BF941EC100B02B0BDEC75
:108CF000028B04B070BD002C14BF012C9DED040B41
:108D0000F4D0022C2ED0032C2FD00B439FED3E1B12
:108D10009FED3F0B0AD0B1421DD1B04209D121F0E5
:108D2000804120F080400791059014E0002ADDDAB0
:108D300015E0394B7B44002C08BF93ED000BD5D0D8
:108D4000012C04BF93ED000BB1EE400BCED0022CF2
:108D500008D0032C09D0B0420AD1002AC6DAB0EEFE
:108D6000410BC3E7B0EE480BC0E7B0EE420BBDE7E6
:108D7000401A00153C28C8BF8DED000B17DCBCF174
:108D8000000FBEBF10F13C0F9FED250B8DED000BCA
:108D90000DDB9DED041B9DED062B81EE020B51ECCE
:108DA000100B00F0D4F800F0CAF8CDE9000194B13E
:108DB000012C0CD09DED001B9FED1B0B022C31EE06
:108DC000400B0CBF38EE400B30EE480B8EE701989D
:108DD00080F0004001909DED000BB5EEC00BF1EE70
:108DE00010FA04BF0220E7F7AEFC9DED000B7DE713
:108DF0000000F07F00000000182D4454FB210940C2
:108E0000182D4454FB2109C0182D4454FB21F9BFEF
:108E1000182D4454FB21F93F880300000000000096
:108E20000000000000000000075C143326A6A13CEF
:108E300000B52DED028B83B0B1EEC08B18EE100A99
:108E400018EE901A8DED008B002818BF0120084302
:108E500020F00040C0F17F6000F1E040C00F14D06E
:108E600010EE101A10EE900A8DED000B002918BFBD
:108E70000121084320F00040C0F17F6000F1E04094
:108E8000C00F04BF0120E7F75EFCB0EE480B03B053
:108E9000BDEC028B00BDB0EE401B491E00EBC102D1
:108EA00092ED000B31F006020DD0491E00EBC1021D
:108EB00092ED002BB0EE403BB0EE420B03EE010B07
:108EC00031F00602F1D1022914D004290AD0062972
:108ED00018BF704790ED0A2B00EE012B90ED080BA8
:108EE00002EE010B90ED062B00EE012B90ED040B32
:108EF00002EE010B90ED022B00EE012B90ED000B2A
:108F000002EE010B704730EE000B704730EE010BA4
:108F100070470000000000009FED030B20EE000BE7
:108F2000704700000000000000000000000000107A
:108F300030380A2801D2012070470020704710B550
:108F400041EC100BFFF7A4FD51EC100B10BD82B0EB
:108F5000CDE9000121F0004001909DED000B02B031
:108F600051EC100B7047000010B500290AD00878AA
:108F7000002807D005487844E8F75AFC002801D0BB
:108F8000002010BD0248784410BD00000E670000AC
:108F90000667000010B500290AD00878002807D01D
:108FA00005487844E8F744FC002801D0002010BDB3
:108FB0000248784410BD0000FE660000F66600001E
:108FC000F1EE100A4FF6FF71C0F2C03120EA010045
:108FD00040F04070E1EE100A7047E8F72DB8E8F76E
:108FE00061B90000000000000000000030313233A1
:108FF00034353637383941424344454640305800CD
:1090000030313233343536373839616263646566FE
:10901000403078000400000800000000000000025A
:1090200000010000100000004FBB610567ACDD3F90
:10903000182D4454FB21E93F9BF681D20B73EF3F7F
:10904000182D4454FB21F93FE2652F227F2B7A3CF7
:10905000075C143326A6813CBDCBF07A8807703CB0
:10906000075C143326A6913CC4EB98999999C9BF23
:10907000711623FEC671BCBF6D9A74AFF2B0B3BF58
:109080009AFDDE522DDEADBF2F6C6A2C44B4A2BF18
:109090000D5555555555D53FFF8300922449C23F84
:1090A0006E204CC5CD45B73F513DD0A0660DB13FB8
:1090B000EB0D76244B7BA93F11DA22E33AAD903FCA
:1090C0000000000000000000303132333435363704
:1090D00038396162636465667870003031323334E8
:1090E0003536373839414243444546585000000030
:1090F00002400000000000A0000000000540000049
:10910000000000C8000000000C4000000000409C6F
:1091100000000000194000000020BCBE000000005C
:1091200034400000BFC91B8E00000004B5400000A1
:10913000504BCFD06607E2CF010000006C41000029
:109140003E8251AADFEEA73401000000D9420000A0
:10915000DCB5A0E23A301F97FFFFFFFFB4450000E7
:10916000FD25A0C8E9A3C14FFFFFFFFFFF3F00009F
:109170000000008000000000FF3F000000000080B1
:10918000000000003CF51108391811080300000028
:10919000000000008000000000000000000000004F
:1091A00051F5110851181108FEFF000000000000E1
:1091B00080000000000000000000000034F51108ED
:1091C00091191108000000000000000000080000D4
:1091D000000000000000000045F511080917110803
:1091E00000000000000000008000000000000000FF
:1091F000000000002BF5110819171108FEFF0000F0
:1092000000000000800000000000000000000000DE
:10921000000000000102030401020304060708091C
:1092200000061016000610160804020408010101C9
:109230000101010307010000010002000400060013
:1092400008000A000C00100020004000800000010F
:109250000000A5FCD6FAD0FF93035BFF4C03070583
:109260005A0054FC9E00F2FFC20100000000A6FC60
:10927000D7FACDFF9803E5FE4C030705580054FCD0
:10928000FD00F2FFC20100000000A1FCCFFACCFFFC
:10929000A903A7FD520308055A005BFC2702F2FF51
:1092A000C2010000000084FCD0FACCFF5A03B0FCDD
:1092B00052030A055C00D3FC7B03F2FFC2010000ED
:1092C0000000E7FBD0FACCFF840226FC85030D05E5
:1092D0005C0063FD8104F2FFC2010000000063FB3B
:1092E000D0FACCFF2702C8FB240442055E0030FE02
:1092F000D404F2FFC201000000004EFBD1FACCFF03
:1093000000028CFB910443055E008CFECF04F2FF4B
:10931000C20100000000E7FAD1FAD1FFD8018EFBAC
:10932000B40443055E008BFED004F2FFC2010000CE
:109330000000E6FAD1FACEFFD6018EFBDF0443052A
:109340005D007AFECE04F2FFC20100000000EAFADE
:10935000D9FAD2FFD601B4FBDF0443055D0006FE57
:10936000B204F2FFC2010000000078FBD9FAD2FF7C
:10937000DF01D2FBDF0443055D0006FEB504F2FF0A
:10938000C20100000000F9FBD9FAD0FFE20172FC33
:10939000DF0443055D0008FE1805F2FFC20100006E
:1093A000000031FCD0FAD2FFE30174FDDF04430575
:1093B0005D000BFEA505F2FFC20100000000D0FC1D
:1093C000D0FAD4FF0F02DBFDDF0443055D000BFE86
:1093D0009E05F2FFC20100000000A9FDD0FAD1FFF6
:1093E000CD02DBFDDA0443055D000BFE9E05F2FFB6
:1093F000C20100000000E5FDCEFACCFFD703DBFD83
:10940000D70444055E000BFE9E05F2FFC20100007A
:10941000000020FEB2FACCFF4B041FFEC20444053C
:1094200059001AFE9605F2FFC201000000003AFE44
:10943000A9FACDFF6B0481FE83044305570031FE7A
:109440009405F2FFC201000000003BFEA8FACDFF28
:109450006A0487FE7F04430557003AFE7D05F2FF4C
:10946000C2010000000034FEA4FACDFF860499FE7C
:109470007E0443055700A7FEFE04F2FFC201000070
:10948000000032FEA4FACDFF9904A2FE8004430539
:109490005700DBFEAF04F2FFC2010000000032FE05
:1094A000A4FACDFF8E04ECFE80044305560006FFAF
:1094B000A104F2FFC2010000000019FEA3FACCFFD4
:1094C0005604BEFF80044305560031FFA204F2FF9C
:1094D000C20100000000DFFDA3FACCFF1104E0FF91
:1094E00080044305560041FF9B04F2FFC2010000C7
:1094F00000007AFDA3FACCFFC603E2FF8004430517
:10950000560041FFA204F2FFC2010000000056FD18
:10951000A4FACCFFC503E2FF850443055A00A9FE67
:109520009C04F2FFC2010000000047FD8FFACBFF50
:10953000CC03E3FF840444055E0029FC9804F2FF99
:10954000C20100000000ECFC6DFAC2FFCD03E7FF92
:1095500048044805A4008CFB9804F2FFC2010000F7
:109560000000A4FC6AFA9CFECD03EAFFCD03480587
:10957000F4018CFB1D04F2FFC2010000000023FC7B
:109580006DFA64FDD703EAFFCC0347050503BBFB77
:109590009C02F2FFC2010000000002FC6EFA33FDE3
:1095A000D203EBFFCD034505450306FC4301F2FF63
:1095B000C20100000000FCFB70FA32FDD203EBFF99
:1095C000CD034405450309FC7100F2FFC201000010
:1095D0000000FCFB70FA32FDD203EBFFCD03440523
:1095E000450308FC7100F2FFC20100000000FCFB13
:1095F00070FA32FDD603EBFFCD034405450303FCAF
:109600007200F1FFAA0100000000FCFB70FA32FDBD
:10961000D603EBFFCD034405450303FC7200F1FFC5
:10962000AB0000000000FCFB70FA32FDD603EBFF3C
:10963000CD034405450303FC7200F1FF5400000014
:109640000000FCFB70FA32FDD603EAFFCD034405AF
:10965000450303FC7200F1FF490000000000FCFB21
:1096600070FA32FDD603EAFFCD034405450303FC3F
:109670007200F1FF490000000000FCFB70FA32FDAF
:10968000D603EAFFCC034405450303FC7200F1FF57
:10969000490000000000FCFB70FA32FDD603E7FF32
:1096A000CC034405450303FC7100F1FF4A000000B0
:1096B0000000FCFB70FA32FDD503E4FFCC03430548
:1096C000450305FC7100F1FF4A0000000000FBFBB0
:1096D00070FA32FDD503E3FFCC034305450305FCD7
:1096E0007100F1FF4A0000000000FBFB70FA32FD40
:1096F000D503E9FFCC034305450305FC7100F1FFE9
:109700004A0000000000FBFB70FA32FDD603E5FFC3
:10971000CC034305450303FC7100F1FF4A00000040
:109720000000F9FB70FA32FDD603E5FFCD034305D7
:10973000450303FC7100F1FF4A0000000000FAFB42
:1097400070FA32FDD603E5FFCD034305450303FC64
:109750007100F1FF4A0000000000F9FB71FA32FDD0
:10976000D603E5FFCE034305450303FC7100F1FF7B
:109770004A0000000000F9FB71FA32FDD603E5FF54
:10978000CE034305450303FC7100F1FF4A000000CE
:109790000000FAFB71FA32FDD603E5FFCE03430564
:1097A000450303FC7100F1FF4A0000000000F9FBD3
:1097B00071FA32FDD603E5FFCE034305450303FCF2
:1097C0007100F1FF4A0000000000C7FC27FB91FF79
:1097D0009E0354FF0403D804740046FCA600EDFF6A
:1097E000AD0100000000C2FC21FB8EFFA003BAFE09
:1097F0000803DA04760048FC2E01EDFFAD010000FD
:1098000000009BFC21FB8EFF95038CFD2603DD04ED
:10981000780051FC7902EDFFAD0100000000E4FB8F
:1098200021FB8EFFF902A8FC9B0325057900FEFCB5
:10983000B403EDFFAD010000000015FB21FB8EFF1E
:109840002B02DEFB320440057900CFFDCB04EDFF97
:10985000AD0100000000CCFA21FB90FFD801A7FB6E
:1098600071043F0578002FFED304ECFFAD0100002A
:109870000000C8FA23FB91FFD601A7FB71043F0546
:1098800077002EFECF04ECFFAD0100000000C8FA07
:1098900022FB90FFDD01AEFB72043F0578002EFE37
:1098A000CE04ECFFAD0100000000CFFA20FB8EFFDC
:1098B0002B022EFC71043F05750029FEF104ECFF1C
:1098C000AD0100000000E1FABDFA8DFF2C0244FD5D
:1098D00070043F0574001AFEA005ECFFAD01000006
:1098E000000080FB73FA8DFF30027BFD70043F05A2
:1098F000770019FEA205ECFFAD01000000005CFC42
:1099000072FA8BFF300240FD7004400578001BFEA8
:10991000A105ECFFAD010000000012FD70FAF3FE9E
:10992000370241FD7004410578001BFEA105ECFFE4
:10993000AD010000000019FD77FAB3FE180343FDE6
:109940007004400577001BFEA005ECFFAD01000090
:10995000000019FD77FAB3FE3A04CAFD7004400511
:1099600072001BFE9D05ECFFAD010000000019FD1B
:1099700077FAB3FE75049EFE7004400572001FFE68
:109980009D05ECFFAD010000000019FD77FAB3FE64
:109990007404C2FE70044005720079FE7105ECFF8C
:1099A000AD010000000019FD77FAB3FE7904C2FE94
:1099B000750440057300CBFEF904ECFFAD01000017
:1099C000000019FD78FAB3FE7304C3FE76043F0568
:1099D00072002CFFA104ECFFAD010000000019FD96
:1099E00078FAB3FE3E04C2FE76043F05740047FFDA
:1099F000AA04ECFFAD010000000018FD78FAB3FEE8
:109A0000EE03BAFE75043F057400CFFFAA04ECFF15
:109A1000AD010000000018FD78FAB3FED603A0FEE9
:109A20006A0443057E00E9FFA704ECFFAD010000D6
:109A3000000018FD78FAB3FED603A0FDDE03420550
:109A4000DB00E9FFA904ECFFAD010000000017FDF9
:109A500073FAACFED10343FCAD034405A801E9FF52
:109A6000AA04ECFFAD0100000000F9FC70FAA9FEA9
:109A7000C603A9FBAD0344056F02E8FFAA04ECFF8F
:109A8000AD0100000000C2FC6EFA2DFEFE0291FB4B
:109A9000AD0344057202E6FFB104ECFFAD01000026
:109AA0000000BDFC77FACAFDBA018DFBAE0341058B
:109AB0007202E5FFC804ECFFAD0100000000BDFC30
:109AC00077FACAFD880094FBAE0341057102E5FFF9
:109AD000C704ECFFAD0100000000BDFC77FACAFD31
:109AE000FFFF94FBAD0341057002E6FFBE04EBFFF0
:109AF0008E0100000000BDFC77FACAFD0300C1FB27
:109B0000AD0341057002E6FFBD04EBFFA7000000B6
:109B10000000BDFC77FACAFD0300DCFCAE03410582
:109B20007002E8FF3104EDFF450000000000BDFCBD
:109B300077FACAFD030012FEAE0340057002E8FF8B
:109B4000C902ECFF440000000000BDFC77FACAFD2A
:109B5000020008FFAE0340057002E9FF5D01ECFF63
:109B6000440000000000BDFC77FACAFD020073FF4C
:109B7000B00340057002E8FF8E00ECFF44000000D7
:109B80000000BDFC77FACAFD020071FFB00340057A
:109B90007002E8FF9900ECFF440000000000BDFCEB
:109BA00077FACAFD020071FFB00340057002E8FFBA
:109BB0009900ECFF440000000000BDFC77FACAFDEC
:109BC000020070FFB00340057002E8FF9900ECFF4F
:109BD000440000000000BDFC77FACAFD02006EFFE1
:109BE000B00340057002E8FF9900ECFF440000005C
:109BF0000000BDFC77FACAFD02006EFFB00340050D
:109C00007002E8FF9A00ECFF440000000000BCFC7A
:109C100077FACAFD02006EFFB00340057002E8FF4C
:109C20009A00ECFF440000000000BCFC77FACAFD7B
:109C300002006DFFB00340057002E8FF9A00ECFFE0
:109C4000440000000000BCFC77FACAFD02006DFF72
:109C5000B00340057002E8FF9A00ECFF44000000EA
:109C60000000BCFC77FACAFD02006DFFB00340059E
:109C70007002E8FF9A00ECFF440000000000BCFC0A
:109C800077FACAFD02006DFFB10340057002E8FFDC
:109C90009A00ECFF440000000000BCFC77FACAFD0B
:109CA00002006DFFB20340057002E8FF9A00ECFF6E
:109CB000440000000000BBFC77FACAFD03006DFF02
:109CC000B30340057002E6FF9A00ECFF4400000079
:109CD0000000BBFC77FACAFD03006DFFB30340052B
:109CE0007002E6FF9A00ECFF440000000000BBFC9D
:109CF00078FACAFD04006CFFB30340057002E6FF6A
:109D00009A00ECFF440000000000BBFC78FACAFD9A
:109D100004006CFFB30340057002E6FF9A00ECFFFD
:109D2000440000000000BBFC78FACAFD04006CFF90
:109D3000B30340057002E5FF9A00ECFF4400000009
:109D40000000E8FDF5FAD3FEFE0369FF4002960429
:109D500044011FFCA000F9FFC70100000000CCFD7A
:109D6000F0FAD3FEFE0370FF33029A0444011DFC97
:109D7000A000F9FFC70100000000CCFDEFFAD3FE00
:109D8000FE036FFF3302940444011DFCA000F9FFA1
:109D9000C70100000000CCFDEFFAD3FEFE036FFF09
:109DA0003402390443011CFCA000F9FFC701000084
:109DB0000000C6FDF0FAD3FEFE036DFF0F02F203B2
:109DC00045011CFCA000F9FFC70100000000C5FD13
:109DD000F0FAD2FEFE036AFF97013C04450118FC2D
:109DE000A400F9FFC70100000000CCFDEEFAD2FE8E
:109DF000FE036FFFE001A104450151FBA100E8FF54
:109E0000C70100000000C5FDF9FAD2FE03046CFF93
:109E10003802A40445014FFB9600B8FFC7010000BB
:109E20000000CBFD11FBD8FE02046EFF3802A20435
:109E3000450100FC960092FFC70100000000D0FD24
:109E400074FBD3FE0A046BFF3E02A204450121FC11
:109E50009B008CFFC701000000004CFE6FFBD2FE90
:109E6000A80473FF3B02A60446011DFC9800B6FF40
:109E7000C7010000000094FE1DFBD2FE930474FF96
:109E80003702A80447011CFC9600FAFFC701000036
:109E9000000047FE02FBD9FEDE036AFF3A02C4045B
:109EA00048011CFC96002D00C70100000000C8FD01
:109EB00001FBD6FEE8036BFF4002C504470115FC19
:109EC0009C003E00C70100000000C7FD03FBD5FE5B
:109ED000EA036AFF66027E0445013FFB98003D00ED
:109EE000C70100000000C3FD00FBD2FEEE036AFFC5
:109EF00052020504460156FB96002F00C7010000E0
:109F00000000C6FDF7FAD1FEEF0370FFCF01200479
:109F1000460126FC9C000200C70100000000C6FDAF
:109F2000F7FAD1FEF10371FFE601A704460117FC21
:109F30009D00CDFFC70100000000B1FD01FBD2FE76
:109F4000790473FF3602AC04460116FC9800BAFF90
:109F5000C70100000000AAFD4DFBD7FEA60473FF59
:109F60003702AA04460116FC9700BAFFC701000099
:109F7000000011FEB2FBD2FE350473FF3802AF04BD
:109F8000470116FC9700C0FFC7010000000075FEE6
:109F90009AFBD1FEE8036AFF3C02B404470111FCBE
:109FA0009A00F1FFC7010000000074FE08FBD2FE1A
:109FB000EC0367FF3D02B40447013FFB99001B001F
:109FC000C70100000000E7FDFCFAD2FEED0368FFC8
:109FD0003D02B304470184FB97003100C701000034
:109FE0000000DFFDFDFAD2FEEB036AFF3F028A04A8
:109FF000450117FC96003900C70100000000DBFD99
:10A00000FDFAD2FEEE0369FF3402DB03460115FCC4
:10A0100097003800C70100000000B2FDE7FAD1FE4A
:10A0200084046FFFC601E003470115FC9700200080
:10A03000C70100000000B4FDA6FAD1FEA80473FF1A
:10A04000BB016E04470113FC9D00EDFFC70100003A
:10A050000000ACFDB1FAD4FE0C0472FF22028504AC
:10A06000460113FC9E00CEFFC701000000004CFD1E
:10A0700038FBA5FFBA0364FFCA020D0555002CFC8E
:10A080009300E3FFA801000000004DFD32FBA2FF9A
:10A09000B90363FFCA020C0558002CFC9500E3FFCE
:10A0A000A801000000004EFD3DFB65FFB7035FFF08
:10A0B000CA0204055A002DFCBC00E3FFA801000001
:10A0C00000004EFDCBFB9AFE9B0312FFC802A204C8
:10A0D00063004BFC1501E3FFA8010000000048FDF0
:10A0E00080FCE1FD0703FDFE92024504FD001DFD1D
:10A0F0002101E3FFA801000000004EFDA5FC84FD46
:10A10000A90105FF5C026E03E201EFFD1F01E3FF01
:10A11000A801000000004DFDF9FC7BFDFF0063FF7E
:10A120005502AD023B023CFF1E01E3FFA801000007
:10A1300000004EFD51FD7CFD6700CFFF56022F024F
:10A140003C02A9FFDF00E3FFA8010000000047FD7B
:10A1500005FE82FD3600CEFF59022A023A02B4FF04
:10A16000C200E3FFA8010000000047FDE3FD7BFD06
:10A170001900AEFF5E0283024002B3FFC200E3FF9C
:10A18000A801000000004BFDD8FC7DFD1A006AFF0D
:10A1900060028C033B02B9FFC000E3FFA80100008E
:10A1A000000045FD04FD82FD1B0067FF73023C03B8
:10A1B0003A02BAFFC000E3FFA8010000000046FD1C
:10A1C000E8FD82FD1C0064FFB7022D023A02B3FFD6
:10A1D000C000E3FFA8010000000048FD74FD7BFD06
:10A1E0001C0064FFB802AB024102B3FFC000E3FFF2
:10A1F000A8010000000046FD98FC80FD1C0064FFE3
:10A20000BA0289033B02B3FFC000E3FFA8010000CC
:10A2100000003FFD1FFD81FD1E0064FFBB02CA025E
:10A220003A02B3FFC000E3FFA801000000003EFDBA
:10A23000DDFD7CFD300064FFB90234023F02B1FF56
:10A24000C000E3FFA801000000003FFDCCFC7CFD46
:10A250002F0065FFB9021B034102B2FFC000E3FFFC
:10A26000A8010000000038FDAEFC81FD340062FF53
:10A27000B90236033A02B2FFAC00E3FFA8010000C6
:10A2800000003EFDFDFD82FD370062FFB902FA01CC
:10A290003A02B2FF9D00E3FFA801000000003EFD6E
:10A2A000A1FD7DFD350062FFB4025B024102B1FFFA
:10A2B0009D00E3FFA801000000003FFD99FC81FD27
:10A2C0002F0063FFB6027B033A02B2FF9C00E3FF5C
:10A2D000A8010000000038FD30FD82FD350062FF5E
:10A2E000B802B9023A02B2FF9C00E3FFA8010000E5
:10A2F00000003EFDF5FD82FD360062FFB70226023A
:10A300003A02B1FF9D00E3FFA8010000000039FD03
:10A310007EFD81FD420064FFB90288023C02A9FF74
:10A320009C00E3FFA8010000000041FD46FC86FD03
:10A33000DD0169FFB2023803380228FE7D00E3FF29
:10A34000A8010000000069FD54FCB1FD77036BFF1C
:10A35000B20243033702D5FC8200E3FFA8010000EC
:10A36000000067FD32FCB3FDEA0364FFB902B003ED
:10A370003702F1FB8400E3FFA8010000000057FD55
:10A38000B6FBB6FDDF0364FFBA02D2031A02F1FB8B
:10A390008400E3FFA8010000000045FD9EFBB6FD20
:10A3A000DE0364FFBA02D703EC01F1FB8400E3FF94
:10A3B000A8010000000099FDECFA90FFD8035BFFB4
:10A3C00082020B056C002BFC8400EDFFBC01000039
:10A3D000000099FDECFA90FFD8035BFF82020B05A9
:10A3E0006C002BFC8400EDFFBC010000000097FD19
:10A3F000EDFA90FFD90352FF82020B056C002BFC93
:10A400008400EDFFBC010000000098FDEDFA90FF14
:10A41000DF031DFF82020B056C002AFC5F00EBFFCF
:10A42000BC010000000099FDEDFA90FFE2038EFEF2
:10A4300082020F056F0029FC0000E6FFBC0100004E
:10A44000000099FDECFA90FFE10395FE82020F05F2
:10A450006D0030FC0C00C0FFBC01000000009AFD44
:10A46000ECFA90FFD80369FF83020E056C0030FC04
:10A47000C900B7FFBC010000000094FDECFA90FF9A
:10A48000D803CCFF83020D056D0028FC6901D5FFC0
:10A49000BC010000000096FDECFA90FFD703A8FF76
:10A4A000820210056F0028FC18010D00BC0100009D
:10A4B000000099FDECFA90FFE003ACFE810210056C
:10A4C000700031FC04001F00BC010000000099FD79
:10A4D000ECFA90FFE10366FE810210056E0031FC8C
:10A4E000FDFF1C00BC01000000009BFDEBFA90FF8B
:10A4F000E103B6FE820210056D003FFC2400EBFF75
:10A50000BC010000000099FDEBFA90FFDD039EFF07
:10A5100083020E056E0048FC0601B3FFBC0100007B
:10A52000000098FDEBFA90FFDA03ADFF83020E0501
:10A530006D0047FC4501ACFFBC010000000099FD27
:10A54000EBFA90FFDF0334FF83020F056E0047FC38
:10A55000C800C3FFBC010000000099FDECFA90FFA9
:10A56000E10395FE82020F056F004BFC3000FAFFFD
:10A57000BC010000000099FDECFA90FFE10397FE9A
:10A5800082020F056F004EFC33001F00BC0100006B
:10A5900000009AFDEBFA90FFDB0331FF82020F050A
:10A5A0006D0052FCA4001A00BC010000000099FDDF
:10A5B000EBFA90FFD903DAFF83020F056D0048FC28
:10A5C0002201EBFFBC010000000096FDEBFA90FFBA
:10A5D000D903C6FF82020F056F0047FC0501C7FFC4
:10A5E000BC01000000009BFDEBFA90FFDE0321FFA1
:10A5F000820210056F0047FC5400BEFFBB01000043
:10A6000000009BFDEBFA90FFDF0312FF82021005B2
:10A61000700047FC5100BEFF8C01000000009BFD54
:10A62000EAFA90FFD8036DFF83020F056F004FFC1D
:10A63000A600C7FF1401000000009AFDEBFA90FF8E
:10A64000D80399FF83020F056E0043FC6701EFFFFB
:10A650001801000000009AFDEBFA90FFD8038FFF6D
:10A6600083020F056D002AFC6701F5FF6F010000F2
:10A67000000099FDEBFA90FFDE0308FF82020F0550
:10A680006D002AFC3201F5FFBE010000000092FDC2
:10A69000EBFA90FFDB0307FF81021005700033FC2B
:10A6A0008400E4FFBE010000000092FDEBFA90FF81
:10A6B000DB0307FF81021105700033FC8300E0FF1C
:10A6C000BD010000000098FDEBFA90FFD90348FFA0
:10A6D00081021105700032FC7E00E0FFBD01000028
:10A6E000000098FDEBFA90FFD80379FF8102110575
:10A6F00070002FFC8200E0FFBC010000000091FC14
:10A7000077FA66FDD50399FF66033D055F0218FCE5
:10A710003600EDFF38000000000091FC77FA6AFD7A
:10A72000D5038EFF66033D055F021CFC4000EDFF74
:10A7300038000000000091FC77FA6BFDD603D0FED4
:10A740006C033D0559021AFC3B01EDFF3800000087
:10A75000000090FC78FA6FFDD503AAFD6C033C0560
:10A760003C0216FC2C03EDFF38000000000090FCBA
:10A7700078FAB6FDD003F8FC6C033D05460116FCE3
:10A78000CD04EDFF38000000000090FC78FA68FE70
:10A79000D0038FFC6C033E05B30017FCA005EDFF52
:10A7A00038000000000091FC78FA26FFD00381FCFD
:10A7B00069033E05A80018FC9605EDFF380000006F
:10A7C000000091FC78FA5CFFD00383FC66033E0531
:10A7D000A7001DFC9405EDFF38000000000091FC6F
:10A7E00078FA5CFFD4035DFC65033D05A70020FCFF
:10A7F0009305EDFF38000000000091FC78FA5CFF43
:10A80000CE03C4FB64033D05AB0026FC2E05EDFF23
:10A8100038000000000091FC78FA5CFF4403BBFBA9
:10A8200064033D05AB004BFCC104EDFF38000000A4
:10A83000000091FC78FA5CFFD602ABFB64033D0597
:10A84000AB003CFDC304EDFF38000000000091FCAC
:10A8500078FA5CFF88028FFB64033D05AC008FFE35
:10A86000D604EDFF38000000000091FC78FA5CFF90
:10A87000AD017DFB64033D05AC004CFFDA04EDFF48
:10A8800038000000000091FC78FA5CFFAC0070FB1F
:10A8900065033D05AC00E7FFAE04EDFF38000000A6
:10A8A000000091FC78FA5CFF0F0073FB67033D0525
:10A8B000AC00F6FFAA04EDFF38000000000090FC99
:10A8C00078FA5CFF270078FB7C033D05AC00F6FFBF
:10A8D000AA04EDFF38000000000090FC78FA5BFF4E
:10A8E00025009CFBCF033D05A700F6FFB604EDFF56
:10A8F0003800000000008FFC78FA5BFF2600A3FB05
:10A9000040043C05A700F5FFB904EDFF3800000046
:10A91000000050FC78FA5BFF290000FC54043C0561
:10A92000A700F5FFF604EDFF3800000000002FFC43
:10A9300078FA5BFF2B0092FC55043C05A700F5FF5D
:10A940004F05EDFF3800000000002EFC78FA5BFF99
:10A950002E0013FD55043C05A700F1FF9705EDFF00
:10A960003800000000001BFC78FA5BFF2E0032FD6F
:10A9700056043C05A700EFFF9E05EDFF38000000E0
:10A980000000E1FB78FA5BFF640038FD58043C05E9
:10A99000A800EEFFA005EDFF380000000000DEFB80
:10A9A00078FA5BFF630132FD58043C05A700CEFF37
:10A9B0009D05EDFF380000000000E1FB78FA5BFF29
:10A9C0005E0246FD59043C05A7006EFF9C05EDFFA5
:10A9D000380000000000E3FB78FA5BFF650261FDD0
:10A9E000D7043C05A60042FF9E05EDFF380000009D
:10A9F0000000DFFB77FA5BFF650260FD0B053C059D
:10AA0000A60041FF9E05EDFF380000000000DEFBC0
:10AA100077FA5BFF73025EFD0B053B05A600FAFEAD
:10AA20009F05EDFF380000000000E2FB77FA5BFFB6
:10AA30000A0360FD0B053A05A600A8FE9D05EDFF83
:10AA4000380000000000E2FB77FA5BFF5A035EFD6E
:10AA50000A053C05AD0058FE9C05EDFF38000000DE
:10AA60000000DEFB77FA5BFF610364FDF4043C0544
:10AA7000AE0052FE9C05EDFF380000000000DEFB3A
:10AA800077FA5BFF5B0360FDF4043D05AE0051FE09
:10AA90009C05EDFF380000000000DDFB77FA5BFF4E
:10AAA00056035DFDF3043D05AE0050FE9C05EDFF31
:10AAB000380000000000DDFB77FA5BFF5703F3FC72
:10AAC000F1043D05AF004EFE7805EDFF38000000B3
:10AAD0000000DDFB78FA62FF340322FCEB043E0544
:10AAE000AF004DFE0505EDFF380000000000DCFB67
:10AAF000ABFA62FF2502CBFB92043E05AD0020FEBF
:10AB0000C604EDFF380000000000DCFBE5FA62FF40
:10AB1000170285FB2E043D05A700DBFD9904EDFF20
:10AB2000380000000000E3FBE7FA61FF220290FB1F
:10AB30000F043A05A500D9FD9904EDFF3800000087
:10AB40000000DEFBE1FA5CFF5B02FDFB0A042D0561
:10AB5000A700B8FD5804EDFF380000000000F2FB2C
:10AB6000E8FA61FF1C03CAFC02041A05A500E4FC14
:10AB70001403EDFF38000000000065FCE8FA5DFFFB
:10AB800091032BFE6D03B404A8006AFC1202EDFFD2
:10AB900038000000000086FCE8FA5CFF95035EFFC9
:10ABA0003903AD04A90057FCA100EDFF38000000F7
:10ABB00000008EFCE6FA5CFF970367FF3903AE04E2
:10ABC000A90058FC9F00EDFF3800000000008FFC3A
:10ABD000E6FA5BFF980369FF3903AE04A80058FC4E
:10ABE0009F00EDFF3800000000008FFCE2FA5AFFE2
:10ABF000960368FF3503AE04A80058FC9F00EEFFE3
:10AC00004400000000008FFCDEFA5AFF970368FF43
:10AC10003603AE04AA0058FC9F00EFFF4A01000073
:10AC200000008FFCDFFA5AFF980368FF3503AE047B
:10AC3000A80058FC9F00EFFFC501000000008FFC3A
:10AC4000DFFA5AFF980368FF3703AE04AA0058FCE6
:10AC50009F00EEFFB101000000008FFCDFFA5AFFF9
:10AC6000980368FF3703AE04AA0058FC9F00EEFF6C
:10AC7000B10100000000BBFB80FADBFDEA0362FFCC
:10AC80003B0436052C02FBFB9300F6FF3A00000064
:10AC90000000BBFB80FADBFDEA035EFF3B043605E8
:10ACA0002C02FBFB9300F6FF3A0000000000BBFB08
:10ACB00080FADBFDEA0362FF3B0436052C02FCFB55
:10ACC0009200F6FF3A0000000000BBFB80FADBFDBB
:10ACD000EC0353FF3B0436052C02FCFBA900F6FFF6
:10ACE0003A0000000000BBFB80FADBFDEC03BCFE79
:10ACF0003B0436052C02FBFB4401F6FF3A00000042
:10AD00000000BBFB80FADBFDEC0311FE3B043605C3
:10AD10002C02F8FBDC01F6FF3A0000000000BBFB50
:10AD200080FADBFDEA0363FD3B0436052C02F6FBEB
:10AD30004F02F6FF3A0000000000BBFB80FADBFD8B
:10AD4000E80355FD3B0436052C02F6FB5002F6FFE6
:10AD50003A0000000000BBFB80FADBFDEC033EFD87
:10AD60003B0436052C02F4FB7802F6FF3A000000A3
:10AD70000000BBFB80FADBFDEB0361FC3B04360506
:10AD80002C02F4FB8203F6FF3A0000000000BBFB3C
:10AD900080FADBFDEB03BDFB3B0436052C02F6FB22
:10ADA0009B04F6FF3A0000000000BBFB80FADBFDCD
:10ADB000EC0348FB3B0436052C02FCFB5A05F6FF6E
:10ADC0003A0000000000BBFB80FADBFDEC030CFB4B
:10ADD0003B0436052C02FCFB8805F6FF3A00000018
:10ADE0000000BBFB80FADBFDEA03DDFA3B0436051D
:10ADF0002C02FCFB9905F6FF3A0000000000BBFBAB
:10AE000080FADBFDE903D7FA3B0436052C02FCFB94
:10AE10009805F6FF3A0000000000BBFB80FADBFD5E
:10AE2000E203D7FA3B0436052C0201FC9805F6FF35
:10AE30003A0000000000BBFB80FADBFD7103D9FA89
:10AE40003B0436052C026CFC9805F6FF3A00000026
:10AE50000000BBFB80FADBFDE002DEFA3B043605B6
:10AE60002C0217FD9605F6FF3A0000000000BBFB20
:10AE700080FADBFD4602DFFA3B0436052C02E6FDD4
:10AE80004605F6FF3A0000000000BBFB80FADBFD40
:10AE90000E02DEFA3B0436052C0227FEE704F6FF1D
:10AEA0003A0000000000BBFB80FADBFD0402DFFA81
:10AEB0003B0436052C0230FEE204F6FF3A000000A7
:10AEC0000000BBFB80FADBFD5801E8FA3B043605C5
:10AED0002C029BFECE04F6FF3A0000000000BBFBF4
:10AEE00080FADBFDB30088FB3B0436052C0275FFBE
:10AEF000B804F6FF3A0000000000BBFB80FADBFD5F
:10AF0000630088FB3B0436052C02BFFFB104F6FF4B
:10AF10003A0000000000BBFB80FADBFD2A0088FB42
:10AF20003B0436052C02BFFFB304F6FF3A000000D5
:10AF30000000BBFB80FADBFD270088FB3B043605E5
:10AF40002C02C0FFB204F6FF3A0000000000BBFB79
:10AF500080FADBFD27008DFB3B0436052C02C7FF82
:10AF6000B104F6FF3A0000000000BBFB80FADBFDF5
:10AF70002300ECFB3B0436052C02CAFF5704F6FF06
:10AF80003A0000000000BBFB80FADBFDFFFF93FCF2
:10AF90003B0436052C02F7FFBC03F6FF3A00000025
:10AFA0000000BBFB80FADBFD000057FD3B043605CB
:10AFB0002C02F7FF0703F6FF3A0000000000BBFB7E
:10AFC00080FADBFD000030FE3B0436052C02F7FF63
:10AFD0003802F6FF3A0000000000BBFB80FADBFD00
:10AFE0000100F7FE3B0436052C02F6FF6501F6FF73
:10AFF0003A0000000000BBFB80FADBFD01006DFFA2
:10B000003B0436052C02F6FF9F00F6FF3A000000D5
:10B010000000BBFB80FADBFD010073FF3B0435053C
:10B020002C02F6FF9C00F6FF3A0000000000BBFB7C
:10B0300080FADBFD01006FFF3B0435052C02F6FFB3
:10B040009C00F6FF3A0000000000BBFB80FADBFD2D
:10B0500001006FFF3B0435052C02F6FF9C00F6FF54
:10B060003A0000000000BBFB80FADBFD01006FFF2F
:10B070003B0436052C02F6FF9D00F6FF3A00000067
:10B080000000B8FB85FADBFD01006EFF4A043405C1
:10B090002C02F6FF9D00F6FF3A000000000071FB55
:10B0A00087FADBFD01006EFFA20436052C02F6FFD5
:10B0B0009D00F6FF3A000000000069FB85FADBFD09
:10B0C00001006EFFA60436052C02F6FF9D00F6FF78
:10B0D0003A00000000004EFC8EFA61FDE803D5FF47
:10B0E000BF033D05650301FC1900D8FF7D0000008A
:10B0F000000051FC8DFA60FDE803D5FFBF033D055C
:10B10000650301FC1900D8FF7D000000000077FCFA
:10B1100078FA5EFDE803D5FFC1033D05650301FC38
:10B120001900D8FF7D0000000000F4FC7AFA5EFDF3
:10B13000E803CFFFC0033D05650301FC1900D8FFFC
:10B140007D000000000011FD84FA5EFDE903CAFFE6
:10B15000BF033B05650301FC1E00D8FF7D00000016
:10B16000000037FDC5FA5EFDE903B8FFBF03230504
:10B17000640301FC1E00D8FF7D00000000005AFDA2
:10B1800032FB05FDE903B7FFBC03E804650301FCDE
:10B190002A00D8FF7D00000000005AFDF1FB46FCAC
:10B1A000E90385FFBB03E504650301FC5500D8FFF7
:10B1B0007D00000000005AFD12FDB5FBE903E0FE32
:10B1C000BC03E304640300FC5600D8FF7D000000CC
:10B1D00000005AFD92FDA6FBE9036BFEBC03C00410
:10B1E000640300FC5600D8FF7D000000000085FDD0
:10B1F0008EFDA6FBE8032BFEBB03C604650300FC23
:10B200005700D8FF7D00000000002FFE37FDB0FB87
:10B21000DD03F9FDBA0337056403FEFB4F00D8FFD9
:10B220007D000000000082FE0EFDF1FB7003F6FDC4
:10B23000B7033E056403F7FB4E00D8FF7D00000016
:10B24000000082FE55FC18FDBA02F4FD9903410589
:10B25000640303FC2B00D8FF7D000000000089FE82
:10B2600024FB72FEB902F4FD99034105640303FC5B
:10B270002A00D8FF7D00000000009CFEEDFA1AFFB6
:10B28000BA02F4FD9A034005640303FC2A00D8FFC8
:10B290007D0000000000C6FEECFA1AFFEC02F5FD8E
:10B2A0009B033F056403FEFB2900D8FF7D000000DF
:10B2B0000000EAFEE8FA18FF9A03F8FD9E033F0536
:10B2C0006503F8FB2900D8FF7D0000000000D1FED7
:10B2D0009EFA18FFFA032DFE9D033F05650301FC4E
:10B2E0002800D8FF7D000000000050FE8EFA17FFF6
:10B2F000F903C7FE9D033E05650301FC2A00D8FF44
:10B300007D00000000009DFD78FAE3FEEF033DFFA5
:10B310009D033D05650301FC2A00D8FF7D00000068
:10B32000000027FD7AFA35FEED0390FF9E033D05F0
:10B33000650301FC2B00D8FF7D0000000000B7FC76
:10B3400078FA1AFEED03A0FF9E033E05650302FC9A
:10B350002B00D8FF7D000000000086FC73FA19FE68
:10B36000ED039DFF9F034005680302FC2B00D8FFFF
:10B370007D000000000082FC73FA19FEED039BFFC4
:10B380009F0341056A0302FC2B00D8FF7D000000EB
:10B39000000082FC79FA1BFEED039BFF9F033D0535
:10B3A000660302FC2B00D8FF7D000000000082FC39
:10B3B0007AFA1CFEEC03A1FF9E033D05660302FC26
:10B3C0002B00D8FF7D000000000082FC7AFA1CFEF2
:10B3D000EC03A1FF9E033D05660302FC2B00D8FF92
:10B3E0007D000000000082FC7AFA1CFEEC03A1FF45
:10B3F0009E033D05660302FC2B00D8FF7D00000084
:10B40000000082FC7AFA1CFEEC03A1FF9E033D05BE
:10B41000660302FC2B00D8FF7D000000000077FCD3
:10B420007AFA96FDEA0353FFDF033B05A60202FC0E
:10B430008900F5FFCE000000000075FC7AFA97FD48
:10B44000EA0352FFD9033E05A60202FC8900F5FF7C
:10B45000C9000000000010FC77FA92FDEA0352FFD9
:10B460006D034005A60202FC8900F6FFBB00000048
:10B4700000001FFC76FA92FDE90354FFF803400533
:10B48000A90202FC8900F6FF2A0000000000F3FC7C
:10B4900079FA97FDE90354FF70044105A70202FC05
:10B4A0008900F5FF1C0000000000E2FB78FA92FD25
:10B4B000E60353FF8C034005A00202FC8900F5FF60
:10B4C0003B000000000086FB78FA98FDE90350FF7E
:10B4D00007033D05A00202FC8900F5FF49010000B9
:10B4E000000065FC77FA98FDEA0351FF4E043F0522
:10B4F000A40202FC8900F4FF9A010000000001FD93
:10B5000078FA97FDEB0350FF8F044005A30203FC7C
:10B510008900D0FF140100000000B5FB79FA98FD06
:10B52000EA0351FF85033F05A00203FC8900AAFF3F
:10B530005100000000005FFB79FA98FDEA0350FF1C
:10B54000A7023D05A00203FC89009FFF4800000000
:10B550000000DEFB79FA99FDE90350FF8F033E05F9
:10B56000A50203FC89009FFF7D0000000000D4FCC1
:10B5700079FA99FDE90351FF8F044005A60203FC07
:10B580008900AEFF76010000000070FC79FA99FD99
:10B59000E90350FF75044005A30203FC8900CDFFB9
:10B5A000BB010000000056FB79FA99FDE90350FF4A
:10B5B00032033E05A00203FC8900F8FF9101000060
:10B5C000000052FB79FA99FDE9034FFF1B033D058B
:10B5D000A00203FC89001A00A200000000004AFC3F
:10B5E00079FA99FDE9034FFF49043F05A40203FCE2
:10B5F00089003400730000000000C8FC79FA99FD4E
:10B60000EA034FFF82044005A50203FC89003700CE
:10B610007B0000000000D0FB79FA99FDE80350FFA1
:10B62000BD033E05A00203FC890036003501000081
:10B63000000071FB79FA99FDE90350FFF7023B0521
:10B64000A00203FC89002A00AC0100000000B6FB48
:10B6500078FA99FDEA0350FFB1033D05A40203FC0B
:10B6600089000700AC0100000000C1FC78FA99FDD8
:10B67000EA0351FF85043F05A60203FC8900F9FF98
:10B680005501000000009AFC79FA98FDEA0350FF8A
:10B6900070044005A20203FC8900F4FF980000003A
:10B6A000000099FB79FA98FDE90350FF82033E05FB
:10B6B000A10203FC8900F4FF7B00000000009CFB5A
:10B6C00077FA95FDE90350FF7D033E05A20203FCD6
:10B6D0008900F4FF7C000000000019FC76FA92FD5E
:10B6E000E90351FF3E044005A50203FC8900F0FF79
:10B6F000DE000000000017FC73FA90FDE90350FF24
:10B7000041044205AA0203FC8900F0FF5B0100002E
:10B710000000ABFB6FFA8CFDE90351FF46044805BE
:10B72000AB0203FC8700F0FF5B0100000000AAFBF6
:10B730006FFA5AFDE90356FF47044905AC0203FCC2
:10B740008300F0FF5B0100000000A9FB72FA55FDC9
:10B75000E90350FF48044705AC0203FC8300F0FFF7
:10B760005B010000000002FC87FA36FDEB0372FF6C
:10B770005F033C05260207FC9D00F9FF84000000E2
:10B78000000002FC87FA36FDEB0372FF5F033C0505
:10B79000260207FC9D00F9FF84000000000002FC67
:10B7A00087FA36FDEB0378FF5D033E05260207FCB2
:10B7B0009D00FAFF85000000000002FC87FA36FDBC
:10B7C000EB0375FF24033F05260207FCA100FAFFE7
:10B7D00086000000000002FC87FA36FDEB036FFFD5
:10B7E00065023C05200206FCA600F9FF8800000067
:10B7F000000002FC87FA36FDEB031EFF86023B05C4
:10B80000200204FC1101F9FF8A000000000002FC84
:10B8100087FA36FDEB03DEFE46033C05200203FCFF
:10B820005F01F9FFEC000000000002FC87FA36FD22
:10B83000EB03CEFE41033E05210203FC6201F9FF4A
:10B8400038010000000002FC87FA36FDEB03D0FE51
:10B8500072023E05210203FC6201F8FFE1000000D4
:10B86000000002FC87FA36FDEB03DBFE7C023C05A0
:10B87000210203FC5A01EEFFA4000000000002FCBC
:10B8800087FA36FDEB034AFF2C033F05250203FC34
:10B890004801FBFFA7000000000002FC87FA36FD0C
:10B8A000EB039FFF5A033C05210203FC34011B00FC
:10B8B000A7000000000002FC87FA36FDEB039CFFA6
:10B8C000080310051F0203FC3901F5FFA700000063
:10B8D000000002FC87FA36FDEC030AFF6A0210053D
:10B8E000250203FC3C01EDFFA6000000000002FC65
:10B8F00087FA36FDEC03DEFECC023F05250203FC91
:10B900003601EDFFA7000000000002FC87FA36FDBB
:10B91000EC03DDFEAF033E05220203FC3501EDFF23
:10B92000A9000000000002FC87FA36FDEC03DCFEF3
:10B930002F033E05220206FC3301EDFFA7000000A5
:10B94000000002FC87FA36FDEC03DDFE60023C05D8
:10B95000200206FCEF00EDFFA6000000000002FC44
:10B9600087FA36FDED03DAFE04033B05200203FCF3
:10B970000001EDFFAC000000000002FC87FA36FD7C
:10B98000EC03DBFEB7033C05200203FC5C01EEFF89
:10B99000AF000000000002FC87FA36FDEC03E5FE74
:10B9A000B9033D05200204FC5A010B00AD00000064
:10B9B000000002FC87FA36FDEB03E7FE98033C0526
:10B9C000200205FC5A011300A9000000000002FC3F
:10B9D00087FA36FDEB0301FFD6023B05200205FC8A
:10B9E0005A01F7FFA8000000000002FC87FA36FDAC
:10B9F000EB0308FFD1023A051F0205FC4801EAFFEC
:10BA0000A9000000000002FC87FA36FDEB030AFFE4
:10BA1000A6033D05200206FCCC00F9FFAC000000A7
:10BA2000000002FC87FA36FDEB037CFFD1033F05E3
:10BA3000210206FCC9000C00A8000000000002FC66
:10BA400087FA36FDEC0361FFD1033E05210204FCB9
:10BA500001010D00A6000000000002FC87FA36FD7F
:10BA6000EC03F1FECE034005250203FC71010D003D
:10BA7000A6000000000002FC87FA36FDEC03F1FE90
:10BA8000B4034205280203FC71010D00A60000006A
:10BA9000000002FC87FA36FDEC03F1FEA703430524
:10BAA000290203FC71010D00A60000000000A7FCA4
:10BAB00075FA0AFDE70347FF81032B05230202FC09
:10BAC0001D01EFFFC00000000000A6FC75FA0AFD92
:10BAD000E70347FF81032B05230202FC1B01EFFF55
:10BAE000C00000000000A9FC75FA09FDF80344FF3E
:10BAF00081032C05230203FC1901EFFFBE000000A7
:10BB0000000007FD73FA09FD300441FF8203300590
:10BB1000230203FC1901EFFF3F000000000037FE85
:10BB200076FA12FDFB0341FF7C0330052302F3FB91
:10BB30001901F3FF070000000000E8FEE9FA13FD19
:10BB4000DF0346FF45032C052002B5FB1901180051
:10BB5000070000000000F1FEDBFB13FDF00340FFD7
:10BB600037021C051C02DBFB130135000800000036
:10BB70000000EFFE86FC11FD5D043FFF5E015304F3
:10BB80001C0214FC08013B00310000000000E7FE2D
:10BB90002CFC0AFD2F043FFF790042031C0200FC2D
:10BBA00008013B00D90000000000E6FE02FB10FD8A
:10BBB000E80341FF0100EC021F028FFB03013B0081
:10BBC0005F0100000000FDFE8FFB15FDEB0340FF51
:10BBD0001A00C3031E028FFB03013B005E0100003D
:10BBE00000008BFFB3FC14FD090440FF1201780430
:10BBF0001D02B2FB03013900480100000000A3FF51
:10BC0000BBFC0BFD600440FF9B01D4041C0206FC3E
:10BC100002012D008A000000000072FFD5FB0BFD21
:10BC20005F0440FF62019B041B0206FC020102004C
:10BC300074000000000004FF10FB0EFDFD0342FF36
:10BC40009300C0031B02C8FB0301DEFF7400000069
:10BC500000000BFFB6FA14FDE80347FF3600860329
:10BC60001B029BFB0701CFFF8B000000000048FF79
:10BC7000AEFB15FDF00346FF0801E3031C02A4FB25
:10BC80000901CFFF6C0100000000B0FFA6FC14FD0D
:10BC90004E0442FFF901CC041C02DBFB0501CFFF7F
:10BCA0009A0100000000CEFFC0FC0CFD580441FFCB
:10BCB000F101DA041C0206FC0201CFFF9901000029
:10BCC00000008EFF03FC0CFD540440FF17016A04C2
:10BCD0001B0206FC0101D0FF8D01000000002EFFB9
:10BCE00066FB0EFDE80342FF0A0071031B02FEFB28
:10BCF0000201D1FFEE000000000033FF2FFB14FD16
:10BD0000E80348FF300074031C02AAFB0101E2FFB4
:10BD1000CA000000000083FF34FC15FDE90348FF62
:10BD200024011A041C02AEFB01011100C90000002D
:10BD30000000BDFF05FD12FD190445FF2302B204FA
:10BD40001C02ECFB01012D00D10000000000B4FF3B
:10BD5000A6FC0CFD6C0441FFE601AA041C0202FCD7
:10BD600001013500EC000000000051FFF7FB0DFD64
:10BD70005F0441FF470146041B0202FCF20035004C
:10BD80008C0100000000FAFE1CFB0EFDE30347FFE0
:10BD9000620142041B02A7FBF1003500A60100006E
:10BDA000000090FEA6FA10FDE70349FF1C024A04BA
:10BDB0001C029BFBF2003300A2010000000041FEC8
:10BDC00082FA10FDF70348FFC402D3041C02A8FB4B
:10BDD000F3003100510100000000DAFD80FA0BFD94
:10BDE000670446FF72030F051C0207FCF3002100E5
:10BDF000C200000000002FFC81FA22FDED031FFFAE
:10BE000018043C05A102FDFBB900EBFF9200000005
:10BE100000002FFC7EFA22FDED031FFF19043C05F4
:10BE2000A102FDFBB900EBFF92000000000037FC0F
:10BE30007BFA1EFDED031FFF13044105A202FDFB6B
:10BE4000B900EAFF92000000000034FC8EFA22FDE7
:10BE5000ED031FFF04043A05A102FDFBB900ECFF4E
:10BE600092000000000027FC0BFB22FDED031FFFEA
:10BE700011043805A002FDFBB900F5FF9200000097
:10BE800000009AFB1CFB22FDED031DFF9E04FF0436
:10BE90009F02FDFBB9001800920000000000E8FAC4
:10BEA000CAFA21FDED0321FFF204EF049F02FDFB1E
:10BEB000B9005600920000000000CDFA9BFA23FD65
:10BEC000ED0322FFF3044B05A002FFFBB1007C0051
:10BED000920000000000CDFA9AFA24FDED0322FF43
:10BEE000F3044305A102FFFBB1007D0092000000B6
:10BEF00000000BFB8FFA23FDEC0321FFF504400546
:10BF0000A102FFFBB1005B009200000000004EFBAD
:10BF10007EFA22FDEF0321FFEE044005A102FFFBA4
:10BF2000B2000F008D0000000000F5FA81FA22FD3A
:10BF3000ED0320FF8E043F05A102FFFBB200C3FF0B
:10BF40008B000000000043FB80FA22FDEE0320FF7F
:10BF5000DA043F05A102FFFBB2009CFF8A0000004B
:10BF600000002AFB80FA22FDEF0320FFEE044005CB
:10BF7000A102FFFBB20099FF89000000000009FB4D
:10BF800082FA22FDEE031EFF9C044105A102FFFB85
:10BF9000B2009CFF3B000000000017FB82FA22FD6C
:10BFA000ED031EFF9F044105A102FFFBB200CFFF7E
:10BFB0002100000000006FFB82FA22FDED031EFF4E
:10BFC0009F044105A102FFFBB20017002100000001
:10BFD00000006CFB80FA22FDED031EFF9F0441056B
:10BFE000A102FFFBB2004C0022000000000071FB28
:10BFF00086FA22FDED031EFF9E043E05A102FFFB13
:10C00000B200570023000000000074FB9EFA23FDDD
:10C01000ED031EFF9C0433059E02FFFBB2004400AB
:10C0200021000000000075FBD4FA23FDED031EFF84
:10C030009B0416059E02FFFBB200040021000000D5
:10C04000000074FBD4FA23FDED031EFF9B041705CB
:10C050009E02FFFBB200CBFF21000000000074FB3A
:10C06000D4FA23FDED031EFF9B0417059E02FFFB80
:10C07000B200A4FF21000000000073FBD4FA23FDEE
:10C08000ED031EFF9B0418059E02FFFBB2009FFFFD
:10C0900022000000000072FBD5FA23FDED031EFF15
:10C0A0009C041F059F02FFFBB200C5FF2300000098
:10C0B000000071FBD5FA23FDED031EFF9C0436053D
:10C0C0009F02FFFBB200EEFF24000000000071FBA6
:10C0D000D4FA23FDED031EFF9C0436059F02FFFBEF
:10C0E000B200EEFF24000000000071FBD3FA23FD34
:10C0F000ED031FFF9C0437059F02FFFBB200EFFF1B
:10C100002400000000006CFBD3FA23FDED031FFFA9
:10C110009C0437059F02FFFBB200EFFF24000000E4
:10C1200000006CFBD4FA23FDED031FFF9C043505D2
:10C130009F02FFFBB200EFFF24000000000006FD9D
:10C1400084FAA3FDF003A9FE16033A05FF01FEFBE6
:10C15000E900FBFF67000000000006FD83FAA3FD75
:10C16000F003A9FE16033A05FF01FEFBE900FBFF01
:10C1700067000000000006FD82FAA2FDF003A8FEA1
:10C1800016033C05FF01FEFBE900FBFF6700000012
:10C1900000000EFD79FAA3FDF003A6FE0A033D059B
:10C1A000F901FFFBE900FBFF67000000000079FDDB
:10C1B00080FAACFDF003A3FE7C023705F701FFFB1C
:10C1C000E800FBFF9300000000003EFEBCFAAEFD5D
:10C1D000F003A3FE14020905DA01FFFBE800FBFFF0
:10C1E00097010000000003FF53FBB0FDDC03A3FE3A
:10C1F0006801BE04B90102FCE800FBFFC2010000B7
:10C200000000D3FF2FFC0CFEAD03A5FECF001E04E3
:10C21000AC0136FCE800FBFFC20100000000EFFFAC
:10C220005CFC34FE5303A8FE5D00B303AC0187FC45
:10C23000E800FCFFC20100000000F1FF66FC34FED4
:10C24000F302A8FE41007503AB01F3FCE800FCFF1C
:10C25000C20100000000F2FF8EFC35FED802A8FEED
:10C2600000001C03AB010AFDE800FBFFC201000057
:10C2700000000A00FBFC34FECD02A9FEFAFFF60224
:10C28000AB010CFDE800FBFFC201000000000A004A
:10C29000FAFC2EFECA02A9FEFAFFF702AB010CFD62
:10C2A000E800FBFFC201000000000A00FAFC2DFEBE
:10C2B000CE02A9FEFBFFF302AE010CFDE800FBFF7E
:10C2C000C201000000000900F6FC2AFED302A9FE0C
:10C2D000FDFFF902B20109FDE800FBFFC201000009
:10C2E0000000000078FC29FEF002A9FE0E00F90211
:10C2F000B30101FDE900FBFFC20100000000FFFFE8
:10C300005FFC29FE1C03A9FE3300FB02B401DFFC25
:10C31000E900FBFFC10100000000FEFF58FC24FE05
:10C320007203A9FE37001203B80181FCE900FBFF8C
:10C33000C10100000000FEFF37FCD4FDFD03A9FE93
:10C340005900A803CB01F6FBE800FBFFC101000088
:10C3500000004EFF8EFBCEFD0104A9FE2301240444
:10C36000CB01F1FBE800FCFFC1010000000081FEF1
:10C37000F0FACDFD0104A9FED501C704CC01F1FB03
:10C38000E800FBFF640100000000CCFDA3FACCFD37
:10C39000FF03A9FEB8023E05CC01F3FBE800FBFF5A
:10C3A000AD000000000028FD7EFACBFDFE03AAFED2
:10C3B00032034105CD01F4FBE800FBFF80000000E3
:10C3C0000000F6FC7CFACAFDF403AAFE86034305CE
:10C3D000CD01F8FBE800FBFF7F0000000000BDFC82
:10C3E0007CFACCFDED03AAFE99034305CD01FAFBCF
:10C3F000E900FBFF7E0000000000BCFC7EFACDFDE2
:10C40000EC03AAFE99034005CB01FAFBE900FBFF10
:10C410007F0000000000BCFC80FACEFDEC03A5FE0E
:10C4200099033F05CA01FAFBE900FBFF7F0000000A
:10C430000000BCFC80FACEFDEC03A4FE99033F058E
:10C44000CA01FAFBE900FBFF7F0000000000BCFC12
:10C4500080FACEFDEC03A4FE99033F05CA01FAFB66
:10C46000E900FBFF7F0000000000BCFC81FACEFD6C
:10C47000EC03A4FE99033F05CA01FAFBE900FBFFA8
:10C480007F00000000008BFCA3FA56FDEA032CFF9E
:10C49000C1033105860200FC0D0100002A010000E5
:10C4A00000008EFCA3FA55FDEA032CFFC103310501
:10C4B000860200FC0D0100002A0100000000A4FC1F
:10C4C000A2FA55FDEA0328FFB90334058A0200FCED
:10C4D0000D010000170100000000BDFDB0FA5DFD78
:10C4E000EA032AFF00033405860200FC0D01FFFF6A
:10C4F0004A000000000063FEDEFA5EFDEA032AFF48
:10C50000A2013105840200FC0D01FFFF3400000090
:10C51000000033FF7BFB5AFDEA0329FF7601330558
:10C52000840200FC0D01F2FF33000000000082FFD6
:10C530005CFB53FDE90329FF3A012A05820200FC56
:10C540000D01C6FF33000000000049FF9FFA53FDB4
:10C55000E9032BFFE600B004520200FC0D01BBFF13
:10C5600032000000000003FF85FA5DFDE9032BFFA8
:10C570005E007F04500200FC0D01CDFF3100000081
:10C5800000002BFF36FB5FFDE90329FF5A00CB04B7
:10C59000530200FC0D010500310000000000B1FF56
:10C5A000BEFB5CFDE90329FF13014105530200FCBA
:10C5B0000D011000320000000000C4FF9AFB53FD83
:10C5C000E90328FF0A013D054E0200FC0D010D00A4
:10C5D0002F000000000079FF1CFB53FDE90329FF39
:10C5E00081008B04380200FC0D01F0FF2F000000D9
:10C5F000000011FF86FA5AFDEA032AFF06005204E2
:10C600003A0200FC0D01E4FF2F00000000000FFFC4
:10C61000C4FA60FDEC0328FF160084043D0200FC10
:10C620000D01E5FF2F000000000050FFA4FB5FFD9F
:10C63000ED0328FFE0003B053D0200FC0D01050075
:10C640002F0000000000C6FFDEFB54FDEA0328FFB8
:10C6500021013705380200FC0D011A002E000000F0
:10C660000000ABFF7CFB54FDEA0328FFB700DF04AA
:10C67000360200FC0D010B002E000000000042FFFE
:10C68000E5FA54FDEA0328FFF8FF3004360200FC07
:10C690000D01ECFF2E00000000001CFFD4FA60FD2D
:10C6A000EC0328FF090063043C0200FC0D01E3FFDA
:10C6B0002E000000000056FF8FFB5FFDED0328FFFA
:10C6C000AA00D7043D0200FC0D01F5FF2E0000007A
:10C6D0000000C2FFADFB55FDEA0328FF76013F05D0
:10C6E0003A0200FC0D010F002D00000000009BFF2E
:10C6F0004AFB54FDEA0328FFBE001005350200FC8A
:10C700000D010B002D00000000000AFF81FA55FD0D
:10C71000EA0328FF0D001A04360200FC0D01F3FFA6
:10C720002D0000000000DCFE98FA5DFDEC0328FF00
:10C73000240091043D0200FC0D01EBFF2D000000E0
:10C740000000B9FED0FA5DFDEC0328FF20013A0598
:10C750003D0200FC0D01F6FF2F0000000000E3FD8C
:10C76000E4FA56FDEB0329FF4F023F053D0200FCB2
:10C770000D0109003100000000002DFDE2FA56FD18
:10C78000EA0329FF3C0340053E0200FC0D010900BD
:10C79000330000000000A9FC84FA59FDEA032DFFD4
:10C7A000CC0342053E0200FC0D01090035000000EB
:10C7B00000007AFC7CFA5CFDEA032DFFEE034405E1
:10C7C0003E0201FC0D0109006200000000004AFC6D
:10C7D00090FA41FEE60332FF830339059D0200FC17
:10C7E000E800F4FF2A00000000004AFC90FA41FE35
:10C7F000E6032AFF830339059D02FFFBF100F4FFE6
:10C800002A00000000004AFC90FA41FEE703D0FE37
:10C81000830339059D02FDFB4701F4FF2A00000058
:10C8200000004AFC90FA41FEE703B1FE830339059C
:10C830009D02FCFBC301F4FF2A00000000004AFC3B
:10C8400090FA41FEE603B2FE830338059D02FCFB2D
:10C85000CA01F4FF2A000000000049FC90FA41FEE2
:10C86000E603B1FE830338059D02FCFBCA01F4FF19
:10C870002A00000000005AFC88FA3DFEE603B1FEE3
:10C8800082033B05A202FCFBCA01F4FF2A00000060
:10C89000000020FD88FA3CFEE603B1FE7E033D0564
:10C8A000A402FCFBCA01F3FF2A0000000000FCFD0B
:10C8B00088FA3CFEE603B1FE7F033D05A402FCFBC3
:10C8C000CA01E0FF2A0000000000A9FE96FA44FE1B
:10C8D000E603B1FE81033E05A502FCFBCA01BBFFD6
:10C8E00029000000000023FF46FB45FEE603B1FEE1
:10C8F00081033E05A502FCFBCA019CFF2800000045
:10C9000000007CFF34FC3DFEE603B1FE81033E05E2
:10C91000A502FCFBCA0186FF210000000000D7FF32
:10C9200014FCD5FDE603B1FE81033E05A502FCFB28
:10C93000CA0183FFF9FF00000000D7FF68FB9BFDE1
:10C94000E603B1FE81033E05A502FCFBCA0183FF9D
:10C95000D4FF00000000D7FFADFB9EFDE603B1FE53
:10C9600081033E05A502FCFBCA0183FFD2FF000044
:10C970000000DAFFE4FC9BFDE603B1FE81033E0507
:10C98000A502FCFBCA0184FFD6FF00000000DBFF0C
:10C990008AFC93FDE503B2FE82033E05A502FCFB83
:10C9A000CA0184FFD8FF00000000DBFF9AFB9AFD5C
:10C9B000E503B2FE82033E05A502FCFBCA0184FF2B
:10C9C000170000000000DBFFDBFB9CFDE603B2FE6E
:10C9D00082033E05A502FCFBCA0184FF8A00000019
:10C9E0000000DBFF0BFD9BFDE603B2FE82033E056C
:10C9F000A502FCFBCA0183FF5C0000000000DCFF15
:10CA000038FD94FDE603B2FE82033E05A502FCFB61
:10CA1000CA0183FFCDFF00000000DBFF45FC96FD4F
:10CA2000E603B1FE82033E05A502FCFBCA0184FFBA
:10CA3000CDFF00000000D5FF98FB99FDE603B1FE95
:10CA400084033E05A502FCFBCA0186FFD5FF00005A
:10CA5000000027FF81FB99FDE603B1FE84033F053B
:10CA6000A602FCFBCA018EFFDBFF000000004CFEAB
:10CA700018FB93FDE603B1FE84033F05A602FCFB11
:10CA8000CA0197FFEAFF000000007EFDA5FA9AFDAB
:10CA9000E603B1FE81033F05A602FCFBCA01B0FF1D
:10CAA000FAFF00000000E9FC9DFA99FDE603B0FEE4
:10CAB00083033E05A502FCFBCA01E3FFFAFF000069
:10CAC00000008DFC9EFA99FDE603B0FE83033B0552
:10CAD000A402FCFBCA01F9FFF7FF000000008BFC79
:10CAE0009FFA99FDE603B7FE83033A05A402FCFB17
:10CAF000C901FCFFF7FF000000008BFC9FFA99FDC5
:10CB0000E603E4FE83033A05A402FDFB7701FCFF84
:10CB1000F7FF00000000EBFB9EFA09FE000073FF28
:10CB2000FF033C05310201009200F1FF61000000AB
:10CB30000000EBFB9EFA09FE00006DFFFF033C05C1
:10CB4000310201009300F1FF610000000000F0FBE2
:10CB50009EFA12FE000054FFFF033C052D02010067
:10CB6000D800F1FF610000000000F1FBA8FA14FEFC
:10CB700000000BFFFF033C05A90101009C01F1FF30
:10CB8000610000000000F1FBA8FA40FE0000C2FEB8
:10CB9000FF033E05CD000100A502F1FF610000008A
:10CBA0000000F1FB9EFAAFFE00007DFEFA033E0599
:10CBB000A2000300B803F1FF610000000000F0FBD9
:10CBC000A9FAB2FE000028FEFA033E05A000030009
:10CBD0006004F1FF610000000000ECFBA1FAB0FE70
:10CBE000000012FEFA033D05A00004003E05F1FF1F
:10CBF000610000000000ECFBA1FAB0FE00000DFE99
:10CC0000FA033C059F0003009C05F1FF6100000052
:10CC10000000EBFBA1FAB0FE0000F9FDFD033C05AE
:10CC20009F000200A105F1FF610000000000EBFB86
:10CC3000A1FAB0FE0100ABFD010439059C00010022
:10CC4000A005F1FF610000000000EBFBA1FAAFFEC0
:10CC50000100EDFD00043B059E0001009E05F1FF73
:10CC6000610000000000EBFBA0FAAFFE050013FE20
:10CC70001D0439059E0000009F05F1FF61000000C2
:10CC80000000EBFBA0FAAFFE470013FEA904390534
:10CC90009E00C5FFA005F1FF610000000000EBFB56
:10CCA0009FFAAFFE820018FEB8041A059E008EFFA0
:10CCB000A005F1FF610000000000EBFB9FFAAFFE52
:10CCC000B00019FEBA04D604A00068FFA005F1FF69
:10CCD000610000000000EBFB9FFAAFFEDF0019FED1
:10CCE0000E05CF049F0036FFA005F1FF6100000094
:10CCF0000000EBFB9FFAAFFE100119FE3205CE04D7
:10CD00009E0002FFA005F1FF610000000000EBFBA8
:10CD10009FFAAFFE450114FE2F05CD049E00CEFE06
:10CD2000A005F1FF610000000000EBFB9FFAAFFEE1
:10CD3000710112FE0105CD049E00A7FEA005F1FFC2
:10CD4000610000000000ECFB9FFAAFFEB00111FE95
:10CD5000D3047304A50064FE9F05F1FF6100000089
:10CD60000000ECFB9FFAAFFEB90111FE8E047104C6
:10CD7000A50059FE9F05F1FF610000000000ECFBDB
:10CD80009FFAAFFEE20111FE63046F04A60038FEB5
:10CD90009D05F1FF610000000000EBFBA1FAAFFE72
:10CDA000E30116FE5F046A04A60038FE9C05F1FF4D
:10CDB000610000000000EAFBA9FAB5FEE4010FFEE5
:10CDC0005E046E04A60036FE9C05F1FF61000000C3
:10CDD0000000EAFBA9FA50FFE4017AFD5D04740447
:10CDE000A70037FE9505F1FF610000000000EAFB97
:10CDF0009EFA0800E50156FC5D047204A70036FEA9
:10CE00001305F1FF610000000000EBFBA6FA010032
:10CE10001402AEFB5C047104A600F4FDA304F1FF50
:10CE2000610000000000F3FBA0FAFFFF1F027AFB85
:10CE30000B046D04A500D5FD7D04F1FF6100000029
:10CE40000000EFFBA0FAFCFF25028BFBE903710455
:10CE5000A500D4FD9004F1FF610000000000E9FB93
:10CE6000A7FAFCFF6302F0FBE8037104A500BEFD16
:10CE70007704F1FF610000000000FBFBA9FAFBFF53
:10CE8000070393FCE8037304A70017FD6403F1FF95
:10CE900061000000000082FCA9FAFBFF9A03F7FD85
:10CEA000B2037304A70085FC3302F1FF61000000A8
:10CEB0000000ADFCA9FAFBFFA80360FF3A0374046D
:10CEC000A70060FC0501F1FF610000000000A9FC63
:10CED000A9FAFBFFA20399FF3A03AF04A70060FC85
:10CEE0008A00F1FF610000000000ACFCA9FAFCFF21
:10CEF000A20388FF3A030405A20060FC8A00F1FF48
:10CF0000610000000000ACFCA8FAFEFFA20388FF4D
:10CF100039030405A40060FC8A00F1FF61000000F1
:10CF20000000ACFCA8FAFEFFA20388FF3903050548
:10CF3000A40060FC8A00F1FF610000000000ACFC6E
:10CF4000A7FAFEFFA20388FF38030605A40060FCD1
:10CF50008A00F1FF690000000000ACFCA7FAFEFFA8
:10CF6000A20388FF38030605A40060FC8A00F1FFD5
:10CF7000E70000000000ACFCA7FAFEFFA20388FF58
:10CF800039030705A40060FC8A00F1FFE8010000F6
:10CF90000000ACFCA6FAFEFFA30388FF39030705D7
:10CFA000A40060FC8A00F1FFD30100000000ACFC8B
:10CFB000A7FAFEFFA20388FF38030705A40060FC60
:10CFC0008A00F1FFD20100000000ACFCA7FAFEFFCE
:10CFD000A20388FF38030705A40060FC8A00F1FF64
:10CFE000D20100000000ACFCA7FAFEFFA30388FFFB
:10CFF00038030705A40060FC8A00F1FFD20100009D
:10D000000000ACFCA7FAFEFFA30388FF3803080565
:10D01000A40060FC8A00F1FFD20100000000ACFC1B
:10D02000A6FAFEFFA30388FF38030805A40060FCEE
:10D030008A00F1FFD20100000000ACFCA6FAFEFF5E
:10D04000A30388FF38030805A40060FC8A00F1FFF1
:10D05000D20100000000ACFCA6FAFEFFA30388FF8B
:10D0600038030805A40060FC8A00F1FFD20100002B
:10D070000000ACFCA5FAFEFFA50388FF38030805F5
:10D08000A4005FFC8A00F1FFD20100000000D2FB87
:10D0900083FAD7FD170065FF0C0435059502E3FF01
:10D0A0009F00F6FF3A0000000000D2FB83FAD7FD94
:10D0B000170065FF0C0435059502E2FF9F00F6FF9F
:10D0C0003A0000000000D2FB83FAD7FD170065FF8D
:10D0D0000C0435059502E2FF9F00F6FF3A000000C0
:10D0E0000000D2FB83FAD7FD170065FF0C0435055D
:10D0F0009502E2FFA000F6FF3A0000000000D2FB1C
:10D1000083FAD7FD17005AFF0C0435059502E1FF9D
:10D11000A600F6FF3A0000000000D2FB83FAD7FD1C
:10D12000170003FF0C0435059502E1FF1A01F6FF15
:10D130003A0000000000D2FB83FAD7FD170071FE11
:10D140000C0435059502E1FFBA01F6FF3A00000034
:10D150000000D2FB83FAD7FD1700FFFD0C04350554
:10D160009502E1FF8302F6FF3A0000000000D2FBC7
:10D1700083FAD7FD1800F5FD0C0435059502E0FF94
:10D18000B102F6FF3A0000000000D2FB83FAD7FD9F
:10D190001800E2FD0C0435059502E0FFBB02F6FF26
:10D1A0003A0000000000D2FB83FAD7FD1D00C4FC4A
:10D1B0000C0435059502DFFF0903F6FF3A00000075
:10D1C0000000D2FB83FAD7FD1F00D3FB0C0435050A
:10D1D0009502DFFFB703F6FF3A0000000000D1FB25
:10D1E00083FAD7FD1F005AFB0C0435059502DFFFBB
:10D1F0006704F6FF3A0000000000D2FB83FAD7FD77
:10D20000180078FB0C0435059502E1FF9E04F6FF3B
:10D210003A0000000000D2FB83FAD7FD180079FB2A
:10D220000C0435059502E4FFAC04F6FF3A0000005B
:10D230000000D2FB83FAD7FD1E0073FB0C043505FA
:10D240009502DFFFAF04F6FF3A0000000000D2FBBA
:10D2500083FAD7FD64006CFB0C043505950268FF6A
:10D26000B704F6FF3A0000000000D2FB83FAD7FDB6
:10D2700009010DFB0C04350595028AFEEA04F6FF50
:10D280003A0000000000D2FB83FAD7FD3B01FEFA12
:10D290000C043505950274FEEA04F6FF3A0000001E
:10D2A0000000D2FB83FAD7FD4A01F7FA0C043505DA
:10D2B000950257FEEE04F6FF3A0000000000D2FB94
:10D2C00083FAD7FD3402FDFA0C043505950233FDCF
:10D2D000EE04F6FF3A0000000000D2FB83FAD7FD0F
:10D2E000150300FB0C043505950212FCE704F6FF5C
:10D2F0003A0000000000D2FB83FAD7FD7403FFFA66
:10D300000C0435059502CDFBE904F6FF3A00000058
:10D310000000D2FB83FAD7FD7A0302FB0C0435052B
:10D320009502CDFBE404F6FF3A0000000000D2FBBA
:10D3300083FAD7FDDA03AEFB0C0435059502CAFB70
:10D340001104F6FF3A0000000000D2FB83FAD7FD7B
:10D350000B04C7FC0C0435059502C9FBC202F6FF9D
:10D360003A0000000000D2FB83FAD7FDEB03B6FDC4
:10D370000C0435059502CCFBE001F6FF3A000000F5
:10D380000000D2FB83FAD7FDEA038FFE0C043505BB
:10D390009502F1FB4D01F6FF3A0000000000D2FBC0
:10D3A00083FAD7FDEA034CFF0A0437059502F6FB22
:10D3B000BC00F6FF3A0000000000D2FB7DFAD2FD6F
:10D3C000E9038BFF060438059602F8FB7800F6FFA8
:10D3D0003A0000000000D2FB7FFAD2FDE8038CFF88
:10D3E000070435059602F8FB7700F6FF3A000000C7
:10D3F0000000D2FB7FFAD3FDE9038AFF090434055C
:10D400009502F8FB7700F6FF3A0000000000D1FB20
:10D4100082FAD5FDE80392FF0B0434059502F8FB70
:10D420007500F6FF3A0000000000D5FB7EFAD4FD3F
:10D43000E803E9FF0E0436059502F8FB4200F6FF0B
:10D440003A0000000000DCFB7EFAD5FDE803EEFFA9
:10D450001A0436059502F8FB3D00F6FF3A0000007D
:10D460000000F1FB7CFAA9FD05006AFF700440058D
:10D470006602F4FFA100F9FF590000000000F6FB6E
:10D480007BFAAAFD04006AFF710440056602F4FFFE
:10D49000A100F9FF59000000000004FC7BFAAAFD7E
:10D4A00003006BFF6D0440056602F7FFA100F9FF62
:10D4B000590000000000DFFC7DFAB0FD01006BFFA9
:10D4C000EF033F056102F8FFA100F9FF59000000DA
:10D4D0000000D3FD7DFAB1FD02006BFF89023F051C
:10D4E0005F02F7FFA100F9FF5900000000005FFE96
:10D4F00077FAA9FD02006BFF700141056702F7FF93
:10D50000A100F9FF590000000000A9FE75FA7FFD97
:10D5100002006BFF480145057402F7FFA100F9FF07
:10D52000590000000000A9FE75FAECFC02006BFF38
:10D53000480145051103F7FFA100F9FF590000005C
:10D540000000A9FE7FFAECFC03006BFF42013E05E0
:10D550004403F6FFA100F9FF590000000000ACFEF3
:10D56000E9FA2CFD03006BFF3D01C404A702F6FF9E
:10D57000A100F9FF590000000000AFFEF8FBE3FD39
:10D5800003006BFFC5001604BA01F6FFA100F9FF06
:10D59000590000000000B0FE56FC31FE03006AFF97
:10D5A0009600DD035201F5FFA100F9FF59000000CC
:10D5B0000000CDFE5CFC31FE03006AFF9600D9033B
:10D5C0005101F5FFA100F9FF590000000000CCFE59
:10D5D0004FFC28FE04006AFF9800DB035401F3FFB0
:10D5E000A100F9FF590000000000C5FE9EFB28FEC7
:10D5F00006006AFFD400E0035701EFFFA100F9FF26
:10D6000059000000000079FE09FB28FE06006AFFB1
:10D610007201E1035901EFFFA100F9FF5900000079
:10D620000000D8FD79FA28FE06006AFF21020104F5
:10D630005A01EFFFA100F9FF59000000000055FD5D
:10D6400074FA26FE06006AFFFF02CF045901EFFFBD
:10D65000A100F9FF5900000000000DFD73FA1CFE47
:10D6600005006BFF090442055901EFFFA100F9FF16
:10D67000590000000000DFFC74FA94FD05006BFF08
:10D680009D0443055901F1FFA100F9FF5900000075
:10D690000000A1FC73FA71FD04006BFFAB044405AC
:10D6A0005B01F4FFA100F9FF59000000000083FCBA
:10D6B00073FA70FD04006BFFAC0445055C01F5FFD7
:10D6C000A100F9FF59000000000024FC72FA6FFD70
:10D6D00004006BFFAC0446057D01F6FFA100F9FFD5
:10D6E000590000000000EBFB77FA71FD03006BFFAF
:10D6F000AB044405FC01F6FFA100F9FF590000004E
:10D700000000E9FB79FA72FD04006BFFAB044305EE
:10D710000002F6FFA100F9FF590000000000E9FB3C
:10D7200079FA72FD04006BFFAB0443050002F6FFBB
:10D73000A100F9FF590000000000E9FB79FA72FD31
:10D7400004006BFFAB0443050002F6FFA100F9FFE4
:10D75000590000000000E9FB79FA72FD04006BFF3C
:10D76000AB0443050002F6FFA100F9FF59000000D9
:10D770000000E9FB79FA72FD04006BFFAB0443057E
:10D780000002F6FFA100F9FF590000000000E9FBCC
:10D7900079FA72FD04006BFFAB0443050002F6FF4B
:10D7A000A100F9FF590000000000B2FB7AFA67FD02
:10D7B00003006BFF6D043E051203F1FFA100EEFFB5
:10D7C000080000000000B2FB7AFA67FD03006BFF5F
:10D7D0006D043E051203F1FFA100EEFF08000000FA
:10D7E0000000BCFB78FA66FD03006CFF6A043E058E
:10D7F0001203F1FFA100EEFF0800000000006AFC28
:10D8000079FA66FD01006CFF0B043E051203F6FF7A
:10D81000A100EEFF080000000000B7FD79FA6CFDE2
:10D8200002006BFF96023E051203F3FFA100EEFF1C
:10D8300008000000000083FE74FA66FD03006BFF21
:10D84000A30141051303F3FFA100EEFF0800000050
:10D850000000CDFE72FA64FD03006CFF6001430519
:10D860001503F3FFA100EEFF080000000000CBFE4F
:10D8700078FA66FD03006BFF630140051503F2FFB4
:10D88000A100EEFF0A0000000000C8FE74FA65FD6A
:10D8900003006BFF650141051603F2FFA100EEFFD7
:10D8A0000C0000000000D2FE7BFA7EFD02006BFF40
:10D8B0005C013D05FD02F5FFA100EEFF0E0000003A
:10D8C0000000D4FEB2FA84FE01006BFF2E01320587
:10D8D0003402F7FFA100EEFFC8000000000003FFC4
:10D8E00009FB92FF03006AFFE000C504F400F2FFA9
:10D8F000A100EEFFAC010000000012FF9AFBDCFF6C
:10D9000002006BFFE00014042000F4FFA100EEFF12
:10D91000B2010000000012FFE3FBDCFF02006BFF1E
:10D92000E0007303FCFFF6FFA100EEFFB50100006D
:10D93000000011FFDEFBDDFF01006BFFDE00520384
:10D94000FEFFF6FFA100EEFFB3010000000011FF93
:10D95000D8FBDBFF02006BFFE0005303FEFFF5FF87
:10D96000A100EEFFB001000000000AFF49FBC7FF65
:10D9700004006CFFE50055030200F1FFA100EEFF7B
:10D980009A0100000000E8FEC6FAB0FF0B006CFF31
:10D99000170156037E00EFFFA100EEFFCD0000004F
:10D9A000000053FE6FFA96FF0A006CFF080257034F
:10D9B000E001EFFFA100EDFF64000000000003FEA6
:10D9C00071FA1FFE0A006CFF0D03CF030B03EFFF7C
:10D9D000A100EFFF43000000000083FD72FA37FD55
:10D9E0000B006CFF3D0496045203EFFFA100FBFF08
:10D9F000440000000000B6FC72FA37FD0C006CFF1A
:10DA0000A50400055103EFFFA100FCFF4300000047
:10DA1000000006FC72FA37FD09006CFFA604090538
:10DA20005103F0FFA100E4FF440000000000FFFBF1
:10DA300073FA37FD09006CFFA60408055203F0FFD6
:10DA4000A100F2FF440000000000FFFB73FA37FD65
:10DA500009006CFFA60407055203F0FFA100F9FFBF
:10DA6000440000000000FFFB74FA37FD09006CFF62
:10DA7000A60407055203F0FFA100F8FF45000000CF
:10DA80000000FFFB74FA37FD08006BFFA6040705D2
:10DA90005203F0FFA100F9FF450000000000FFFB6A
:10DAA00074FA37FD08006BFFA60407055203F0FF68
:10DAB000A100F9FF450000000000FFFB74FA37FDEC
:10DAC00008006BFFA60407055203F0FFA100F9FF51
:10DAD000450000000000FFFB74FA37FD08006BFFF3
:10DAE000A60407055203F0FFA100F9FF450000005E
:10DAF000000098FB7CFA8EFD0A0067FFE3013F03FC
:10DB00002902F9FF9B00FFFFAF000000000098FB17
:10DB10007CFA8EFD0A0067FFE3013F032902F9FF4B
:10DB20009B00FFFFAE000000000098FB7CFA8EFD1A
:10DB30000A0067FFE3013F032902F9FF9B00FFFF93
:10DB4000A8000000000098FB7CFA8EFD0A0067FF29
:10DB5000E3013F032902F9FF9B00FEFFA000000044
:10DB6000000098FB7CFA8EFD0A0067FFE3013F038B
:10DB70002902F9FF9B00FFFF3F000000000098FB17
:10DB80007CFA8EFD0A0067FFE3013F032902F9FFDB
:10DB90009B00FFFF3B000000000098FB7CFA8EFD1D
:10DBA0000A0067FFE3013F032902F9FF9B00FFFF23
:10DBB0003C000000000098FB7CFA8EFD0A0067FF25
:10DBC000E3013F032902F9FF9B00FFFF3C00000037
:10DBD000000098FB7CFA8EFD0A0067FFE301420318
:10DBE0002902F9FF9B00FFFF3C000000000098FBAA
:10DBF0007CFA8EFD0A0067FFE50144032B02F9FF62
:10DC00009B00FFFF3C000000000098FB7CFA8EFDAB
:10DC10000C0067FFEB0146032F02F5FF9B00FFFF9F
:10DC20003C000000000098FB7CFA8EFD230067FF9B
:10DC3000560271033102E7FF9B00FFFF3C0000002A
:10DC4000000098FB7CFA8EFD5D0067FFFE02F50385
:10DC50003102A4FF9B00FFFF3C000000000098FB86
:10DC60007CFA8EFDBE0067FF5003450431024BFF76
:10DC70009B00FFFF3C000000000098FB7CFA8EFD3B
:10DC80001B0167FF9A03AB043002E2FE9C00FFFF1A
:10DC90003C000000000098FB7CFA8EFD670166FFE7
:10DCA000040403052F02A0FE9C00FFFF3C000000BF
:10DCB000000098FB7CFA8EFD8B0166FF17043B0584
:10DCC0002E0279FE9C00FFFF3C000000000098FB44
:10DCD0007CFA8EFDA80166FF17043C052E025CFE4F
:10DCE0009C00FFFF3C000000000098FB7CFA8EFDCA
:10DCF000A50166FF0E043B05290260FE9C00FFFFA4
:10DD00003C000000000098FB7CFA8EFD730165FF6B
:10DD1000C3033A05280266FE9A00FFFF3C0000009C
:10DD2000000098FB7CFA8EFD3D0166FFB9033A05C1
:10DD30002802B7FE9A00FFFF3C000000000098FB9D
:10DD40007CFA8EFDA90066FFBE03390528024CFF50
:10DD50009B00FEFF3C000000000098FB7CFA8EFD5B
:10DD60003A0067FFD30339052802B9FF9B00FEFF85
:10DD70003C000000000098FB7CFA8EFD080067FF65
:10DD800071043A052802F1FF9B00FEFF3C000000F1
:10DD9000000098FB7CFA8EFD070067FFCB043B0573
:10DDA0002B02F7FF9B00FEFF3C000000000098FBE9
:10DDB0007CFA8EFD070067FF26053B052B02F7FF67
:10DDC0009C00FEFF3C000000000098FB7CFA8EFDEA
:10DDD000070067FF2A053B052B02F6FF9C00FEFFAC
:10DDE0003C000000000098FB7CFA8EFD070067FFF6
:10DDF0002A053B052B02F5FF9C00FEFF3C000000BE
:10DE0000000098FB7CFA8EFD070067FF2B053B05A1
:10DE10002B02F3FF9C00FEFF3C000000000098FB7B
:10DE20007CFA8EFD080067FF2B053B052B02F2FFF5
:10DE30009C00FEFF3C000000000063FAF8FB1CFCA5
:10DE4000180070FFF3043A049A02EFFFA000F7FFF6
:10DE500075000000000063FAF8FB1CFC180071FF5D
:10DE6000F3043B049A02EFFFA000F7FF75000000E7
:10DE7000000063FAF8FB1CFC180076FFF4048B0426
:10DE80009A02EFFFA800F7FF75000000000063FA98
:10DE9000F8FB1CFC1B007DFF2505E4049A02EFFF44
:10DEA0001501F7FF75000000000063FAF8FB1CFC89
:10DEB0001900B7FF4205BA049A02EFFF1C01F7FFF1
:10DEC00075000000000063FAF8FB1CFC18000FFF4F
:10DED00058050A049A02F0FF8900F7FF7500000058
:10DEE000000063FAF8FB1CFC0A0025FFD8055A0362
:10DEF0009A02EFFFA700F7FF75000000000063FA29
:10DF0000F8FB1CFC0100C6FF7C0588029A02F0FFAA
:10DF10003101F7FF75000000000063FAF8FB1CFCFC
:10DF20000500BCFF660438029A02F2FF2B01F7FFDE
:10DF300075000000000063FAF8FB1CFC0600F9FE07
:10DF400013048802A302F0FF8000F7FF75000000B1
:10DF5000000063FAF8FB1CFC060022FF1A04E00331
:10DF6000A002EFFF9D00F7FF75000000000063FABC
:10DF7000F8FB1CFC0700C8FF7704B0049B02EFFF0E
:10DF80003D01F7FF75000000000063FAF8FB1CFC80
:10DF90000600BEFFCB05A9049902F4FF3201F7FF8A
:10DFA00075000000000063FAF8FB1CFC020009FF8A
:10DFB000D705B1039902F1FF7800F7FF7500000063
:10DFC000000063FAF8FB1CFC010003FFA105AB0293
:10DFD0009902F1FF8300F7FF75000000000063FA6B
:10DFE000F8FB1CFC0600A5FF350486029A02F1FF2F
:10DFF0003301F7FF75000000000063FAF8FB1CFC1A
:10E0000032009CFFA403AC029F02EEFF3801F7FF31
:10E0100075000000000063FAF8FB1CFC3B00FBFEEF
:10E02000A503AC039B02CEFF9D00F7FF7500000027
:10E03000000063FAF8FB1CFC440010FFDE037504CB
:10E040009A02B6FFB100F7FF75000000000063FA06
:10E05000F8FB1CFC3D00CFFF29057A049A02B6FFAD
:10E060002D01F7FF75000000000063FAF8FB1CFCAF
:10E070003C00CCFFD9052E049902BCFF5601F7FFE6
:10E0800075000000000063FAF8FB1CFC300001FF83
:10E09000D50513039902BBFF9400F7FF750000003C
:10E0A000000063FAF8FB1CFC0300D2FEF404A30298
:10E0B0009A02BEFF8800F7FF75000000000063FAB7
:10E0C000F8FB1CFC29007EFFBC03A7029D02BEFFDB
:10E0D0000601F7FF75000000000063FAF8FB1CFC66
:10E0E0005A0078FF90034C03A102B8FF3301F7FFF9
:10E0F00075000000000063FAF8FB1CFC5500BCFE34
:10E100009D034D049A02B5FF9600F7FF75000000CD
:10E11000000063FAF8FB1CFC5400DBFE2D049E0497
:10E120009A02B5FFBC00F7FF75000000000063FA1B
:10E13000F8FB1CFC5900B7FFB404D8049B02B9FFDC
:10E140006301F7FF75000000000063FAF8FB1CFC98
:10E150005500B6FF2B05E7049B02BCFF7601F7FFD5
:10E1600075000000000063FAF8FB1CFC520062FF1F
:10E170006105E7049B02BEFFD400F7FF75000000B5
:10E18000000082FE11FD45FF06006CFF0D053C05F9
:10E19000A102F1FFA000F2FF57000000000082FE84
:10E1A00011FD45FF06006DFF0D053C05A102F1FFC5
:10E1B000A000F1FF57000000000082FE11FD45FFA6
:10E1C00006006FFF0D053C05A102F1FFA800DFFF6F
:10E1D00055000000000082FE11FD45FF09008FFF81
:10E1E0000D053C05A102F0FF0401DBFF500000001B
:10E1F000000082FE11FD46FF0C009FFF0D053C054F
:10E20000A102EDFFF400EDFF4F000000000082FED0
:10E2100011FD46FF0C0018FF0D053C05A102EAFFA9
:10E220004C0008003F000000000082FE11FD46FF88
:10E230001E0041FF0D053C05A102E9FF5700220029
:10E2400049000000000082FE11FD46FF2100BCFFD6
:10E250000D053C05A102E9FF0E012700F2000000B8
:10E26000000082FE11FD46FF1B00BBFF0D053C05B3
:10E27000A102E2FFFC000B00B0010000000082FEE2
:10E2800011FD46FF1D00B9FF0D053C05A10274FFFD
:10E290009400D1FFB0010000000082FE11FD46FF96
:10E2A0007700ACFF0D053C05A10276FFA000A9FF99
:10E2B00052010000000082FE11FD46FFEF00B1FF99
:10E2C0000D053C05A1027EFFCB00B7FFA6000000B4
:10E2D000000082FE11FD46FF7E00A7FF0D053C05F4
:10E2E000A10260FFC500DDFFA0000000000082FE6B
:10E2F00011FD46FF6B0074FF0D053C05A1023BFFBD
:10E30000A0000300A0000000000082FE11FD46FFF7
:10E31000A7008AFF0D053C05A1025CFF1301240044
:10E32000A9000000000082FE11FD46FFBD00F7FFBE
:10E330000D053C05A10285FF24013D0030010000D0
:10E34000000082FE11FD46FF86009AFF0D053C0588
:10E35000A10281FFE7004000A9010000000082FE49
:10E3600011FD46FF81001FFF0D053C05A10264FF62
:10E370004D003D0098010000000082FE11FD46FFA7
:10E38000820092FF0D053C05A10266FFAD0016005C
:10E39000A1000000000082FE11FD46FF8400F5FF91
:10E3A0000D053C05A1026DFF3D01E1FF720000007B
:10E3B000000082FE11FD46FF82008DFF0D053C0529
:10E3C000A1026DFFAC00BAFF77000000000082FEE2
:10E3D00011FD46FF7B001BFF0D053C05A1026BFFF5
:10E3E0005000B3FF3E010000000082FE11FD46FF19
:10E3F000820083FF0D053C05A1026AFFB100B3FF57
:10E40000C0010000000082FE11FD46FF8300C6FF30
:10E410000D053C05A1026EFF3101B5FF780100003A
:10E42000000082FE0FFD44FF79002EFF0D053C0524
:10E43000A1026BFF9B00D8FFBE000000000082FE1F
:10E4400011FD46FF6F00C8FE0D053C05A1026BFFE4
:10E450003C00040091000000000082FE10FD45FF1A
:10E4600074007DFF0D053C05A1026DFF99002D0094
:10E47000A9000000000082FE11FD46FF740093FF1A
:10E480000D053C05A1026EFFC500380064010000C7
:10E49000000082FE11FD46FF730092FF0D053B0553
:10E4A000A1026EFF99003700BA010000000082FE51
:10E4B00011FD46FF760076FF0D053B05A1026EFFBC
:10E4C00099003500AC0100000000A0FAADFA16FE7C
:10E4D0002D0067FF1905ED043602C8FF9C00ECFF14
:10E4E000C00000000000BBFAA8FA16FE2B0067FF70
:10E4F0001C05EC043602C9FF9600ECFFC0000000CA
:10E50000000032FB7FFA15FE2C0071FF1E05BC04D3
:10E510003502C8FF9D00ECFFBC0000000000D1FAEE
:10E5200080FA16FE2E00A2FF1E05AB043C02C8FFB7
:10E53000BC00ECFFBC0000000000C1FAB9FA1BFEF1
:10E540003C0002001E05E7043C02C5FF3501ECFF5C
:10E55000BB0000000000C9FA5CFB17FE4400FDFF91
:10E560001E051E053C02C3FF3201E4FFC00000008F
:10E570000000CAFAC3FB17FE4600D5FF1E052C0596
:10E580003D02C3FFC600BDFFEB000000000011FB11
:10E590004CFC15FE4300F5FE1E053A053B02C3FF89
:10E5A0006E00AEFFD0010000000024FBDCFB14FE77
:10E5B0004600E6FE200506053502C1FF4600AEFF17
:10E5C000BA010000000002FB6DFB14FE48004CFF86
:10E5D00020056D043502C1FF4800B5FF460100006B
:10E5E0000000A6FADDFA14FE3D008EFF1D059A0319
:10E5F0003502C1FF9200E2FFA20000000000A8FA6D
:10E60000A6FA13FE3C00B7FF1805BC023502CAFF8C
:10E61000E3001F00DF0000000000A8FAA3FA13FEC9
:10E620003C00B9FF170536023502CAFFE10034008D
:10E63000A20100000000AAFAA1FAF8FD3C0062FF66
:10E640001A0536023D02C9FF82003500BA010000FA
:10E650000000A3FAABFAE5FD410013FF1C051F0300
:10E660003D02C6FFFEFF3300A2010000000091FA48
:10E67000BFFAE9FD4000FBFE1D05F9033D02C4FFA2
:10E6800000001600BF000000000081FA4BFBEAFD0D
:10E69000350047FF1E059D043D02C4FF0800DDFF55
:10E6A000A70000000000C4FAE9FBEAFD320093FF76
:10E6B0001F052B053D02C4FF5200B6FF50010000AC
:10E6C00000001FFB3BFCEAFD460007002005350566
:10E6D0003C02C6FFE300B5FFC2010000000031FBB1
:10E6E00039FCE5FD46000400320531053502C4FF62
:10E6F000E300B5FFC0010000000004FBDEFBE4FD09
:10E700004600F5FF3B05AA043502C3FFC900B7FF69
:10E71000650100000000C1FA59FBE4FD3D0053FF14
:10E720003B05F6033502C3FF8A00D2FFA0000000BC
:10E7300000009CFAE9FAE4FD3D0043FF36052F0393
:10E740003502C3FF71000100A1000000000091FA32
:10E75000BAFAE3FD3C00F9FE3605B5023502C5FF05
:10E760000A002200A7000000000090FABAFAE3FDB8
:10E770002700EFFE35058C023502C5FF000024009E
:10E780004E01000000007EFAC2FAE7FD2800FCFE00
:10E790003505D7023B02C4FF02002400A00100009F
:10E7A00000007CFAF5FAEAFD2D007AFF3A05BC0379
:10E7B0003B02C4FF270011007B01000000007BFA30
:10E7C00044FBEAFD2B008BFF3B0546043B02C4FFE4
:10E7D0009D00D1FFE100000000007CFA5BFBE8FD3A
:10E7E0002D00EBFF3E059B043B02C4FFB800ADFFCC
:10E7F0005701000000007CFA2EFBE3FD2E00F8FF1D
:10E800005705F4043C02C6FFAF00ABFFBA0100009D
:10E810000000F3FA78FAE0FD33006DFF5B04F104C9
:10E820009802C9FF9D00F0FFB70000000000F3FA56
:10E8300078FAE0FD33006DFF5B04F1049802C9FF34
:10E840009D00F0FFB70000000000F2FA78FAE1FD49
:10E8500033006DFF5904ED049602C9FF9D00F0FFDF
:10E86000B70000000000F1FA7BFAE1FD32006DFF15
:10E870005604EA047702C9FF9D00F0FFB7000000CC
:10E880000000F1FA7BFAE1FD32006EFF5504F0045E
:10E890008601C9FF9D00F0FFB70000000000DDFA0F
:10E8A0007BFAE1FD31006EFF4204F3048C00CBFFE4
:10E8B0009D00F0FFB70000000000CBFA7BFAE1FDFD
:10E8C00030006EFF7103F4044D00CDFF9C00F0FF9B
:10E8D000B70000000000C9FA7BFAE1FD2C006EFFD2
:10E8E000B202F3044B00CFFF9C00F0FFB700000022
:10E8F0000000C4FA7BFAE1FD35006CFF7E02F204F1
:10E900004900C8FF9E00F0FFB70000000000C4FAF5
:10E910007BFAE0FD5D006CFFD802F4044E00A3FF1B
:10E920009E00F0FFB70000000000C3FA7BFAE0FD94
:10E9300067006CFFBF02F404500097FF9E00F0FFD9
:10E94000B70000000000C2FA7BFAE0FD6A006CFF2D
:10E950000202F3044B0096FF9E00F0FFB700000098
:10E960000000C3FA7BFAE0FD6E006BFF8D02F2043B
:10E970004D008FFF9E00F0FFB70000000000C3FABB
:10E980007BFAE0FD6D006CFFF002F30450008FFF96
:10E990009E00F0FFB70000000000C2FA7BFAE0FD25
:10E9A00067006CFF6E02F2044B0096FF9E00F0FFC2
:10E9B000B70000000000C4FA7BFAE0FD6C006CFFB9
:10E9C0005E02F2044A0090FF9E00F0FFB7000000D4
:10E9D0000000C6FA7BFAE0FD6C006CFFFE02F40456
:10E9E000510090FF9E00F0FFB70000000000C4FA45
:10E9F0007BFAE0FD65006CFFF702F304500097FF1F
:10EA00009D00F0FFB70000000000C3FA7BFAE0FDB4
:10EA100064006CFF5D02F2044B0097FF9D00F0FF65
:10EA2000B70000000000CAFA7BFAE0FD66006CFF48
:10EA30006E02F2044C0097FF9D00F0FFB70000004B
:10EA40000000CBFA7BFAE2FD65006DFF0303F904D9
:10EA5000520097FF9D00F0FFB70000000000CCFAC5
:10EA60007BFAE2FD65006DFF5F034105530097FFF0
:10EA70009C00F0FFB70000000000CDFA7BFAE2FD39
:10EA800064006DFFE1034005AD0097FF9C00F0FFBF
:10EA9000B70000000000CDFA7BFAE2FD64006DFFD4
:10EAA000350440053C0197FF9C00F0FFB7000000D3
:10EAB0000000CDFA7BFAE2FD64006DFF7E044005A4
:10EAC000BE0197FF9C00F0FFB70000000000E4FAD1
:10EAD0007BFAE1FD52006DFFAB044005070299FF90
:10EAE0009A00F0FFB7000000000000FB7BFAE1FD98
:10EAF00004006CFFAB0441050A02DDFF9900F0FF42
:10EB0000B70000000000FFFA7BFAE0FDFEFF6DFF9A
:10EB1000B00441050A02F2FF9900F0FFB7000000BF
:10EB20000000FEFA7BFAE0FDFEFF6DFFC90441051F
:10EB30000A02F2FF9900F0FFB70000000000FEFAA1
:10EB40007BFAE0FDFFFF6DFFF50440050802F2FFD0
:10EB50009900F0FFB700000000008BFA51FBDEFCCB
:10EB60002B006DFF37059504AD03DCFF9C00F0FF23
:10EB70005F00000000008BFA4EFBDEFC2B006DFFF7
:10EB800037059504AD03DCFF9C00F0FF5F0000003B
:10EB900000008AFA4DFBDFFC2A006DFF37059A045E
:10EBA000AD03DCFF9D00F0FF5F000000000098FA5D
:10EBB0004CFBE3FC29006DFF34059A04AC03DCFF39
:10EBC0009D00F0FF5F000000000085FB49FBE4FCB6
:10EBD00015006EFF2F059B04AA03E5FF9C00F0FFC4
:10EBE0005F0000000000C0FBE9FAE5FC15006EFFC5
:10EBF0008D049D049F03E5FF9C00F0FF5F00000073
:10EC000000001EFC8BFA06FD16006DFFD503B8044C
:10EC10003003E5FF9C00F0FF5F0000000000AFFC48
:10EC20007EFA37FD16006DFF88034605B102E5FF49
:10EC30009C00F0FF5F000000000048FD7EFA38FDF8
:10EC400016006DFFB10241059402E5FF9C00F0FF44
:10EC50005F000000000086FD7EFA34FD16006DFFA7
:10EC6000170241059502E5FF9C00F0FF5F000000E0
:10EC7000000060FD7EFA30FD2C006CFF640241054F
:10EC80009502DBFF9C00F0FF5F0000000000A7FC86
:10EC90007EFA30FD34006DFF050341059602DAFF70
:10ECA0009D00F0FF5F0000000000B0FC7EFA36FD22
:10ECB0002A006DFF400342059602E0FF9C00F0FF32
:10ECC0005F00000000005EFD7FFA37FD10006DFF61
:10ECD000560242059602E6FF9C00F0FF5F0000002E
:10ECE000000085FD80FA36FD14006CFF52023F05DE
:10ECF0009602E0FF9C00F0FF5F0000000000F3FCC4
:10ED00007FFA31FD2C006DFF300340059602DBFFDA
:10ED10009C00F0FF5F0000000000A7FC7DFA30FDC2
:10ED200027006DFF690342059602E0FF9C00F0FF9B
:10ED30005F000000000040FD7AFA32FD04006DFF24
:10ED4000D30242059602E8FF9C00F0FF5F0000003E
:10ED5000000097FD7AFA30FD06006CFF4002400586
:10ED60009602E6FF9C00F0FF5F00000000001CFD23
:10ED70007BFA30FD42006CFFE3023F059602CAFFBA
:10ED80009B00F0FF5F0000000000DFFC7AFA2EFD20
:10ED900049006DFF1B0341059602BBFF9B00F0FF7E
:10EDA0005F0000000000B4FC7AFA2EFD4B006DFFFE
:10EDB000630340059602B7FF9C00F0FF5F00000070
:10EDC000000013FD7AFA30FD14006DFF2F0341059A
:10EDD0009602D4FF9D00F0FF5F00000000008DFD53
:10EDE0007AFA30FD0A006DFF330240059602E9FF12
:10EDF0009C00F0FF5F0000000000ECFC7AFA2EFDA2
:10EE00000C006DFFEA023E059602E7FF9A00F0FF54
:10EE10005F000000000012FC7BFA2FFD0A006DFF6E
:10EE200016043E059202E8FF9A00F0FF5F00000022
:10EE3000000090FB87FA37FD0A006DFFD7043A0502
:10EE40008E02EAFF9A00F0FF5F00000000002CFB3A
:10EE5000CFFA39FD09006EFF0A0502058C02EBFFAF
:10EE60009A00F0FF5F0000000000DCFAD3FA33FDE7
:10EE700006006EFF5005F9048E02EEFF9A00F0FFC7
:10EE80005F0000000000D4FAD4FA35FD06006EFFE2
:10EE90005C05F7048E02EEFF9A00F0FF5F000000B1
:10EEA00000008EFB87FA28FD040068FFEF043B0595
:10EEB0009B02F9FF9E00FAFF6000000000008FFB3C
:10EEC00085FA28FD040068FFEF043B059B02F9FF6B
:10EED0009E00FAFF60000000000098FB81FA28FD08
:10EEE000040069FFEF043B059F02FAFF9E00FAFF52
:10EEF000600000000000E6FB7FFA28FD030068FFC9
:10EF0000EF043B05A102FCFF9D00FAFF600000003A
:10EF10000000AFFC7EFA28FD040060FFEF043C0512
:10EF2000A302FCFF9D00FAFF6000000000005EFDF0
:10EF300088FA2EFD050039FFEE043C05A302FCFF14
:10EF4000A000FAFF60000000000096FDB3FA30FD5B
:10EF50000500F9FEEE043C05A302FDFFA200FAFF46
:10EF600060000000000041FE50FB30FD04006FFE19
:10EF7000EE043C05A302FDFFA200FAFF60000000C2
:10EF8000000040FF4BFC31FD0400EAFDED043D05AF
:10EF9000A302FDFF9B00FAFF600000000000DFFFFE
:10EFA00094FD2DFD0400E0FDEC043D05A302FCFFF3
:10EFB0009A00FAFF600000000000F5FFD9FD26FD71
:10EFC0000300E6FDEC043D05A302FBFF9A00FAFFF7
:10EFD0006000000000000A0005FD26FD030028FE79
:10EFE000EB043C05A302FEFF9C00FAFF600000005A
:10EFF00000000B0001FC26FD02005DFFEB043B0559
:10F00000A30200009D00FAFF6000000000000B005A
:10F01000ECFB26FD0200A4FFEB043B05A30200006D
:10F020009E00FAFF6000000000000A00EEFB26FDD3
:10F030000200A4FFEB043B05A202FFFF9E00FAFFC3
:10F040006000000000000900F0FB27FD0300A3FFA3
:10F05000EC043B05A202FEFF9E00FAFF60000000E8
:10F0600000000900F0FB27FD04008DFFED043B05C7
:10F07000A102FCFF9E00FAFF6000000000000500F6
:10F08000F0FB27FD04006FFFED043B05A102FBFF31
:10F090009D00FAFF6000000000000500F0FB28FD65
:10F0A00004006FFFED043B05A102FBFF9D00FAFF8A
:10F0B0006000000000000500F0FB28FD04006FFF69
:10F0C000ED043B05A102FBFF9D00FAFF600000007C
:10F0D00000000500F0FB28FD04006FFFED043B0578
:10F0E000A102FBFF9D00FAFF600000000000050088
:10F0F000F0FB28FD04006FFFED043B05A102FBFFC0
:10F100009D00FAFF6000000000000500F0FB28FDF4
:10F1100004006FFFED043B05A102FBFF9D00FAFF19
:10F120006000000000000500F0FB28FD04006FFFF8
:10F13000ED043B05A102FBFF9D00FAFF600000000B
:10F1400000000500F0FB28FD04006FFFED043B0507
:10F15000A102FBFF9D00FAFF600000000000050017
:10F16000F0FB28FD04006FFFED043B05A102FBFF4F
:10F170009D00FAFF6000000000000500F0FB28FD84
:10F1800004006FFFED043B05A102FBFF9D00FAFFA9
:10F190006000000000000500F0FB28FD04006FFF88
:10F1A000ED043B05A102FBFF9D00FAFF600000009B
:10F1B00000000500F0FB28FD04006FFFED043B0597
:10F1C000A102FBFF9D00FAFF600000000000B2FA00
:10F1D0009EFAABFE01006DFFEF043A059B02FFFFB4
:10F1E0009E00FFFFB60000000000B2FA9EFAABFEE0
:10F1F00001006DFFEF043A059B02FFFF9E00FFFF39
:10F20000B60000000000B2FA9EFAABFE02006DFFED
:10F21000EF043A059B02FFFF9E00FFFFB6000000CF
:10F220000000B2FA9EFAABFE03006DFFEF043A0550
:10F230009B02FFFF9E00FFFFB60000000000B2FA35
:10F240009EFAABFE08006CFFEF043A059B02FFFF3D
:10F250009F00FFFFB60000000000B2FA9EFAABFE6E
:10F26000760072FFEF043A059B02FFFF9F00FFFF4D
:10F27000B60000000000B1FA9EFAABFE490073FF31
:10F28000EF043A059B02FEFFA100FFFFB60000005D
:10F290000000B1FA9EFAABFEFFFF6DFFEF043A05E6
:10F2A0009B02CEFFAA00FFFFB60000000000B1FAEB
:10F2B0009EFAABFE03006CFFEF043A059B0262FF6F
:10F2C000A400FFFFB60000000000B1FA9EFAABFEFA
:10F2D000420060FFEF043A059B02B1FFA800FFFF68
:10F2E000B60000000000B1FA9EFAABFEB0006EFF5F
:10F2F000EF043A059B02EFFFAA00FFFFB6000000F3
:10F300000000B1FA9EFAABFE6E006EFFEF043A0504
:10F310009B02E8FFB600FFFFB60000000000B1FA54
:10F320009EFAABFE000063FFEF043A059B027CFFF0
:10F33000BC00FFFFB60000000000B1FA9EFAABFE71
:10F340000A0063FFEF043A059B025BFFB400FFFF76
:10F35000B60000000000B1FA9EFAABFE8B0061FF20
:10F36000EF043A059B02D2FFBD00FFFFB60000008C
:10F370000000B1FA9EFAABFEAD0073FFEF043A0550
:10F380009B02E8FFBC00FFFFB60000000000B1FADE
:10F390009EFAABFE30006BFFEF043A059B02E3FFE1
:10F3A000BD00FFFFB60000000000B1FA9EFAABFE00
:10F3B000010069FFEF043A059B0281FFBB00FFFFDC
:10F3C000B60000000000B1FA9EFAABFE090069FF2A
:10F3D000EF043A059B0261FFB300FFFFB600000097
:10F3E0000000B1FA9EFAABFE6D006FFFEF043A0524
:10F3F0009B02DEFFB900FFFFB60000000000B1FA7B
:10F400009EFAABFE840070FFEF043A059B02EDFF0D
:10F41000BA00FFFFB60000000000B1FA9EFAABFE92
:10F42000140069FFEF043A059B02C7FFBC00FFFF11
:10F43000B60000000000B1FA9EFAABFE020052FFD7
:10F44000EF043A059B0259FFBB00FFFFB600000026
:10F450000000B1FA9EFAABFE190052FFEF043A0524
:10F460009B0276FFB300FFFFB60000000000B1FA78
:10F470009EFAABFE8F0070FFEF043A059B02EEFF91
:10F48000BA00FFFFB60000000000B1FA9EFAABFE22
:10F49000910074FFEF043A059B02EBFFBC00FFFFF5
:10F4A000B60000000000B1FA9EFAABFE000064FF57
:10F4B000EF043A059B028DFFB600FFFFB600000087
:10F4C0000000B1FA9EFAABFE08004FFFEF043A05C8
:10F4D0009B024DFFB400FFFFB60000000000B1FA30
:10F4E0009EFAABFE48005CFFEF043A059B02C3FFA7
:10F4F000B600FFFFB60000000000B1FA9EFAABFEB6
:10F50000360063FFEF043A059B02EBFFB500FFFFF7
:10F51000B600000048454C4C4F3A2074686973208F
:10F5200069732041505032210D0A006D7954617386
:10F530006B3035005461736B4D6964005461736BBB
:10F54000486967680064656661756C745461736BC3
:10F55000005461736B4C6F770049444C45007D7DCE
:10F560002C0D0A007B0D0A007D0D0A0025642C205D
:10F570000025642000202020207B202E73657276D9
:10F580006F416E676C6573203D207B005B7B22546E
:10F59000797065223A2248656164222C22416E67A7
:10F5A0006C6558223A222564222C22416E676C65D4
:10F5B00059223A222564227D5D0066616C736500E4
:10F5C00074727565007B2256223A2225642E2564CA
:10F5D0002E2564227D007B226D6F6465223A2564AE
:10F5E0002C2262617474657279223A25642C22633C
:10F5F00068617267696E67223A25732C22657272A0
:10F600006F72223A25642C22706F7365223A25644A
:10F610002C2274656D7031223A25642C2274656D3C
:10F620007032223A25642C226572726F7232223A4D
:10F6300025647D007B2248656164223A25642C2282
:10F64000426F6479223A25642C224368696E223A1B
:10F6500025642C224841223A25642C224842223A31
:10F6600025647D00B0F71108000000241039000067
:10F67000D402100870F9110810390024705D0200DE
:10F68000300310081C00000043000000F8FFFFFFDB
:10F690000C0000000E0000000F0000002E00000013
:10F6A0001001000043000000F8FFFFFF0040404051
:10F6B0004040404040404141414141404040404045
:10F6C00040404040404040404040404040050202F1
:10F6D00002020202020202020202020202202020B0
:10F6E000202020202020200202020202020290900C
:10F6F000909090901010101010101010101010100A
:10F70000101010101010101002020202020288885D
:10F710008888888808080808080808080808080869
:10F720000808080808080808020202024000000051
:10F7300000000000000000000000000000000000C9
:10F7400000000000000000000000000000000000B9
:10F7500000000000000000000000000000000000A9
:10F760000000000000000000000000000000000099
:10F770000000000000000000000000000000000089
:10F780000000000000000000000000000000000079
:10F790000000000000000000000000000000000069
:10F7A0000000000000000000000000000000000059
:10F7B000231B013221155092110842320354FA459D
:10F7C0001967511A020932220B65C8977022033259
:10F7D0002A1B409D702A1D090A5C9C702202322956
:10F7E0001B6CA0700A641E7032280B68B4A37032C0
:10F7F000201BFCA67042320A5BFA701A017029D7EE
:10F800001B74AC7029E90B5C80BB70220332181B9F
:10F81000D4B07029790B5C409C701909321A0B68BE
:10F820001CB47032140B6864B77032150B68ACBA34
:10F830007032170B68F4BD7032160B683CC1703221
:10F840001B0B6884C47032190B68CCC77032231B41
:10F8500014CB7042320A5BFA70230302321F1B8CF6
:10F86000D07029790B5C80BB701909320F1B60D4F2
:10F8700070421E3A7A703210CBA8D714013C19D7C7
:10F8800049702203320A5BF0DA5C0B5C409CE019A1
:10F8900070320B0B6838DE70320C0B6880E170320E
:10F8A000110B68C8E47032120B6810E87032130B49
:10F8B0006858EB70320E1BA0EE700A641D70320D9A
:10F8C0000B68CCF1E0390C2C90D0030429736A0149
:10F8D0001D01FF01FF01FF01FF01FF01FF01FF010A
:10F8E000FF01CD03FFFA4401FF01FF01FF01FF010A
:10F8F000FF01FF01FF01FF01FF01FF01FF01FF0108
:10F90000FF01FF01FF01FF01FF01FF01FF01FF01F7
:10F91000FF01FF01FF01FF01FF01FF01FF01FF01E7
:10F92000FF01FF01FF01FF01FF01FF01FF0180B2A5
:10F93000014B42420F10122B2B2B2F30312D353A19
:10F940003738494BA71D010112AA0A1DAA0121102F
:10F950000D803F0AD7233CCDCCCC3DE4071424785E
:10F960000B2A244D290432104924210000000000F4
:040000050810029944
:00000001FF
